ticker,company,exchange,market_cap,pass_market_cap_filter,universe_timestamp
AACB,Artius II Acquisition Inc.,NASDAQ,293078240.0,False,2026-10-04 09:08:42
AACG,ATA Creativity Global,NASDAQ,33270354.0,False,2026-10-04 09:08:42
AACI,Armada Acquisition Corp. III,NASDAQ,342340128.0,False,2026-10-04 09:08:42
AAL,"American Airlines Group, Inc.",NASDAQ,8565890560.0,True,2026-10-04 09:08:42
AAME,Atlantic American Corporation,NASDAQ,25904480.0,False,2026-10-04 09:08:42
AAOI,"Applied Optoelectronics, Inc.",NASDAQ,9814317056.0,True,2026-10-04 09:08:42
AAON,"AAON, Inc.",NASDAQ,6865914368.0,True,2026-10-04 09:08:42
AAPG,Ascentage Pharma Group International,NASDAQ,1434921088.0,True,2026-10-04 09:08:42
AAPL,Apple Inc.,NASDAQ,4869931925504.0,True,2026-10-04 09:08:42
AARD,"Aardvark Therapeutics, Inc.",NASDAQ,109205376.0,False,2026-10-04 09:08:42
ABAT,American Battery Technology Company,NASDAQ,312245312.0,False,2026-10-04 09:08:42
ABCL,AbCellera Biologics Inc.,NASDAQ,4452410880.0,True,2026-10-04 09:08:42
ABEO,Abeona Therapeutics Inc.,NASDAQ,287635616.0,False,2026-10-04 09:08:42
ABLV,Able View Global Inc.,NASDAQ,132529984.0,False,2026-10-04 09:08:42
ABNB,"Airbnb, Inc.",NASDAQ,97260748800.0,True,2026-10-04 09:08:42
ABOS,"Acumen Pharmaceuticals, Inc.",NASDAQ,147527264.0,False,2026-10-04 09:08:42
ABSI,Absci Corporation,NASDAQ,1899767168.0,True,2026-10-04 09:08:42
ABTC,American Bitcoin Corp.,NASDAQ,1036685760.0,True,2026-10-04 09:08:42
ABTS,Abits Group Inc,NASDAQ,3800116.0,False,2026-10-04 09:08:42
ABUS,Arbutus Biopharma Corporation,NASDAQ,881570496.0,True,2026-10-04 09:08:42
ABVC,"ABVC BioPharma, Inc.",NASDAQ,26961420.0,False,2026-10-04 09:08:42
ABVE,Above Food Ingredients Inc.,NASDAQ,,False,2026-10-04 09:08:42
ABVX,Abivax SA,NASDAQ,8105779200.0,True,2026-10-04 09:08:42
ACB,Aurora Cannabis Inc.,NASDAQ,248175440.0,False,2026-10-04 09:08:42
ACCL,Acco Group Holdings Limited,NASDAQ,36269740.0,False,2026-10-04 09:08:42
ACDC,ProFrac Holding Corp.,NASDAQ,834122240.0,True,2026-10-04 09:08:42
ACET,"Adicet Bio, Inc.",NASDAQ,60849684.0,False,2026-10-04 09:08:42
ACFN,"Acorn Energy, Inc.",NASDAQ,48210260.0,False,2026-10-04 09:08:42
ACGL,Arch Capital Group Ltd.,NASDAQ,31917598720.0,True,2026-10-04 09:08:42
ACGLN,Arch Capital Group Ltd.,NASDAQ,,False,2026-10-04 09:08:42
ACGLO,Arch Capital Group Ltd.,NASDAQ,,False,2026-10-04 09:08:42
ACHC,"Acadia Healthcare Company, Inc.",NASDAQ,2612393472.0,True,2026-10-04 09:08:42
ACIC,American Coastal Insurance Corporation,NASDAQ,441024576.0,False,2026-10-04 09:08:42
ACIW,"ACI Worldwide, Inc.",NASDAQ,5062905344.0,True,2026-10-04 09:08:42
ACLS,"Axcelis Technologies, Inc.",NASDAQ,4563357696.0,True,2026-10-04 09:08:42
ACLX,"Arcellx, Inc.",NASDAQ,,False,2026-10-04 09:08:42
ACMR,"ACM Research, Inc.",NASDAQ,5807350272.0,True,2026-10-04 09:08:42
ACNB,ACNB Corporation,NASDAQ,651324160.0,True,2026-10-04 09:08:42
ACNT,Ascent Industries Co.,NASDAQ,124456224.0,False,2026-10-04 09:08:42
ACOG,Alpha Cognition Inc.,NASDAQ,198178608.0,False,2026-10-04 09:08:42
ACON,"Aclarion, Inc.",NASDAQ,6860043.0,False,2026-10-04 09:08:42
ACRV,"Acrivon Therapeutics, Inc.",NASDAQ,85278184.0,False,2026-10-04 09:08:42
ACT,"Enact Holdings, Inc.",NASDAQ,6222510592.0,True,2026-10-04 09:08:42
ACTG,Acacia Research Corporation,NASDAQ,423526752.0,False,2026-10-04 09:08:42
ACTU,"Actuate Therapeutics, Inc.",NASDAQ,19667632.0,False,2026-10-04 09:08:42
ACXP,"Acurx Pharmaceuticals, Inc.",NASDAQ,5458127.0,False,2026-10-04 09:08:42
ADAC,American Drive Acquisition Company,NASDAQ,291812480.0,False,2026-10-04 09:08:42
ADAG,Adagene Inc.,NASDAQ,191358528.0,False,2026-10-04 09:08:42
ADAM,"Adamas Trust, Inc.",NASDAQ,701961088.0,True,2026-10-04 09:08:42
ADAMG,"Adamas Trust, Inc.",NASDAQ,,False,2026-10-04 09:08:42
ADAMH,"Adamas Trust, Inc.",NASDAQ,,False,2026-10-04 09:08:42
ADAML,"Adamas Trust, Inc.",NASDAQ,,False,2026-10-04 09:08:42
ADAMM,"Adamas Trust, Inc.",NASDAQ,,False,2026-10-04 09:08:42
ADAMN,"Adamas Trust, Inc.",NASDAQ,,False,2026-10-04 09:08:42
ADAMO,"Adamas Trust, Inc.",NASDAQ,,False,2026-10-04 09:08:42
ADAMZ,"Adamas Trust, Inc.",NASDAQ,,False,2026-10-04 09:08:42
ADBE,Adobe Inc.,NASDAQ,94481776640.0,True,2026-10-04 09:08:42
ADEA,Adeia Inc.,NASDAQ,2838611200.0,True,2026-10-04 09:08:42
ADGM,"Adagio Medical Holdings, Inc",NASDAQ,4162686.0,False,2026-10-04 09:08:42
ADI,"Analog Devices, Inc.",NASDAQ,202136485888.0,True,2026-10-04 09:08:42
ADP,"Automatic Data Processing, Inc.",NASDAQ,102106095616.0,True,2026-10-04 09:08:42
ADPT,Adaptive Biotechnologies Corporation,NASDAQ,4524541952.0,True,2026-10-04 09:08:42
ADVB,Advanced Biomed Inc.,NASDAQ,11118855.0,False,2026-10-04 09:08:42
ADXN,Addex Therapeutics Ltd,NASDAQ,5379975.0,False,2026-10-04 09:08:42
AEAQ,Activate Energy Acquisition Corp.,NASDAQ,315621600.0,False,2026-10-04 09:08:42
AEBI,Aebi Schmidt Holding AG,NASDAQ,846651392.0,True,2026-10-04 09:08:42
AEC,Anfield Energy Inc.,NASDAQ,68627920.0,False,2026-10-04 09:08:42
AEHL,Antelope Enterprise Holdings Limited,NASDAQ,190148560.0,False,2026-10-04 09:08:42
AEHR,Aehr Test Systems,NASDAQ,3501430016.0,True,2026-10-04 09:08:42
AEI,Alset Inc.,NASDAQ,28841260.0,False,2026-10-04 09:08:42
AEMD,"Aethlon Medical, Inc.",NASDAQ,4586827.0,False,2026-10-04 09:08:42
AENT,Alliance Entertainment Holding Corporation,NASDAQ,228798576.0,False,2026-10-04 09:08:42
AEP,"American Electric Power Company, Inc.",NASDAQ,65093595136.0,True,2026-10-04 09:08:42
AERT,"Aeries Technology, Inc.",NASDAQ,39962388.0,False,2026-10-04 09:08:42
AEVA,"Aeva Technologies, Inc.",NASDAQ,1028857024.0,True,2026-10-04 09:08:42
AEYE,"AudioEye, Inc.",NASDAQ,86982144.0,False,2026-10-04 09:08:42
AFBI,"Affinity Bancshares, Inc.",NASDAQ,140182352.0,False,2026-10-04 09:08:42
AFRI,Forafric Global PLC,NASDAQ,303073280.0,False,2026-10-04 09:08:42
AFRM,"Affirm Holdings, Inc.",NASDAQ,23879301120.0,True,2026-10-04 09:08:42
AFYA,Afya Limited,NASDAQ,1081203840.0,True,2026-10-04 09:08:42
AGAE,Allied Gaming & Entertainment Inc.,NASDAQ,,False,2026-10-04 09:08:42
AGCC,Agencia Comercial Spirits Ltd,NASDAQ,341797504.0,False,2026-10-04 09:08:42
AGH,Aureus Greenway Holdings Inc.,NASDAQ,,False,2026-10-04 09:08:42
AGIO,"Agios Pharmaceuticals, Inc.",NASDAQ,1898519680.0,True,2026-10-04 09:08:42
AGMH,AGM Group Holdings Inc.,NASDAQ,2517822.0,False,2026-10-04 09:08:42
AGNC,AGNC Investment Corp.,NASDAQ,10420381696.0,True,2026-10-04 09:08:42
AGNCL,AGNC Investment Corp.,NASDAQ,,False,2026-10-04 09:08:42
AGNCM,AGNC Investment Corp.,NASDAQ,,False,2026-10-04 09:08:42
AGNCN,AGNC Investment Corp.,NASDAQ,,False,2026-10-04 09:08:42
AGNCZ,AGNC Investment Corp.,NASDAQ,,False,2026-10-04 09:08:42
AGPU,Axe Compute Inc.,NASDAQ,140020784.0,False,2026-10-04 09:08:42
AGYS,"Agilysys, Inc.",NASDAQ,2799706624.0,True,2026-10-04 09:08:42
AHCO,AdaptHealth Corp.,NASDAQ,761903168.0,True,2026-10-04 09:08:42
AHG,Akso Health Group,NASDAQ,985209792.0,True,2026-10-04 09:08:42
AHMA,Ambitions Enterprise Management Co. L.L.C,NASDAQ,39237000.0,False,2026-10-04 09:08:42
AIDX,"20/20 Biolabs, Inc.",NASDAQ,4852715.0,False,2026-10-04 09:08:42
AIFF,"Firefly Neuroscience, Inc.",NASDAQ,21338830.0,False,2026-10-04 09:08:42
AIFU,AIFU Inc.,NASDAQ,60561148.0,False,2026-10-04 09:08:42
AIHS,Senmiao Technology Limited,NASDAQ,25621180.0,False,2026-10-04 09:08:42
AIIO,Robo.ai Inc.,NASDAQ,141652336.0,False,2026-10-04 09:08:42
AIMD,"Ainos, Inc.",NASDAQ,9990651.0,False,2026-10-04 09:08:42
AIOS,AIOS Tech Inc.,NASDAQ,36676800.0,False,2026-10-04 09:08:42
AIOT,"PowerFleet, Inc.",NASDAQ,377174816.0,False,2026-10-04 09:08:42
AIP,"Arteris, Inc.",NASDAQ,1212090880.0,True,2026-10-04 09:08:42
AIRT,"Air T, Inc.",NASDAQ,80355968.0,False,2026-10-04 09:08:42
AISP,"Airship AI Holdings, Inc",NASDAQ,73011864.0,False,2026-10-04 09:08:42
AIXI,XIAO-I Corporation,NASDAQ,238038.0,False,2026-10-04 09:08:42
AKAM,"Akamai Technologies, Inc.",NASDAQ,15653612544.0,True,2026-10-04 09:08:42
AKAN,Akanda Corp.,NASDAQ,5226144.0,False,2026-10-04 09:08:42
AKBA,"Akebia Therapeutics, Inc.",NASDAQ,239696896.0,False,2026-10-04 09:08:42
AKTS,"Aktis Oncology, Inc.",NASDAQ,1030073152.0,True,2026-10-04 09:08:42
AKTX,Akari Therapeutics Plc,NASDAQ,19926640.0,False,2026-10-04 09:08:42
ALAB,"Astera Labs, Inc.",NASDAQ,60777033728.0,True,2026-10-04 09:08:42
ALAR,Alarum Technologies Ltd.,NASDAQ,12786957.0,False,2026-10-04 09:08:42
ALBT,Avalon GloboCare Corp.,NASDAQ,,False,2026-10-04 09:08:42
ALCO,"Alico, Inc.",NASDAQ,284205088.0,False,2026-10-04 09:08:42
ALDF,Aldel Financial II Inc.,NASDAQ,323177056.0,False,2026-10-04 09:08:42
ALDX,"Aldeyra Therapeutics, Inc.",NASDAQ,70581912.0,False,2026-10-04 09:08:42
ALEC,"Alector, Inc.",NASDAQ,202099024.0,False,2026-10-04 09:08:42
ALF,Centurion Acquisition Corp.,NASDAQ,392437504.0,False,2026-10-04 09:08:42
ALGM,"Allegro MicroSystems, Inc.",NASDAQ,7368472576.0,True,2026-10-04 09:08:42
ALGN,"Align Technology, Inc.",NASDAQ,10211269632.0,True,2026-10-04 09:08:42
ALGT,Allegiant Travel Company,NASDAQ,2121683200.0,True,2026-10-04 09:08:42
ALHC,"Alignment Healthcare, Inc.",NASDAQ,1647035136.0,True,2026-10-04 09:08:42
ALIS,Calisa Acquisition Corp,NASDAQ,87055232.0,False,2026-10-04 09:08:42
ALKS,Alkermes plc,NASDAQ,7004116480.0,True,2026-10-04 09:08:42
ALLO,"Allogene Therapeutics, Inc.",NASDAQ,518236320.0,True,2026-10-04 09:08:42
ALLR,"Allarity Therapeutics, Inc.",NASDAQ,16547152.0,False,2026-10-04 09:08:42
ALLT,Allot Ltd.,NASDAQ,415625120.0,False,2026-10-04 09:08:42
ALM,Almonty Industries Inc.,NASDAQ,3802140672.0,True,2026-10-04 09:08:42
ALMS,Alumis Inc.,NASDAQ,886631360.0,True,2026-10-04 09:08:42
ALMU,"Aeluma, Inc.",NASDAQ,253411808.0,False,2026-10-04 09:08:42
ALNT,Allient Inc.,NASDAQ,2011397248.0,True,2026-10-04 09:08:42
ALNY,"Alnylam Pharmaceuticals, Inc.",NASDAQ,29400539136.0,True,2026-10-04 09:08:42
ALOT,"AstroNova, Inc.",NASDAQ,227316416.0,False,2026-10-04 09:08:42
ALOV,"Aldabra 4 Liquidity Opportunity Vehicle, Inc.",NASDAQ,375941632.0,False,2026-10-04 09:08:42
ALOY,REalloys Inc.,NASDAQ,563681664.0,True,2026-10-04 09:08:42
ALRS,Alerus Financial Corporation,NASDAQ,814382208.0,True,2026-10-04 09:08:42
ALTO,"Alto Ingredients, Inc.",NASDAQ,292433120.0,False,2026-10-04 09:08:42
ALTS,ALT5 Sigma Corporation,NASDAQ,,False,2026-10-04 09:08:42
ALVO,Alvotech,NASDAQ,1944652672.0,True,2026-10-04 09:08:42
ALZN,"Alzamend Neuro, Inc.",NASDAQ,6611240.0,False,2026-10-04 09:08:42
AMAL,Amalgamated Financial Corp.,NASDAQ,1440888064.0,True,2026-10-04 09:08:42
AMAT,"Applied Materials, Inc.",NASDAQ,428574343168.0,True,2026-10-04 09:08:42
AMBA,"Ambarella, Inc.",NASDAQ,3030277888.0,True,2026-10-04 09:08:42
AMBR,Amber International Holding Limited,NASDAQ,170638192.0,False,2026-10-04 09:08:42
AMCI,AMC Robotics Corporation,NASDAQ,71907880.0,False,2026-10-04 09:08:42
AMCX,AMC Networks Inc.,NASDAQ,460349696.0,False,2026-10-04 09:08:42
AMIX,"Autonomix Medical, Inc.",NASDAQ,7408565.0,False,2026-10-04 09:08:42
AMKR,"Amkor Technology, Inc.",NASDAQ,13885817856.0,True,2026-10-04 09:08:42
AMLX,"Amylyx Pharmaceuticals, Inc.",NASDAQ,3546741760.0,True,2026-10-04 09:08:42
AMOD,"Alpha Modus Holdings, Inc.",NASDAQ,17334194.0,False,2026-10-04 09:08:42
AMPG,"Amplitech Group, Inc.",NASDAQ,91633856.0,False,2026-10-04 09:08:42
AMPGZ,"Amplitech Group, Inc.",NASDAQ,,False,2026-10-04 09:08:42
AMPH,"Amphastar Pharmaceuticals, Inc.",NASDAQ,1081739904.0,True,2026-10-04 09:08:42
AMPL,"Amplitude, Inc.",NASDAQ,1813781248.0,True,2026-10-04 09:08:42
AMRN,Amarin Corporation plc,NASDAQ,258968496.0,False,2026-10-04 09:08:42
AMRX,"Amneal Pharmaceuticals, Inc.",NASDAQ,7070409216.0,True,2026-10-04 09:08:42
AMSC,American Superconductor Corporation,NASDAQ,1453748736.0,True,2026-10-04 09:08:42
AMTX,"Aemetis, Inc",NASDAQ,124131704.0,False,2026-10-04 09:08:42
AMWD,American Woodmark Corporation,NASDAQ,,False,2026-10-04 09:08:42
AMZN,"Amazon.com, Inc.",NASDAQ,2712973606912.0,True,2026-10-04 09:08:42
ANAB,"AnaptysBio, Inc.",NASDAQ,1450816128.0,True,2026-10-04 09:08:42
ANDE,"The Andersons, Inc.",NASDAQ,2306140672.0,True,2026-10-04 09:08:42
ANGH,Anghami Inc.,NASDAQ,33773660.0,False,2026-10-04 09:08:42
ANGI,Angi Inc.,NASDAQ,244710512.0,False,2026-10-04 09:08:42
ANGO,"AngioDynamics, Inc.",NASDAQ,635442688.0,True,2026-10-04 09:08:42
ANIK,Anika Therapeutics Inc.,NASDAQ,255614656.0,False,2026-10-04 09:08:42
ANIX,"Anixa Biosciences, Inc.",NASDAQ,102553208.0,False,2026-10-04 09:08:42
ANL,Adlai Nortye Ltd.,NASDAQ,971764864.0,True,2026-10-04 09:08:42
ANNA,"AleAnna, Inc.",NASDAQ,109309800.0,False,2026-10-04 09:08:42
ANNX,"Annexon, Inc.",NASDAQ,794336576.0,True,2026-10-04 09:08:42
ANPA,Rich Sparkle Holdings Limited,NASDAQ,29750458.0,False,2026-10-04 09:08:42
ANSC,Agriculture & Natural Solutions Acquisition Corporation,NASDAQ,476131328.0,False,2026-10-04 09:08:42
ANTA,Antalpha Platform Holding Company,NASDAQ,55713276.0,False,2026-10-04 09:08:42
ANTX,"AN2 Therapeutics, Inc.",NASDAQ,215473904.0,False,2026-10-04 09:08:42
ANY,Sphere 3D Corp.,NASDAQ,30544110.0,False,2026-10-04 09:08:42
AOSL,Alpha and Omega Semiconductor Limited,NASDAQ,916425344.0,True,2026-10-04 09:08:42
AOUT,"American Outdoor Brands, Inc.",NASDAQ,206357040.0,False,2026-10-04 09:08:42
APA,APA Corporation,NASDAQ,15303354368.0,True,2026-10-04 09:08:42
APAC,StoneBridge Acquisition II Corporation,NASDAQ,82677784.0,False,2026-10-04 09:08:42
APEI,"American Public Education, Inc.",NASDAQ,800326528.0,True,2026-10-04 09:08:42
APGE,"Apogee Therapeutics, Inc.",NASDAQ,10223142912.0,True,2026-10-04 09:08:42
API,"Agora, Inc.",NASDAQ,344963104.0,False,2026-10-04 09:08:42
APLD,Applied Digital Corporation,NASDAQ,7592939008.0,True,2026-10-04 09:08:42
APLM,Apollomics Inc.,NASDAQ,67819576.0,False,2026-10-04 09:08:42
APLS,"Apellis Pharmaceuticals, Inc.",NASDAQ,,False,2026-10-04 09:08:42
APM,Aptorum Group Limited,NASDAQ,,False,2026-10-04 09:08:42
APOG,"Apogee Enterprises, Inc.",NASDAQ,743224320.0,True,2026-10-04 09:08:42
APP,Applovin Corporation,NASDAQ,89759965184.0,True,2026-10-04 09:08:42
APPF,"AppFolio, Inc.",NASDAQ,7188587008.0,True,2026-10-04 09:08:42
APPN,Appian Corporation,NASDAQ,2627300352.0,True,2026-10-04 09:08:42
APPS,"Digital Turbine, Inc.",NASDAQ,1351751552.0,True,2026-10-04 09:08:42
APRE,"Aprea Therapeutics, Inc.",NASDAQ,8750839.0,False,2026-10-04 09:08:42
APVO,Aptevo Therapeutics Inc.,NASDAQ,3185978.0,False,2026-10-04 09:08:42
APWC,Asia Pacific Wire & Cable Corporation Limited,NASDAQ,54426844.0,False,2026-10-04 09:08:42
APXT,Apex Treasury Corporation,NASDAQ,466493984.0,False,2026-10-04 09:08:42
APYX,Apyx Medical Corporation,NASDAQ,107416256.0,False,2026-10-04 09:08:42
AQMS,"Aqua Metals, Inc.",NASDAQ,8303027.0,False,2026-10-04 09:08:42
ARAI,Arrive AI Inc.,NASDAQ,11179323.0,False,2026-10-04 09:08:42
ARAY,Accuray Incorporated,NASDAQ,33562444.0,False,2026-10-04 09:08:42
ARBB,ARB IOT Group Limited,NASDAQ,7825026.0,False,2026-10-04 09:08:42
ARBE,Arbe Robotics Ltd.,NASDAQ,78558232.0,False,2026-10-04 09:08:42
ARBK,Argo Blockchain plc,NASDAQ,32928518.0,False,2026-10-04 09:08:42
ARCC,Ares Capital Corporation,NASDAQ,13541911552.0,True,2026-10-04 09:08:42
ARCI,Archimedes Tech SPAC Partners III Co.,NASDAQ,355440960.0,False,2026-10-04 09:08:42
ARDX,"Ardelyx, Inc.",NASDAQ,862346432.0,True,2026-10-04 09:08:42
AREB,"American Rebel Holdings, Inc.",NASDAQ,3646407.0,False,2026-10-04 09:08:42
AREC,American Resources Corporation,NASDAQ,191478576.0,False,2026-10-04 09:08:42
ARGX,argenx SE,NASDAQ,57506689024.0,True,2026-10-04 09:08:42
ARHS,"Arhaus, Inc.",NASDAQ,1451537664.0,True,2026-10-04 09:08:42
ARKO,ARKO Corp.,NASDAQ,467814464.0,False,2026-10-04 09:08:42
ARKR,Ark Restaurants Corp.,NASDAQ,16227706.0,False,2026-10-04 09:08:42
ARLP,"Alliance Resource Partners, L.P.",NASDAQ,3156000512.0,True,2026-10-04 09:08:42
ARM,Arm Holdings plc,NASDAQ,328398864384.0,True,2026-10-04 09:08:42
ARQQ,Arqit Quantum Inc.,NASDAQ,428447392.0,False,2026-10-04 09:08:42
ARRY,"Array Technologies, Inc.",NASDAQ,628351360.0,True,2026-10-04 09:08:42
ARTC,Art Technology Acquisition Corp.,NASDAQ,,False,2026-10-04 09:08:42
ARTL,"Artelo Biosciences, Inc.",NASDAQ,2015808.0,False,2026-10-04 09:08:42
ARTNA,Artesian Resources Corporation,NASDAQ,347197792.0,False,2026-10-04 09:08:42
ARTW,"Art's-Way Manufacturing Co., Inc.",NASDAQ,16254331.0,False,2026-10-04 09:08:42
ARVN,"Arvinas, Inc.",NASDAQ,484511680.0,False,2026-10-04 09:08:42
ARWR,"Arrowhead Pharmaceuticals, Inc.",NASDAQ,9041612800.0,True,2026-10-04 09:08:42
ASBP,"Aspire Biopharma Holdings, Inc.",NASDAQ,12314450.0,False,2026-10-04 09:08:42
ASLE,AerSale Corporation,NASDAQ,240542896.0,False,2026-10-04 09:08:42
ASMB,"Assembly Biosciences, Inc.",NASDAQ,458927840.0,False,2026-10-04 09:08:42
ASML,ASML Holding N.V.,NASDAQ,717233782784.0,True,2026-10-04 09:08:42
ASND,Ascendis Pharma A/S,NASDAQ,14994674688.0,True,2026-10-04 09:08:42
ASNS,"Actelis Networks, Inc.",NASDAQ,1441879.0,False,2026-10-04 09:08:42
ASO,"Academy Sports and Outdoors, Inc.",NASDAQ,3000739328.0,True,2026-10-04 09:08:42
ASPC,A SPAC III Acquisition Corp.,NASDAQ,25308988.0,False,2026-10-04 09:08:42
ASPI,ASP Isotopes Inc.,NASDAQ,446130304.0,False,2026-10-04 09:08:42
ASPS,Altisource Portfolio Solutions S.A.,NASDAQ,72746712.0,False,2026-10-04 09:08:42
ASPSZ,Altisource Portfolio Solutions S.A.,NASDAQ,,False,2026-10-04 09:08:42
ASRT,"Assertio Holdings, Inc.",NASDAQ,151861232.0,False,2026-10-04 09:08:42
ASRV,AmeriServ Financial Inc.,NASDAQ,78868696.0,False,2026-10-04 09:08:42
ASST,"Strive, Inc.",NASDAQ,2932481280.0,True,2026-10-04 09:08:42
ASTC,Astrotech Corporation,NASDAQ,14183893.0,False,2026-10-04 09:08:42
ASTE,"Astec Industries, Inc.",NASDAQ,967065472.0,True,2026-10-04 09:08:42
ASTI,"Ascent Solar Technologies, Inc",NASDAQ,22675956.0,False,2026-10-04 09:08:42
ASTL,Algoma Steel Group Inc.,NASDAQ,457386624.0,False,2026-10-04 09:08:42
ASTS,"AST SpaceMobile, Inc.",NASDAQ,22746839040.0,True,2026-10-04 09:08:42
ATAI,AtaiBeckley Inc.,NASDAQ,2725855232.0,True,2026-10-04 09:08:42
ATAT,Atour Lifestyle Holdings Limited,NASDAQ,4457878528.0,True,2026-10-04 09:08:42
ATCX,Atlas Critical Minerals Corporation,NASDAQ,14792508.0,False,2026-10-04 09:08:42
ATER,"Aterian, Inc.",NASDAQ,11762936.0,False,2026-10-04 09:08:42
ATEX,Anterix Inc.,NASDAQ,1653693312.0,True,2026-10-04 09:08:42
ATGL,Alpha Technology Group Limited,NASDAQ,85605000.0,False,2026-10-04 09:08:42
ATHE,Alterity Therapeutics Limited,NASDAQ,62818872.0,False,2026-10-04 09:08:42
ATHR,"Aether Holdings, Inc.",NASDAQ,42221304.0,False,2026-10-04 09:08:42
ATLC,Atlanticus Holdings Corporation,NASDAQ,1393974784.0,True,2026-10-04 09:08:42
ATLCL,Atlanticus Holdings Corporation,NASDAQ,,False,2026-10-04 09:08:42
ATLCZ,Atlanticus Holdings Corporation,NASDAQ,,False,2026-10-04 09:08:42
ATLO,Ames National Corporation,NASDAQ,286619648.0,False,2026-10-04 09:08:42
ATLX,Atlas Lithium Corporation,NASDAQ,72540528.0,False,2026-10-04 09:08:42
ATNI,"ATN International, Inc.",NASDAQ,429907680.0,False,2026-10-04 09:08:42
ATOS,"Atossa Therapeutics, Inc.",NASDAQ,23351556.0,False,2026-10-04 09:08:42
ATPC,Agape ATP Corporation,NASDAQ,2062590.0,False,2026-10-04 09:08:42
ATRA,"Atara Biotherapeutics, Inc.",NASDAQ,95157488.0,False,2026-10-04 09:08:42
ATRC,"AtriCure, Inc.",NASDAQ,2804767488.0,True,2026-10-04 09:08:42
ATRO,Astronics Corporation,NASDAQ,2932788224.0,True,2026-10-04 09:08:42
ATXG,Addentax Group Corp.,NASDAQ,3863754.0,False,2026-10-04 09:08:42
ATYR,"aTyr Pharma, Inc.",NASDAQ,28170708.0,False,2026-10-04 09:08:42
AUBN,"Auburn National Bancorporation, Inc.",NASDAQ,94002712.0,False,2026-10-04 09:08:42
AUGO,Aura Minerals Inc.,NASDAQ,6870428672.0,True,2026-10-04 09:08:42
AUID,authID Inc.,NASDAQ,7338556.0,False,2026-10-04 09:08:42
AUPH,Aurinia Pharmaceuticals Inc,NASDAQ,2106199936.0,True,2026-10-04 09:08:42
AUR,"Aurora Innovation, Inc.",NASDAQ,11363560448.0,True,2026-10-04 09:08:42
AURA,"Aura Biosciences, Inc.",NASDAQ,631562304.0,True,2026-10-04 09:08:42
AURE,Aurelion Inc.,NASDAQ,38728000.0,False,2026-10-04 09:08:42
AUTL,Autolus Therapeutics plc,NASDAQ,473769312.0,False,2026-10-04 09:08:42
AUUD,Auddia Inc.,NASDAQ,7021690.0,False,2026-10-04 09:08:42
AVAH,Aveanna Healthcare Holdings Inc.,NASDAQ,2748279808.0,True,2026-10-04 09:08:42
AVBP,"ArriVent BioPharma, Inc.",NASDAQ,1393929472.0,True,2026-10-04 09:08:42
AVGO,Broadcom Inc.,NASDAQ,1695307005952.0,True,2026-10-04 09:08:42
AVO,"Mission Produce, Inc.",NASDAQ,1123160320.0,True,2026-10-04 09:08:42
AVPT,"AvePoint, Inc.",NASDAQ,2976725504.0,True,2026-10-04 09:08:42
AVR,Anteris Technologies Global Corp.,NASDAQ,750508352.0,True,2026-10-04 09:08:42
AVT,"Avnet, Inc.",NASDAQ,8776473600.0,True,2026-10-04 09:08:42
AVTX,"Avalo Therapeutics, Inc.",NASDAQ,803913536.0,True,2026-10-04 09:08:42
AVX,Avax One Technology Ltd.,NASDAQ,45863772.0,False,2026-10-04 09:08:42
AVXL,Anavex Life Sciences Corp.,NASDAQ,168708256.0,False,2026-10-04 09:08:42
AWRE,"Aware, Inc.",NASDAQ,23993900.0,False,2026-10-04 09:08:42
AXGN,"Axogen, Inc.",NASDAQ,2193727744.0,True,2026-10-04 09:08:42
AXIN,Axiom Intelligence Acquisition Corp 1,NASDAQ,351210048.0,False,2026-10-04 09:08:42
AXON,"Axon Enterprise, Inc.",NASDAQ,33579487232.0,True,2026-10-04 09:08:42
AXSM,"Axsome Therapeutics, Inc.",NASDAQ,9389260800.0,True,2026-10-04 09:08:42
AXTI,AXT Inc,NASDAQ,5630771712.0,True,2026-10-04 09:08:42
AYTU,"Aytu BioPharma, Inc.",NASDAQ,22494084.0,False,2026-10-04 09:08:42
AZ,A2Z Cust2Mate Solutions Corp.,NASDAQ,272523840.0,False,2026-10-04 09:08:42
AZI,Autozi Internet Technology (Global) Ltd.,NASDAQ,74975576.0,False,2026-10-04 09:08:42
AZTA,"Azenta, Inc.",NASDAQ,1697575168.0,True,2026-10-04 09:08:42
BACC,Blue Acquisition Corp.,NASDAQ,293323104.0,False,2026-10-04 09:08:42
BANL,CBL International Limited,NASDAQ,9775764.0,False,2026-10-04 09:08:42
BANR,Banner Corporation,NASDAQ,2306895360.0,True,2026-10-04 09:08:42
BANX,ArrowMark Financial Corp.,NASDAQ,193714816.0,False,2026-10-04 09:08:42
BAOS,Baosheng Media Group Holdings Limited,NASDAQ,7828558.0,False,2026-10-04 09:08:42
BATRA,"Atlanta Braves Holdings, Inc.",NASDAQ,3697353984.0,True,2026-10-04 09:08:42
BATRK,"Atlanta Braves Holdings, Inc.",NASDAQ,3338655488.0,True,2026-10-04 09:08:42
BAYA,Bayview Acquisition Corp,NASDAQ,,False,2026-10-04 09:08:42
BBCP,"Concrete Pumping Holdings, Inc.",NASDAQ,496375200.0,False,2026-10-04 09:08:42
BBCQ,Bleichroeder Acquisition Corp. II,NASDAQ,375283328.0,False,2026-10-04 09:08:42
BBGI,"Beasley Broadcast Group, Inc.",NASDAQ,22744480.0,False,2026-10-04 09:08:42
BBIO,"BridgeBio Pharma, Inc.",NASDAQ,13146903552.0,True,2026-10-04 09:08:42
BBLG,Bone Biologics Corp,NASDAQ,1310229.0,False,2026-10-04 09:08:42
BBNX,"Beta Bionics, Inc.",NASDAQ,1022820160.0,True,2026-10-04 09:08:42
BBOT,"BridgeBio Oncology Therapeutics, Inc.",NASDAQ,311877888.0,False,2026-10-04 09:08:42
BBSI,"Barrett Business Services, Inc.",NASDAQ,739415360.0,True,2026-10-04 09:08:42
BCAB,"BioAtla, Inc.",NASDAQ,2182591.0,False,2026-10-04 09:08:42
BCAR,D. Boral ARC Acquisition I Corp.,NASDAQ,194463984.0,False,2026-10-04 09:08:42
BCAX,Bicara Therapeutics Inc.,NASDAQ,1166628864.0,True,2026-10-04 09:08:42
BCBP,"BCB Bancorp, Inc. (NJ)",NASDAQ,261390480.0,False,2026-10-04 09:08:42
BCDA,"BioCardia, Inc.",NASDAQ,15744333.0,False,2026-10-04 09:08:42
BCG,"Binah Capital Group, Inc.",NASDAQ,17230734.0,False,2026-10-04 09:08:42
BCIC,BCP Investment Corporation,NASDAQ,85323360.0,False,2026-10-04 09:08:42
BCML,BayCom Corp,NASDAQ,340598464.0,False,2026-10-04 09:08:42
BCPC,Balchem Corporation,NASDAQ,5309602816.0,True,2026-10-04 09:08:42
BCRX,"BioCryst Pharmaceuticals, Inc.",NASDAQ,2087721856.0,True,2026-10-04 09:08:42
BCTX,BriaCell Therapeutics Corp.,NASDAQ,35147140.0,False,2026-10-04 09:08:42
BCTXL,BriaCell Therapeutics Corp.,NASDAQ,,False,2026-10-04 09:08:42
BCTXZ,BriaCell Therapeutics Corp.,NASDAQ,,False,2026-10-04 09:08:42
BCYC,Bicycle Therapeutics plc,NASDAQ,235961952.0,False,2026-10-04 09:08:42
BDCI,BTC Development Corp.,NASDAQ,352504960.0,False,2026-10-04 09:08:42
BDMD,Baird Medical Investment Holdings Ltd,NASDAQ,24119654.0,False,2026-10-04 09:08:42
BDRX,Biodexa Pharmaceuticals plc,NASDAQ,560430.0,False,2026-10-04 09:08:42
BDSX,"Biodesix, Inc.",NASDAQ,292476992.0,False,2026-10-04 09:08:42
BDTX,"Black Diamond Therapeutics, Inc.",NASDAQ,108587584.0,False,2026-10-04 09:08:42
BEAG,Bold Eagle Acquisition Corp.,NASDAQ,335102592.0,False,2026-10-04 09:08:42
BEAM,Beam Therapeutics Inc.,NASDAQ,2530547712.0,True,2026-10-04 09:08:42
BEAT,"Heartbeam, Inc.",NASDAQ,24489350.0,False,2026-10-04 09:08:42
BELFA,Bel Fuse Inc.,NASDAQ,2662989824.0,True,2026-10-04 09:08:42
BELFB,Bel Fuse Inc.,NASDAQ,3668605184.0,True,2026-10-04 09:08:42
BENF,Beneficient,NASDAQ,22148898.0,False,2026-10-04 09:08:42
BETR,Better Home & Finance Holding Company,NASDAQ,223993264.0,False,2026-10-04 09:08:42
BFC,Bank First Corporation,NASDAQ,1691663744.0,True,2026-10-04 09:08:42
BFRG,"Bullfrog AI Holdings, Inc.",NASDAQ,11449470.0,False,2026-10-04 09:08:42
BFRI,Biofrontera Inc.,NASDAQ,15075144.0,False,2026-10-04 09:08:42
BFST,"Business First Bancshares, Inc.",NASDAQ,1005791424.0,True,2026-10-04 09:08:42
BGL,Blue Gold Limited,NASDAQ,8235988.0,False,2026-10-04 09:08:42
BGM,BGM Group Ltd.,NASDAQ,124727400.0,False,2026-10-04 09:08:42
BGMS,"Bio Green Med Solution, Inc.",NASDAQ,5828058.0,False,2026-10-04 09:08:42
BHF,"Brighthouse Financial, Inc.",NASDAQ,2876728576.0,True,2026-10-04 09:08:42
BHFAL,"Brighthouse Financial, Inc.",NASDAQ,,False,2026-10-04 09:08:42
BHFAM,"Brighthouse Financial, Inc.",NASDAQ,,False,2026-10-04 09:08:42
BHFAO,"Brighthouse Financial, Inc.",NASDAQ,,False,2026-10-04 09:08:42
BHRB,Burke & Herbert Financial Services Corp.,NASDAQ,1410266112.0,True,2026-10-04 09:08:42
BHST,BioHarvest Sciences Inc.,NASDAQ,33321728.0,False,2026-10-04 09:08:42
BIAF,"bioAffinity Technologies, Inc.",NASDAQ,3637456.0,False,2026-10-04 09:08:42
BIDU,"Baidu, Inc.",NASDAQ,28704516096.0,True,2026-10-04 09:08:42
BIIB,Biogen Inc.,NASDAQ,32488151040.0,True,2026-10-04 09:08:42
BILI,Bilibili Inc.,NASDAQ,5948272128.0,True,2026-10-04 09:08:42
BIRD,"Allbirds, Inc.",NASDAQ,39737936.0,False,2026-10-04 09:08:42
BITF,Bitfarms Ltd.,NASDAQ,,False,2026-10-04 09:08:42
BIVI,BioVie Inc.,NASDAQ,12676757.0,False,2026-10-04 09:08:42
BIYA,Baiya International Group Inc.,NASDAQ,10927783.0,False,2026-10-04 09:08:42
BJDX,"Bluejay Diagnostics, Inc.",NASDAQ,865642.0,False,2026-10-04 09:08:42
BKHA,Black Hawk Acquisition Corporation,NASDAQ,51421284.0,False,2026-10-04 09:08:42
BKNG,Booking Holdings Inc.,NASDAQ,123221180416.0,True,2026-10-04 09:08:42
BKR,Baker Hughes Company,NASDAQ,55589748736.0,True,2026-10-04 09:08:42
BKYI,"BIO-key International, Inc.",NASDAQ,3045049.0,False,2026-10-04 09:08:42
BL,"BlackLine, Inc.",NASDAQ,1593213696.0,True,2026-10-04 09:08:42
BLFS,"BioLife Solutions, Inc.",NASDAQ,1824840192.0,True,2026-10-04 09:08:42
BLFY,Blue Foundry Bancorp,NASDAQ,,False,2026-10-04 09:08:42
BLIN,"Bridgeline Digital, Inc.",NASDAQ,10208422.0,False,2026-10-04 09:08:42
BLIV,BeLive Holdings,NASDAQ,24989044.0,False,2026-10-04 09:08:42
BLKB,"Blackbaud, Inc.",NASDAQ,1895490304.0,True,2026-10-04 09:08:42
BLMN,"Bloomin' Brands, Inc.",NASDAQ,726065344.0,True,2026-10-04 09:08:42
BLNE,"Beeline Holdings, Inc.",NASDAQ,28430162.0,False,2026-10-04 09:08:42
BLNK,Blink Charging Co.,NASDAQ,81267144.0,False,2026-10-04 09:08:42
BLRK,Bluerock Acquisition Corp.,NASDAQ,232760000.0,False,2026-10-04 09:08:42
BLRX,BioLineRx Ltd.,NASDAQ,11798371.0,False,2026-10-04 09:08:42
BMEA,"Biomea Fusion, Inc.",NASDAQ,92054496.0,False,2026-10-04 09:08:42
BMGL,Basel Medical Group Ltd,NASDAQ,5189324.0,False,2026-10-04 09:08:42
BMHL,Bluemount Holdings Limited,NASDAQ,114789632.0,False,2026-10-04 09:08:42
BMM,Blue Moon Metals Inc.,NASDAQ,516974560.0,True,2026-10-04 09:08:42
BMR,Beamr Imaging Ltd.,NASDAQ,19567618.0,False,2026-10-04 09:08:42
BMRA,"Biomerica, Inc.",NASDAQ,9850989.0,False,2026-10-04 09:08:42
BNAI,Brand Engagement Network Inc.,NASDAQ,45913540.0,False,2026-10-04 09:08:42
BNC,CEA Industries Inc.,NASDAQ,240867008.0,False,2026-10-04 09:08:42
BNGO,"Bionano Genomics, Inc.",NASDAQ,17429960.0,False,2026-10-04 09:08:42
BNKK,"Bonk, Inc.",NASDAQ,14001645.0,False,2026-10-04 09:08:42
BNR,Burning Rock Biotech Limited,NASDAQ,171378080.0,False,2026-10-04 09:08:42
BNRG,Brenmiller Energy Ltd,NASDAQ,1511269.0,False,2026-10-04 09:08:42
BNTC,Benitec Biopharma Inc.,NASDAQ,313246880.0,False,2026-10-04 09:08:42
BNTX,BioNTech SE,NASDAQ,24341702656.0,True,2026-10-04 09:08:42
BNZI,"Banzai International, Inc.",NASDAQ,6330517.0,False,2026-10-04 09:08:42
BOF,BranchOut Food Inc.,NASDAQ,63250260.0,False,2026-10-04 09:08:42
BOLD,"Boundless Bio, Inc.",NASDAQ,59599716.0,False,2026-10-04 09:08:42
BOLT,"Bolt Biotherapeutics, Inc.",NASDAQ,6645890.0,False,2026-10-04 09:08:42
BOOM,DMC Global Inc.,NASDAQ,119137504.0,False,2026-10-04 09:08:42
BOTJ,"Bank of the James Financial Group, Inc.",NASDAQ,124033152.0,False,2026-10-04 09:08:42
BOXL,Boxlight Corporation,NASDAQ,4003138.0,False,2026-10-04 09:08:42
BPAC,Blueport Acquisition Ltd,NASDAQ,75250600.0,False,2026-10-04 09:08:42
BPOPM,"Popular, Inc.",NASDAQ,,False,2026-10-04 09:08:42
BPRN,"Princeton Bancorp, Inc.",NASDAQ,297873152.0,False,2026-10-04 09:08:42
BPYPN,Brookfield Property Partners L.P.,NASDAQ,,False,2026-10-04 09:08:42
BRAG,Bragg Gaming Group Inc.,NASDAQ,37276088.0,False,2026-10-04 09:08:42
BRAI,Braiin Limited,NASDAQ,954188480.0,True,2026-10-04 09:08:42
BRKR,Bruker Corporation,NASDAQ,9635203072.0,True,2026-10-04 09:08:42
BRLS,Borealis Foods Inc.,NASDAQ,25970604.0,False,2026-10-04 09:08:42
BRLT,"Brilliant Earth Group, Inc.",NASDAQ,141571792.0,False,2026-10-04 09:08:42
BRNS,Barinthus Biotherapeutics plc,NASDAQ,30232266.0,False,2026-10-04 09:08:42
BRR,"ProCap Financial, Inc.",NASDAQ,359664192.0,False,2026-10-04 09:08:42
BRTX,"BioRestorative Therapies, Inc.",NASDAQ,2955614.0,False,2026-10-04 09:08:42
BRZE,"Braze, Inc.",NASDAQ,2887315968.0,True,2026-10-04 09:08:42
BSAA,BEST SPAC I Acquisition Corp.,NASDAQ,83614352.0,False,2026-10-04 09:08:42
BSBK,Bogota Financial Corp.,NASDAQ,116000336.0,False,2026-10-04 09:08:42
BSET,"Bassett Furniture Industries, Incorporated",NASDAQ,179256192.0,False,2026-10-04 09:08:42
BSRR,Sierra Bancorp,NASDAQ,515424640.0,True,2026-10-04 09:08:42
BSY,"Bentley Systems, Incorporated",NASDAQ,9736454144.0,True,2026-10-04 09:08:42
BTBT,"Bit Digital, Inc.",NASDAQ,587832640.0,True,2026-10-04 09:08:42
BTCS,BTCS Inc.,NASDAQ,75034872.0,False,2026-10-04 09:08:42
BTCT,BTC Digital Ltd.,NASDAQ,19522404.0,False,2026-10-04 09:08:42
BTDR,Bitdeer Technologies Group,NASDAQ,2995040512.0,True,2026-10-04 09:08:42
BTM,Bitcoin Depot Inc.,NASDAQ,,False,2026-10-04 09:08:42
BTOC,Armlogi Holding Corp.,NASDAQ,10333757.0,False,2026-10-04 09:08:42
BTOG,Bit Origin Limited,NASDAQ,1839142.0,False,2026-10-04 09:08:42
BTQ,BTQ Technologies Corp.,NASDAQ,466245728.0,False,2026-10-04 09:08:42
BTSG,"BrightSpring Health Services, Inc.",NASDAQ,11921320960.0,True,2026-10-04 09:08:42
BTTC,Black Titan Corp,NASDAQ,8901417.0,False,2026-10-04 09:08:42
BULL,Webull Corporation,NASDAQ,3961333504.0,True,2026-10-04 09:08:42
BUSE,First Busey Corporation,NASDAQ,2455012864.0,True,2026-10-04 09:08:42
BUUU,BUUU Group Limited,NASDAQ,738822016.0,True,2026-10-04 09:08:42
BVC,BitVentures Limited,NASDAQ,1928639872.0,True,2026-10-04 09:08:42
BVFL,"BV Financial, Inc.",NASDAQ,179830912.0,False,2026-10-04 09:08:42
BVS,Bioventus Inc.,NASDAQ,896846528.0,True,2026-10-04 09:08:42
BWAY,BrainsWay Ltd.,NASDAQ,503162336.0,True,2026-10-04 09:08:42
BWB,"Bridgewater Bancshares, Inc.",NASDAQ,577473984.0,True,2026-10-04 09:08:42
BWEN,"Broadwind, Inc.",NASDAQ,100543832.0,False,2026-10-04 09:08:42
BWFG,"Bankwell Financial Group, Inc.",NASDAQ,531331936.0,True,2026-10-04 09:08:42
BWIN,"The Baldwin Insurance Group, Inc.",NASDAQ,3076561664.0,True,2026-10-04 09:08:42
BYFC,Broadway Financial Corporation,NASDAQ,105960984.0,False,2026-10-04 09:08:42
BYND,"Beyond Meat, Inc.",NASDAQ,141850208.0,False,2026-10-04 09:08:42
BYRN,"Byrna Technologies, Inc.",NASDAQ,81448544.0,False,2026-10-04 09:08:42
BYSI,"BeyondSpring, Inc.",NASDAQ,32373634.0,False,2026-10-04 09:08:42
BZFD,"BuzzFeed, Inc.",NASDAQ,97274560.0,False,2026-10-04 09:08:42
CABA,"Cabaletta Bio, Inc.",NASDAQ,339090880.0,False,2026-10-04 09:08:42
CABR,"Caring Brands, Inc.",NASDAQ,12027142.0,False,2026-10-04 09:08:42
CAC,Camden National Corporation,NASDAQ,966342144.0,True,2026-10-04 09:08:42
CACC,Credit Acceptance Corporation,NASDAQ,5517687296.0,True,2026-10-04 09:08:42
CADL,"Candel Therapeutics, Inc.",NASDAQ,778959040.0,True,2026-10-04 09:08:42
CAEP,"Cantor Equity Partners III, Inc.",NASDAQ,,False,2026-10-04 09:08:42
CAI,"Caris Life Sciences, Inc.",NASDAQ,7997444096.0,True,2026-10-04 09:08:42
CAKE,The Cheesecake Factory Incorporated,NASDAQ,5456253440.0,True,2026-10-04 09:08:42
CALC,"CalciMedica, Inc.",NASDAQ,10925267.0,False,2026-10-04 09:08:42
CALM,"Cal-Maine Foods, Inc.",NASDAQ,3114196480.0,True,2026-10-04 09:08:42
CAMP,CAMP4 Therapeutics Corporation,NASDAQ,251012800.0,False,2026-10-04 09:08:42
CAMT,Camtek Ltd.,NASDAQ,7709115904.0,True,2026-10-04 09:08:42
CAPN,Cayson Acquisition Corp,NASDAQ,59491036.0,False,2026-10-04 09:08:42
CAQ,Cambridge Acquisition Corp.,NASDAQ,311621696.0,False,2026-10-04 09:08:42
CAR,"Avis Budget Group, Inc.",NASDAQ,3928930304.0,True,2026-10-04 09:08:42
CARE,"Carter Bankshares, Inc.",NASDAQ,712290880.0,True,2026-10-04 09:08:42
CARG,"CarGurus, Inc.",NASDAQ,2673985792.0,True,2026-10-04 09:08:42
CARL,"Carlsmed, Inc.",NASDAQ,389610176.0,False,2026-10-04 09:08:42
CASH,"Pathward Financial, Inc.",NASDAQ,1536397824.0,True,2026-10-04 09:08:42
CASS,"Cass Information Systems, Inc",NASDAQ,692300416.0,True,2026-10-04 09:08:42
CAST,"FreeCast, Inc.",NASDAQ,59929148.0,False,2026-10-04 09:08:42
CASY,"Caseys General Stores, Inc.",NASDAQ,22832513024.0,True,2026-10-04 09:08:42
CATY,Cathay General Bancorp,NASDAQ,4058868736.0,True,2026-10-04 09:08:42
CBAT,"CBAK Energy Technology, Inc.",NASDAQ,123217720.0,False,2026-10-04 09:08:42
CBC,"Central Bancompany, Inc.",NASDAQ,7671349248.0,True,2026-10-04 09:08:42
CBFV,"CB Financial Services, Inc.",NASDAQ,187256368.0,False,2026-10-04 09:08:42
CBIO,"Crescent Biopharma, Inc.",NASDAQ,531942624.0,True,2026-10-04 09:08:42
CBK,"Commercial Bancgroup, Inc.",NASDAQ,436796480.0,False,2026-10-04 09:08:42
CBLL,"CeriBell, Inc.",NASDAQ,909177216.0,True,2026-10-04 09:08:42
CBNK,"Capital Bancorp, Inc.",NASDAQ,659171136.0,True,2026-10-04 09:08:42
CBRL,"Cracker Barrel Old Country Store, Inc.",NASDAQ,1246371456.0,True,2026-10-04 09:08:42
CBSH,"Commerce Bancshares, Inc.",NASDAQ,7928930304.0,True,2026-10-04 09:08:42
CBUS,"Cibus, Inc.",NASDAQ,130693528.0,False,2026-10-04 09:08:42
CCAP,"Crescent Capital BDC, Inc.",NASDAQ,332350496.0,False,2026-10-04 09:08:42
CCC,CCC Intelligent Solutions Holdings Inc.,NASDAQ,3863805184.0,True,2026-10-04 09:08:42
CCD,Calamos Dynamic Convertible & Income Fund,NASDAQ,653098368.0,True,2026-10-04 09:08:42
CCHH,CCH Holdings Ltd,NASDAQ,3920574.0,False,2026-10-04 09:08:42
CCII,Cohen Circle Acquisition Corp. II,NASDAQ,357688256.0,False,2026-10-04 09:08:42
CCLD,"CareCloud, Inc.",NASDAQ,85837600.0,False,2026-10-04 09:08:42
CCLDO,"CareCloud, Inc.",NASDAQ,,False,2026-10-04 09:08:42
CCNE,CNB Financial Corporation,NASDAQ,1010072128.0,True,2026-10-04 09:08:42
CCRN,"Cross Country Healthcare, Inc.",NASDAQ,,False,2026-10-04 09:08:42
CCSI,"Consensus Cloud Solutions, Inc.",NASDAQ,647969280.0,True,2026-10-04 09:08:42
CCXI,Churchill Capital Corp XI,NASDAQ,667843008.0,True,2026-10-04 09:08:42
CD,Chaince Digital Holdings Inc.,NASDAQ,741425600.0,True,2026-10-04 09:08:42
CDIO,Cardio Diagnostics Holdings Inc.,NASDAQ,5800559.0,False,2026-10-04 09:08:42
CDLX,"Cardlytics, Inc.",NASDAQ,14898451.0,False,2026-10-04 09:08:42
CDNA,"CareDx, Inc.",NASDAQ,3473953280.0,True,2026-10-04 09:08:42
CDNL,Cardinal Infrastructure Group Inc.,NASDAQ,658710016.0,True,2026-10-04 09:08:42
CDNS,"Cadence Design Systems, Inc.",NASDAQ,96907952128.0,True,2026-10-04 09:08:42
CDT,CDT Equity Inc.,NASDAQ,763020.0,False,2026-10-04 09:08:42
CELU,Celularity Inc.,NASDAQ,51919628.0,False,2026-10-04 09:08:42
CFFI,C&F Financial Corporation,NASDAQ,319641248.0,False,2026-10-04 09:08:42
CG,The Carlyle Group Inc.,NASDAQ,14189171712.0,True,2026-10-04 09:08:42
CGABL,The Carlyle Group Inc.,NASDAQ,,False,2026-10-04 09:08:42
CGBD,"Carlyle Secured Lending, Inc.",NASDAQ,732768768.0,True,2026-10-04 09:08:42
CGC,Canopy Growth Corporation,NASDAQ,393316480.0,False,2026-10-04 09:08:42
CGCT,Cartesian Growth Corporation III,NASDAQ,,False,2026-10-04 09:08:42
CGEM,"Cullinan Therapeutics, Inc.",NASDAQ,998141376.0,True,2026-10-04 09:08:42
CGEN,Compugen Ltd.,NASDAQ,218812768.0,False,2026-10-04 09:08:42
CGNT,Cognyte Software Ltd.,NASDAQ,645407360.0,True,2026-10-04 09:08:42
CGNX,Cognex Corporation,NASDAQ,10929503232.0,True,2026-10-04 09:08:42
CGO,Calamos Global Total Return Fund,NASDAQ,124659232.0,False,2026-10-04 09:08:42
CGON,"CG Oncology, Inc.",NASDAQ,5972588544.0,True,2026-10-04 09:08:42
CGTL,Creative Global Technology Holdings Limited,NASDAQ,6464399.0,False,2026-10-04 09:08:42
CHA,Chagee Holdings Limited,NASDAQ,2094581248.0,True,2026-10-04 09:08:42
CHAI,"Core AI Holdings, Inc.",NASDAQ,7377224.0,False,2026-10-04 09:08:42
CHAR,Charlton Aria Acquisition Corporation,NASDAQ,120286056.0,False,2026-10-04 09:08:42
CHCI,"Comstock Holding Companies, Inc.",NASDAQ,192992240.0,False,2026-10-04 09:08:42
CHCO,City Holding Company,NASDAQ,2005929856.0,True,2026-10-04 09:08:42
CHDN,"Churchill Downs, Incorporated",NASDAQ,5300703232.0,True,2026-10-04 09:08:42
CHEC,Chenghe Acquisition III Co.,NASDAQ,177756336.0,False,2026-10-04 09:08:42
CHEF,"The Chefs' Warehouse, Inc.",NASDAQ,4749479936.0,True,2026-10-04 09:08:42
CHI,Calamos Convertible Opportunities and Income Fund,NASDAQ,935681024.0,True,2026-10-04 09:08:42
CHKP,Check Point Software Technologies Ltd.,NASDAQ,13308818432.0,True,2026-10-04 09:08:42
CHNR,"China Natural Resources, Inc.",NASDAQ,4849657.0,False,2026-10-04 09:08:42
CHPG,ChampionsGate Acquisition Corporation,NASDAQ,104467008.0,False,2026-10-04 09:08:42
CHR,"Cheer Holding, Inc.",NASDAQ,3869997.0,False,2026-10-04 09:08:42
CHRD,Chord Energy Corporation,NASDAQ,7494155264.0,True,2026-10-04 09:08:42
CHRS,"Coherus Oncology, Inc.",NASDAQ,179221104.0,False,2026-10-04 09:08:42
CHRW,"C.H. Robinson Worldwide, Inc.",NASDAQ,18429779968.0,True,2026-10-04 09:08:42
CHSCL,CHS Inc,NASDAQ,,False,2026-10-04 09:08:42
CHSCN,CHS Inc,NASDAQ,,False,2026-10-04 09:08:42
CHSCO,CHS Inc,NASDAQ,,False,2026-10-04 09:08:42
CHSN,Chanson International Holding,NASDAQ,2508182.0,False,2026-10-04 09:08:42
CHTR,"Charter Communications, Inc.",NASDAQ,14203066368.0,True,2026-10-04 09:08:42
CHW,Calamos Global Dynamic Income Fund,NASDAQ,510915104.0,True,2026-10-04 09:08:42
CHY,Calamos Convertible and High Income Fund,NASDAQ,942710592.0,True,2026-10-04 09:08:42
CHYM,"Chime Financial, Inc.",NASDAQ,10316444672.0,True,2026-10-04 09:08:42
CIFR,Cipher Digital Inc.,NASDAQ,6520132608.0,True,2026-10-04 09:08:42
CIGI,Colliers International Group Inc.,NASDAQ,4588101120.0,True,2026-10-04 09:08:42
CIGL,Concorde International Group Ltd,NASDAQ,92453800.0,False,2026-10-04 09:08:42
CINF,Cincinnati Financial Corporation,NASDAQ,24855769088.0,True,2026-10-04 09:08:42
CISS,C3is Inc.,NASDAQ,1236503.0,False,2026-10-04 09:08:42
CIVB,"Civista Bancshares, Inc.",NASDAQ,561028544.0,True,2026-10-04 09:08:42
CJMB,Callan JMB Inc.,NASDAQ,16246418.0,False,2026-10-04 09:08:42
CLAR,Clarus Corporation,NASDAQ,132094144.0,False,2026-10-04 09:08:42
CLBK,"Columbia Financial, Inc.",NASDAQ,3075509760.0,True,2026-10-04 09:08:42
CLBT,Cellebrite DI Ltd.,NASDAQ,2782345472.0,True,2026-10-04 09:08:42
CLDX,"Celldex Therapeutics, Inc.",NASDAQ,2485459712.0,True,2026-10-04 09:08:42
CLFD,"Clearfield, Inc.",NASDAQ,454790816.0,False,2026-10-04 09:08:42
CLGN,CollPlant Biotechnologies Ltd.,NASDAQ,6542240.0,False,2026-10-04 09:08:42
CLIK,Click Holdings Limited,NASDAQ,9076814.0,False,2026-10-04 09:08:42
CLIR,ClearSign Technologies Corporation,NASDAQ,22139166.0,False,2026-10-04 09:08:42
CLLS,Cellectis S.A.,NASDAQ,144028128.0,False,2026-10-04 09:08:42
CLMB,"Climb Global Solutions, Inc.",NASDAQ,612068992.0,True,2026-10-04 09:08:42
CLMT,"Calumet, Inc",NASDAQ,4859014144.0,True,2026-10-04 09:08:42
CLNE,Clean Energy Fuels Corp.,NASDAQ,343894208.0,False,2026-10-04 09:08:42
CLNN,Clene Inc.,NASDAQ,57993040.0,False,2026-10-04 09:08:42
CLOV,"Clover Health Investments, Corp.",NASDAQ,2326464512.0,True,2026-10-04 09:08:42
CLPS,CLPS Incorporation,NASDAQ,30737082.0,False,2026-10-04 09:08:42
CLPT,ClearPoint Neuro Inc.,NASDAQ,332343584.0,False,2026-10-04 09:08:42
CLRB,"Cellectar Biosciences, Inc.",NASDAQ,16824752.0,False,2026-10-04 09:08:42
CLST,"Catalyst Bancorp, Inc.",NASDAQ,65750792.0,False,2026-10-04 09:08:42
CLWT,Euro Tech Holdings Company Limited,NASDAQ,9931362.0,False,2026-10-04 09:08:42
CMCO,Columbus McKinnon Corporation,NASDAQ,483043136.0,False,2026-10-04 09:08:42
CME,CME Group Inc.,NASDAQ,94619688960.0,True,2026-10-04 09:08:42
CMII,Columbus Circle Capital Corp II,NASDAQ,315196608.0,False,2026-10-04 09:08:42
CMMB,Chemomab Therapeutics Ltd.,NASDAQ,10478553.0,False,2026-10-04 09:08:42
CMND,Clearmind Medicine Inc.,NASDAQ,2407454.0,False,2026-10-04 09:08:42
CMPR,Cimpress plc,NASDAQ,1827184640.0,True,2026-10-04 09:08:42
CMPS,COMPASS Pathways Plc,NASDAQ,1647874048.0,True,2026-10-04 09:08:42
CMPX,"Compass Therapeutics, Inc.",NASDAQ,154281328.0,False,2026-10-04 09:08:42
CMRC,"Commerce.com, Inc.",NASDAQ,269291712.0,False,2026-10-04 09:08:42
CMTL,Comtech Telecommunications Corp.,NASDAQ,39549092.0,False,2026-10-04 09:08:42
CMTV,Community Bancorp.,NASDAQ,234117696.0,False,2026-10-04 09:08:42
CNCK,Coincheck Group N.V.,NASDAQ,271958720.0,False,2026-10-04 09:08:42
CNDT,Conduent Incorporated,NASDAQ,256609312.0,False,2026-10-04 09:08:42
CNET,ZW Data Action Technologies Inc.,NASDAQ,5869486.0,False,2026-10-04 09:08:42
CNEY,CN Energy Group Inc.,NASDAQ,3040202.0,False,2026-10-04 09:08:42
CNOB,"ConnectOne Bancorp, Inc.",NASDAQ,1548844416.0,True,2026-10-04 09:08:42
CNSP,"CNS Pharmaceuticals, Inc.",NASDAQ,7781923.0,False,2026-10-04 09:08:42
CNTA,Centessa Pharmaceuticals plc,NASDAQ,,False,2026-10-04 09:08:42
CNTB,Connect Biopharma Holdings Limited,NASDAQ,58377184.0,False,2026-10-04 09:08:42
CNTN,"Canton Strategic Holdings, Inc.",NASDAQ,179283056.0,False,2026-10-04 09:08:42
CNTX,Context Therapeutics Inc.,NASDAQ,28454982.0,False,2026-10-04 09:08:42
CNTY,"Century Casinos, Inc.",NASDAQ,29263198.0,False,2026-10-04 09:08:42
CNVS,Cineverse Corp.,NASDAQ,45284492.0,False,2026-10-04 09:08:42
CNXC,Concentrix Corporation,NASDAQ,1518214656.0,True,2026-10-04 09:08:42
CNXN,"PC Connection, Inc.",NASDAQ,2331495680.0,True,2026-10-04 09:08:42
COCH,"Envoy Medical, Inc.",NASDAQ,52337932.0,False,2026-10-04 09:08:42
COCO,"The Vita Coco Company, Inc.",NASDAQ,3238656768.0,True,2026-10-04 09:08:42
COCP,"Cocrystal Pharma, Inc.",NASDAQ,22056364.0,False,2026-10-04 09:08:42
CODA,"Coda Octopus Group, Inc.",NASDAQ,125693752.0,False,2026-10-04 09:08:42
COEP,"Coeptis Therapeutics Holdings, Inc.",NASDAQ,,False,2026-10-04 09:08:42
COHU,"Cohu, Inc.",NASDAQ,3478428160.0,True,2026-10-04 09:08:42
COLA,Columbus Acquisition Corp,NASDAQ,12854095.0,False,2026-10-04 09:08:42
COLL,"Collegium Pharmaceutical, Inc.",NASDAQ,682602240.0,True,2026-10-04 09:08:42
COLM,Columbia Sportswear Company,NASDAQ,2931834112.0,True,2026-10-04 09:08:42
COO,"The Cooper Companies, Inc.",NASDAQ,10821737472.0,True,2026-10-04 09:08:42
CORT,Corcept Therapeutics Incorporated,NASDAQ,12564277248.0,True,2026-10-04 09:08:42
CORZ,"Core Scientific, Inc.",NASDAQ,5286050816.0,True,2026-10-04 09:08:42
COST,Costco Wholesale Corporation,NASDAQ,408092835840.0,True,2026-10-04 09:08:42
COYA,"Coya Therapeutics, Inc.",NASDAQ,112832248.0,False,2026-10-04 09:08:42
CPB,The Campbell's Company,NASDAQ,5851364864.0,True,2026-10-04 09:08:42
CPBI,"Central Plains Bancshares, Inc.",NASDAQ,78052464.0,False,2026-10-04 09:08:42
CPIX,Cumberland Pharmaceuticals Inc.,NASDAQ,110725160.0,False,2026-10-04 09:08:42
CPOP,"Pop Culture Group Co., Ltd",NASDAQ,3227152.0,False,2026-10-04 09:08:42
CPRT,"Copart, Inc.",NASDAQ,25214713856.0,True,2026-10-04 09:08:42
CPRX,"Catalyst Pharmaceuticals, Inc.",NASDAQ,,False,2026-10-04 09:08:42
CPSH,CPS Technologies Corp.,NASDAQ,73990840.0,False,2026-10-04 09:08:42
CPSS,"Consumer Portfolio Services, Inc.",NASDAQ,199118128.0,False,2026-10-04 09:08:42
CRAC,Crown Reserve Acquisition Corp. I,NASDAQ,229279680.0,False,2026-10-04 09:08:42
CRAI,"CRA International,Inc.",NASDAQ,1069451456.0,True,2026-10-04 09:08:42
CRAN,Crane Harbor Acquisition Corp. II,NASDAQ,473690016.0,False,2026-10-04 09:08:42
CRAQ,Cal Redwood Acquisition Corp.,NASDAQ,405904640.0,False,2026-10-04 09:08:42
CRBP,"Corbus Pharmaceuticals Holdings, Inc.",NASDAQ,118562120.0,False,2026-10-04 09:08:42
CRBU,"Caribou Biosciences, Inc.",NASDAQ,130793168.0,False,2026-10-04 09:08:42
CRDF,"Cardiff Oncology, Inc.",NASDAQ,87130680.0,False,2026-10-04 09:08:42
CRDL,Cardiol Therapeutics Inc.,NASDAQ,171333248.0,False,2026-10-04 09:08:42
CRDO,Credo Technology Group Holding Ltd,NASDAQ,41093808128.0,True,2026-10-04 09:08:42
CRE,Cre8 Enterprise Limited,NASDAQ,5437759.0,False,2026-10-04 09:08:42
CREG,Smart Powerr Corp.,NASDAQ,425616.0,False,2026-10-04 09:08:42
CRESY,Cresud S.A.C.I.F. y A.,NASDAQ,804291776.0,True,2026-10-04 09:08:42
CREX,"Creative Realities, Inc.",NASDAQ,33816264.0,False,2026-10-04 09:08:42
CRGO,Freightos Limited,NASDAQ,50589388.0,False,2026-10-04 09:08:42
CRIS,"Curis, Inc.",NASDAQ,1948307.0,False,2026-10-04 09:08:42
CRMD,CorMedix Inc.,NASDAQ,560419648.0,True,2026-10-04 09:08:42
CRML,Critical Metals Corp.,NASDAQ,1032627968.0,True,2026-10-04 09:08:42
CRMT,"America's Car-Mart, Inc.",NASDAQ,8755402.0,False,2026-10-04 09:08:42
CRNC,Cerence Inc.,NASDAQ,365912768.0,False,2026-10-04 09:08:42
CRNT,Ceragon Networks Ltd.,NASDAQ,198991520.0,False,2026-10-04 09:08:42
CRNX,"Crinetics Pharmaceuticals, Inc.",NASDAQ,9012787200.0,True,2026-10-04 09:08:42
CRON,Cronos Group Inc.,NASDAQ,1188131456.0,True,2026-10-04 09:08:42
CROX,"Crocs, Inc.",NASDAQ,5661833728.0,True,2026-10-04 09:08:42
CRSP,CRISPR Therapeutics AG,NASDAQ,5359673856.0,True,2026-10-04 09:08:42
CRSR,"Corsair Gaming, Inc.",NASDAQ,1491760256.0,True,2026-10-04 09:08:42
CRTO,Criteo S.A.,NASDAQ,721734016.0,True,2026-10-04 09:08:42
CRVL,CorVel Corp.,NASDAQ,3812485632.0,True,2026-10-04 09:08:42
CRVO,CervoMed Inc.,NASDAQ,45659668.0,False,2026-10-04 09:08:42
CRVS,"Corvus Pharmaceuticals, Inc.",NASDAQ,916918272.0,True,2026-10-04 09:08:42
CRWV,"CoreWeave, Inc.",NASDAQ,49428709376.0,True,2026-10-04 09:08:42
CSAI,"Cloudastructure, Inc.",NASDAQ,2373724.0,False,2026-10-04 09:08:42
CSBR,"Champions Oncology, Inc.",NASDAQ,68757728.0,False,2026-10-04 09:08:42
CSCO,"Cisco Systems, Inc.",NASDAQ,442358235136.0,True,2026-10-04 09:08:42
CSGP,"CoStar Group, Inc.",NASDAQ,11094309888.0,True,2026-10-04 09:08:42
CSGS,"CSG Systems International, Inc.",NASDAQ,,False,2026-10-04 09:08:42
CSIQ,Canadian Solar Inc.,NASDAQ,759425216.0,True,2026-10-04 09:08:42
CSPI,CSP Inc.,NASDAQ,76310488.0,False,2026-10-04 09:08:42
CSQ,Calamos Strategic Total Return Fund,NASDAQ,3282766336.0,True,2026-10-04 09:08:42
CSTE,Caesarstone Ltd.,NASDAQ,99236208.0,False,2026-10-04 09:08:42
CSTL,"Castle Biosciences, Inc.",NASDAQ,1086340608.0,True,2026-10-04 09:08:42
CTAS,Cintas Corporation,NASDAQ,77114769408.0,True,2026-10-04 09:08:42
CTBI,"Community Trust Bancorp, Inc.",NASDAQ,1384579712.0,True,2026-10-04 09:08:42
CTKB,"Cytek Biosciences, Inc.",NASDAQ,763001728.0,True,2026-10-04 09:08:42
CTNM,"Contineum Therapeutics, Inc.",NASDAQ,493589248.0,False,2026-10-04 09:08:42
CTNT,Cheetah Net Supply Chain Service Inc.,NASDAQ,3493494.0,False,2026-10-04 09:08:42
CTOR,"Citius Oncology, Inc.",NASDAQ,100471032.0,False,2026-10-04 09:08:42
CTRM,Castor Maritime Inc.,NASDAQ,19324708.0,False,2026-10-04 09:08:42
CTRN,"Citi Trends, Inc.",NASDAQ,399542912.0,False,2026-10-04 09:08:42
CTSH,Cognizant Technology Solutions Corporation,NASDAQ,27675230208.0,True,2026-10-04 09:08:42
CTSO,Cytosorbents Corporation,NASDAQ,12761960.0,False,2026-10-04 09:08:42
CUB,Lionheart Holdings,NASDAQ,285436480.0,False,2026-10-04 09:08:42
CUE,"Cue Biopharma, Inc.",NASDAQ,185751056.0,False,2026-10-04 09:08:42
CULP,"Culp, Inc.",NASDAQ,49540412.0,False,2026-10-04 09:08:42
CUPR,Cuprina Holdings (Cayman) Limited,NASDAQ,16949094.0,False,2026-10-04 09:08:42
CURI,CuriosityStream Inc.,NASDAQ,172673664.0,False,2026-10-04 09:08:42
CVGI,"Commercial Vehicle Group, Inc.",NASDAQ,120272736.0,False,2026-10-04 09:08:42
CVGW,"Calavo Growers, Inc.",NASDAQ,,False,2026-10-04 09:08:42
CVKD,"Cadrenal Therapeutics, Inc.",NASDAQ,2913296.0,False,2026-10-04 09:08:42
CVLT,"Commvault Systems, Inc.",NASDAQ,6228289024.0,True,2026-10-04 09:08:42
CVRX,"CVRx, Inc.",NASDAQ,41294472.0,False,2026-10-04 09:08:42
CVV,CVD Equipment Corporation,NASDAQ,30098708.0,False,2026-10-04 09:08:42
CWBC,Community West Bancshares,NASDAQ,719870528.0,True,2026-10-04 09:08:42
CWCO,Consolidated Water Co. Ltd.,NASDAQ,482787872.0,False,2026-10-04 09:08:42
CWD,CaliberCos Inc.,NASDAQ,5906790.0,False,2026-10-04 09:08:42
CWST,"Casella Waste Systems, Inc.",NASDAQ,5267486720.0,True,2026-10-04 09:08:42
CXAI,CXApp Inc.,NASDAQ,5446158.0,False,2026-10-04 09:08:42
CXDO,"Crexendo, Inc.",NASDAQ,191899008.0,False,2026-10-04 09:08:42
CYCN,"Cyclerion Therapeutics, Inc.",NASDAQ,15729330.0,False,2026-10-04 09:08:42
CYCU,"Cycurion, Inc.",NASDAQ,98710080.0,False,2026-10-04 09:08:42
CYN,Cyngn Inc.,NASDAQ,10384647.0,False,2026-10-04 09:08:42
CYPH,Cypherpunk Technologies Inc.,NASDAQ,322587360.0,False,2026-10-04 09:08:42
CYRX,"CryoPort, Inc.",NASDAQ,882813824.0,True,2026-10-04 09:08:42
CYTK,"Cytokinetics, Incorporated",NASDAQ,9119936512.0,True,2026-10-04 09:08:42
CZFS,"Citizens Financial Services, Inc.",NASDAQ,389117280.0,False,2026-10-04 09:08:42
CZNC,Citizens & Northern Corp,NASDAQ,459670656.0,False,2026-10-04 09:08:42
CZR,"Caesars Entertainment, Inc.",NASDAQ,6042080768.0,True,2026-10-04 09:08:42
CZWI,"Citizens Community Bancorp, Inc.",NASDAQ,205549920.0,False,2026-10-04 09:08:42
DAAQ,Digital Asset Acquisition Corp.,NASDAQ,240810000.0,False,2026-10-04 09:08:42
DAIC,"CID HoldCo, Inc.",NASDAQ,6522370.0,False,2026-10-04 09:08:42
DAIO,Data I/O Corporation,NASDAQ,30978968.0,False,2026-10-04 09:08:42
DAKT,"Daktronics, Inc.",NASDAQ,863743936.0,True,2026-10-04 09:08:42
DARE,"Dare Bioscience, Inc.",NASDAQ,16577104.0,False,2026-10-04 09:08:42
DASH,"DoorDash, Inc.",NASDAQ,81958305792.0,True,2026-10-04 09:08:42
DAVE,Dave Inc.,NASDAQ,4420676096.0,True,2026-10-04 09:08:42
DAWN,"Day One Biopharmaceuticals, Inc.",NASDAQ,,False,2026-10-04 09:08:42
DBCA,D. Boral Acquisition I Corp.,NASDAQ,556762496.0,True,2026-10-04 09:08:42
DBVT,DBV Technologies S.A.,NASDAQ,663051648.0,True,2026-10-04 09:08:42
DBX,"Dropbox, Inc.",NASDAQ,7371305472.0,True,2026-10-04 09:08:42
DCBO,Docebo Inc.,NASDAQ,582027392.0,True,2026-10-04 09:08:42
DCGO,DocGo Inc.,NASDAQ,36554032.0,False,2026-10-04 09:08:42
DCOM,"Dime Community Bancshares, Inc.",NASDAQ,1760965120.0,True,2026-10-04 09:08:42
DCOMG,"Dime Community Bancshares, Inc.",NASDAQ,,False,2026-10-04 09:08:42
DCOY,Decoy Therapeutics Inc.,NASDAQ,1159677.0,False,2026-10-04 09:08:42
DCTH,"Delcath Systems, Inc.",NASDAQ,524992800.0,True,2026-10-04 09:08:42
DCX,Digital Currency X Technology Inc.,NASDAQ,9103186.0,False,2026-10-04 09:08:42
DDI,"DoubleDown Interactive Co., Ltd.",NASDAQ,659556288.0,True,2026-10-04 09:08:42
DERM,Journey Medical Corporation,NASDAQ,186563264.0,False,2026-10-04 09:08:42
DEVS,DevvStream Corp.,NASDAQ,,False,2026-10-04 09:08:42
DFDV,DeFi Development Corp.,NASDAQ,171259152.0,False,2026-10-04 09:08:42
DFLI,Dragonfly Energy Holdings Corp,NASDAQ,12749957.0,False,2026-10-04 09:08:42
DFNS,T3 Defense Inc.,NASDAQ,7417033.0,False,2026-10-04 09:08:42
DFSC,DEFSEC Technologies Inc.,NASDAQ,3853160.0,False,2026-10-04 09:08:42
DGICA,"Donegal Group, Inc.",NASDAQ,676896256.0,True,2026-10-04 09:08:42
DGICB,"Donegal Group, Inc.",NASDAQ,616875904.0,True,2026-10-04 09:08:42
DGII,Digi International Inc.,NASDAQ,2869257728.0,True,2026-10-04 09:08:42
DGNX,Diginex Limited,NASDAQ,37249204.0,False,2026-10-04 09:08:42
DH,Definitive Healthcare Corp.,NASDAQ,99624840.0,False,2026-10-04 09:08:42
DHC,Diversified Healthcare Trust,NASDAQ,1871657088.0,True,2026-10-04 09:08:42
DHCNI,Diversified Healthcare Trust,NASDAQ,,False,2026-10-04 09:08:42
DHCNL,Diversified Healthcare Trust,NASDAQ,,False,2026-10-04 09:08:42
DHIL,"Diamond Hill Investment Group, Inc.",NASDAQ,,False,2026-10-04 09:08:42
DIBS,"1stdibs.com, Inc.",NASDAQ,135133472.0,False,2026-10-04 09:08:42
DIOD,Diodes Incorporated,NASDAQ,4782008832.0,True,2026-10-04 09:08:42
DJCO,Daily Journal Corp. (S.C.),NASDAQ,904542784.0,True,2026-10-04 09:08:42
DJT,Trump Media & Technology Group Corp.,NASDAQ,2476456704.0,True,2026-10-04 09:08:42
DKI,DarkIris Inc.,NASDAQ,2866886.0,False,2026-10-04 09:08:42
DLHC,DLH Holdings Corp.,NASDAQ,58696796.0,False,2026-10-04 09:08:42
DLO,DLocal Limited,NASDAQ,4044729088.0,True,2026-10-04 09:08:42
DLPN,"Dolphin Entertainment, Inc.",NASDAQ,13424846.0,False,2026-10-04 09:08:42
DLTH,Duluth Holdings Inc.,NASDAQ,149359648.0,False,2026-10-04 09:08:42
DLTR,"Dollar Tree, Inc.",NASDAQ,21044615168.0,True,2026-10-04 09:08:42
DMAA,Drugs Made In America Acquisition Corp.,NASDAQ,264290608.0,False,2026-10-04 09:08:42
DMAC,DiaMedica Therapeutics Inc.,NASDAQ,443808448.0,False,2026-10-04 09:08:42
DMII,Drugs Made In America Acquisition II Corp.,NASDAQ,649102976.0,True,2026-10-04 09:08:42
DMRC,Digimarc Corporation,NASDAQ,143408160.0,False,2026-10-04 09:08:42
DNLI,Denali Therapeutics Inc.,NASDAQ,3196948224.0,True,2026-10-04 09:08:42
DNMX,Dynamix Corporation III,NASDAQ,270480000.0,False,2026-10-04 09:08:42
DNTH,"Dianthus Therapeutics, Inc.",NASDAQ,4822108160.0,True,2026-10-04 09:08:42
DNUT,"Krispy Kreme, Inc.",NASDAQ,501415008.0,True,2026-10-04 09:08:42
DOCU,"DocuSign, Inc.",NASDAQ,12898138112.0,True,2026-10-04 09:08:42
DOGZ,Dogness (International) Corporation,NASDAQ,15682385.0,False,2026-10-04 09:08:42
DOMO,"Domo, Inc.",NASDAQ,166978368.0,False,2026-10-04 09:08:42
DOO,BRP Inc.,NASDAQ,3984772864.0,True,2026-10-04 09:08:42
DORM,"Dorman Products, Inc.",NASDAQ,3651881472.0,True,2026-10-04 09:08:42
DOX,Amdocs Limited,NASDAQ,6068599808.0,True,2026-10-04 09:08:42
DOYU,DouYu International Holdings Limited,NASDAQ,134295920.0,False,2026-10-04 09:08:42
DRCT,"Direct Digital Holdings, Inc.",NASDAQ,730481.0,False,2026-10-04 09:08:42
DRDB,Roman DBDR Acquisition Corp. II,NASDAQ,329053344.0,False,2026-10-04 09:08:42
DRH,Diamondrock Hospitality Company,NASDAQ,2581741056.0,True,2026-10-04 09:08:42
DRIO,DarioHealth Corp.,NASDAQ,63304648.0,False,2026-10-04 09:08:42
DRMA,"Dermata Therapeutics, Inc.",NASDAQ,5475504.0,False,2026-10-04 09:08:42
DRS,"Leonardo DRS, Inc.",NASDAQ,9821607936.0,True,2026-10-04 09:08:42
DRTS,Alpha Tau Medical Ltd.,NASDAQ,1365902336.0,True,2026-10-04 09:08:42
DRVN,Driven Brands Holdings Inc.,NASDAQ,1926964224.0,True,2026-10-04 09:08:42
DSGN,"Design Therapeutics, Inc.",NASDAQ,772257600.0,True,2026-10-04 09:08:42
DSGR,"Distribution Solutions Group, Inc.",NASDAQ,1618014720.0,True,2026-10-04 09:08:42
DSGX,The Descartes Systems Group Inc.,NASDAQ,6850728448.0,True,2026-10-04 09:08:42
DSP,Viant Technology Inc.,NASDAQ,814251520.0,True,2026-10-04 09:08:42
DSWL,"Deswell Industries, Inc.",NASDAQ,48767684.0,False,2026-10-04 09:08:42
DTI,Drilling Tools International Corporation,NASDAQ,80796288.0,False,2026-10-04 09:08:42
DTIL,"Precision BioSciences, Inc.",NASDAQ,174165808.0,False,2026-10-04 09:08:42
DUO,Fangdd Network Group Ltd.,NASDAQ,27509528.0,False,2026-10-04 09:08:42
DUOL,"Duolingo, Inc.",NASDAQ,6749855232.0,True,2026-10-04 09:08:42
DUOT,"Duos Technologies Group, Inc.",NASDAQ,286714464.0,False,2026-10-04 09:08:42
DVLT,Datavault AI Inc.,NASDAQ,146353168.0,False,2026-10-04 09:08:42
DWSN,Dawson Geophysical Company,NASDAQ,85713504.0,False,2026-10-04 09:08:42
DWTX,"Dogwood Therapeutics, Inc.",NASDAQ,49629128.0,False,2026-10-04 09:08:42
DXCM,"DexCom, Inc.",NASDAQ,32211515392.0,True,2026-10-04 09:08:42
DXLG,"Destination XL Group, Inc.",NASDAQ,24077932.0,False,2026-10-04 09:08:42
DXPE,"DXP Enterprises, Inc.",NASDAQ,3010016256.0,True,2026-10-04 09:08:42
DXR,Daxor Corporation,NASDAQ,62001940.0,False,2026-10-04 09:08:42
DXST,Decent Holding Inc.,NASDAQ,5360610.0,False,2026-10-04 09:08:42
DYN,"Dyne Therapeutics, Inc.",NASDAQ,2838545664.0,True,2026-10-04 09:08:42
DYOR,Insight Digital Partners II,NASDAQ,233449984.0,False,2026-10-04 09:08:42
EBAY,eBay Inc.,NASDAQ,47347998720.0,True,2026-10-04 09:08:42
EBC,"Eastern Bankshares, Inc.",NASDAQ,4905000448.0,True,2026-10-04 09:08:42
EBMT,"Eagle Bancorp Montana, Inc.",NASDAQ,169265408.0,False,2026-10-04 09:08:42
EBON,Ebang International Holdings Inc.,NASDAQ,13095085.0,False,2026-10-04 09:08:42
ECBK,"ECB Bancorp, Inc.",NASDAQ,178511248.0,False,2026-10-04 09:08:42
ECOR,"electroCore, Inc.",NASDAQ,91421080.0,False,2026-10-04 09:08:42
ECPG,Encore Capital Group Inc,NASDAQ,2034402304.0,True,2026-10-04 09:08:42
ECX,ECARX Holdings Inc.,NASDAQ,337343360.0,False,2026-10-04 09:08:42
EDAP,EDAP TMS S.A.,NASDAQ,,False,2026-10-04 09:08:42
EDBL,Edible Garden AG Incorporated,NASDAQ,2224720.0,False,2026-10-04 09:08:42
EDHL,Everbright Digital Holding Limited,NASDAQ,8714618.0,False,2026-10-04 09:08:42
EDIT,"Editas Medicine, Inc.",NASDAQ,402379680.0,False,2026-10-04 09:08:42
EDRY,EuroDry Ltd.,NASDAQ,177677664.0,False,2026-10-04 09:08:42
EDSA,"Edesa Biotech, Inc.",NASDAQ,37214380.0,False,2026-10-04 09:08:42
EDTK,Skillful Craftsman Education Technology Limited,NASDAQ,16199451.0,False,2026-10-04 09:08:42
EDUC,Educational Development Corporation,NASDAQ,11082453.0,False,2026-10-04 09:08:42
EEFT,"Euronet Worldwide, Inc.",NASDAQ,2417768704.0,True,2026-10-04 09:08:42
EEIQ,EpicQuest Education Group International Limited,NASDAQ,8373078.0,False,2026-10-04 09:08:42
EFOI,"Energy Focus, Inc.",NASDAQ,19012128.0,False,2026-10-04 09:08:42
EFSC,Enterprise Financial Services Corporation,NASDAQ,2174446592.0,True,2026-10-04 09:08:42
EFSI,Eagle Financial Services Inc,NASDAQ,246317216.0,False,2026-10-04 09:08:42
EFTY,"Etoiles Capital Group Co., Ltd.",NASDAQ,302052224.0,False,2026-10-04 09:08:42
EGAN,eGain Corporation,NASDAQ,153626512.0,False,2026-10-04 09:08:42
EGBN,"Eagle Bancorp, Inc.",NASDAQ,865135104.0,True,2026-10-04 09:08:42
EGHA,EGH Acquisition Corp.,NASDAQ,213815008.0,False,2026-10-04 09:08:42
EGHT,8x8 Inc,NASDAQ,329312960.0,False,2026-10-04 09:08:42
EH,EHang Holdings Limited,NASDAQ,313999776.0,False,2026-10-04 09:08:42
EHGO,Eshallgo Inc.,NASDAQ,3775288.0,False,2026-10-04 09:08:42
EHLD,Euroholdings Ltd.,NASDAQ,33348722.0,False,2026-10-04 09:08:42
EIKN,"Eikon Therapeutics, Inc.",NASDAQ,397029696.0,False,2026-10-04 09:08:42
EJH,E-Home Household Service Holdings Limited,NASDAQ,4768229.0,False,2026-10-04 09:08:42
EKSO,"Ekso Bionics Holdings, Inc.",NASDAQ,,False,2026-10-04 09:08:42
ELAB,PMGC Holdings Inc.,NASDAQ,2720185.0,False,2026-10-04 09:08:42
ELBM,Electra Battery Materials Corporation,NASDAQ,53293268.0,False,2026-10-04 09:08:42
ELDN,"Eledon Pharmaceuticals, Inc.",NASDAQ,202340272.0,False,2026-10-04 09:08:42
ELE,Elemental Royalty Corporation,NASDAQ,1393649920.0,True,2026-10-04 09:08:42
ELOG,Eastern International Ltd.,NASDAQ,6380070.0,False,2026-10-04 09:08:42
ELPW,Elong Power Holding Limited,NASDAQ,2768397.0,False,2026-10-04 09:08:42
ELSE,"Electro-Sensors, Inc.",NASDAQ,,False,2026-10-04 09:08:42
ELTK,Eltek Ltd.,NASDAQ,53556928.0,False,2026-10-04 09:08:42
ELTX,"Elicio Therapeutics, Inc.",NASDAQ,50461212.0,False,2026-10-04 09:08:42
ELUT,"Elutia, Inc.",NASDAQ,34488024.0,False,2026-10-04 09:08:42
ELVA,Electrovaya Inc.,NASDAQ,328234592.0,False,2026-10-04 09:08:42
ELVN,"Enliven Therapeutics, Inc.",NASDAQ,3441527808.0,True,2026-10-04 09:08:42
ELVR,Elevra Lithium Limited,NASDAQ,719411520.0,True,2026-10-04 09:08:42
EMAT,Evolution Metals & Technologies Corp.,NASDAQ,1279489280.0,True,2026-10-04 09:08:42
EMBC,Embecta Corp.,NASDAQ,320126752.0,False,2026-10-04 09:08:42
EMIS,Emmis Acquisition Corp.,NASDAQ,162017808.0,False,2026-10-04 09:08:42
EML,Eastern Company (The),NASDAQ,148092112.0,False,2026-10-04 09:08:42
EMPD,Empery Digital Inc.,NASDAQ,88141152.0,False,2026-10-04 09:08:42
EMPG,Empro Group Inc.,NASDAQ,,False,2026-10-04 09:08:42
ENGN,enGene Holdings Inc.,NASDAQ,130011656.0,False,2026-10-04 09:08:42
ENGS,Energys Group Limited,NASDAQ,95322920.0,False,2026-10-04 09:08:42
ENLT,Enlight Renewable Energy Ltd.,NASDAQ,9314827264.0,True,2026-10-04 09:08:42
ENLV,Enlivex Ltd.,NASDAQ,7710598.0,False,2026-10-04 09:08:42
ENPH,"Enphase Energy, Inc.",NASDAQ,4411286528.0,True,2026-10-04 09:08:42
ENSC,"Ensysce Biosciences, Inc.",NASDAQ,7685434.0,False,2026-10-04 09:08:42
ENSG,"The Ensign Group, Inc.",NASDAQ,10011756544.0,True,2026-10-04 09:08:42
ENTA,"Enanta Pharmaceuticals, Inc.",NASDAQ,377465216.0,False,2026-10-04 09:08:42
ENTG,"Entegris, Inc.",NASDAQ,25353381888.0,True,2026-10-04 09:08:42
ENTX,Entera Bio Ltd.,NASDAQ,495185600.0,False,2026-10-04 09:08:42
ENVB,"Enveric Biosciences, Inc.",NASDAQ,6624308.0,False,2026-10-04 09:08:42
ENVX,Enovix Corporation,NASDAQ,614455872.0,True,2026-10-04 09:08:42
EOLS,"Evolus, Inc.",NASDAQ,471600128.0,False,2026-10-04 09:08:42
EOSE,"Eos Energy Enterprises, Inc.",NASDAQ,1168978432.0,True,2026-10-04 09:08:42
EPRX,Eupraxia Pharmaceuticals Inc.,NASDAQ,478371200.0,False,2026-10-04 09:08:42
EPSM,Epsium Enterprise Limited,NASDAQ,16778792.0,False,2026-10-04 09:08:42
EPSN,Epsilon Energy Ltd.,NASDAQ,173828896.0,False,2026-10-04 09:08:42
EQ,"Equillium, Inc.",NASDAQ,89405392.0,False,2026-10-04 09:08:42
EQIX,"Equinix, Inc.",NASDAQ,101209522176.0,True,2026-10-04 09:08:42
ERAS,"Erasca, Inc.",NASDAQ,5155492352.0,True,2026-10-04 09:08:42
ERIC,Ericsson,NASDAQ,30311718912.0,True,2026-10-04 09:08:42
ERIE,Erie Indemnity Company,NASDAQ,11560766464.0,True,2026-10-04 09:08:42
ERII,"Energy Recovery, Inc.",NASDAQ,345573824.0,False,2026-10-04 09:08:42
ERNA,Ernexa Therapeutics Inc.,NASDAQ,3452345.0,False,2026-10-04 09:08:42
ESCA,"Escalade, Incorporated",NASDAQ,265134592.0,False,2026-10-04 09:08:42
ESEA,Euroseas Ltd.,NASDAQ,510950688.0,True,2026-10-04 09:08:42
ESHA,ESH Acquisition Corp.,NASDAQ,,False,2026-10-04 09:08:42
ESLT,Elbit Systems Ltd.,NASDAQ,32627140608.0,True,2026-10-04 09:08:42
ESOA,Energy Services of America Corporation,NASDAQ,205437584.0,False,2026-10-04 09:08:42
ESQ,"Esquire Financial Holdings, Inc.",NASDAQ,1451581568.0,True,2026-10-04 09:08:42
ESTA,Establishment Labs Holdings Inc.,NASDAQ,1909109120.0,True,2026-10-04 09:08:42
ETHM,Dynamix Corporation,NASDAQ,,False,2026-10-04 09:08:42
ETON,"Eton Pharmaceuticals, Inc.",NASDAQ,1582362368.0,True,2026-10-04 09:08:42
ETOR,eToro Group Ltd.,NASDAQ,2021578624.0,True,2026-10-04 09:08:42
ETS,Elite Express Holding Inc.,NASDAQ,26913842.0,False,2026-10-04 09:08:42
EUDA,Euda Health Holdings Limited,NASDAQ,51611084.0,False,2026-10-04 09:08:42
EURK,Eureka Acquisition Corp,NASDAQ,25070442.0,False,2026-10-04 09:08:42
EVAX,Evaxion A/S,NASDAQ,28868746.0,False,2026-10-04 09:08:42
EVCM,EverCommerce Inc.,NASDAQ,1579387264.0,True,2026-10-04 09:08:42
EVER,"EverQuote, Inc.",NASDAQ,689778944.0,True,2026-10-04 09:08:42
EVGN,Evogene Ltd.,NASDAQ,6715598.0,False,2026-10-04 09:08:42
EVGO,EVgo Inc.,NASDAQ,434031680.0,False,2026-10-04 09:08:42
EVLV,"Evolv Technologies Holdings, Inc.",NASDAQ,822012352.0,True,2026-10-04 09:08:42
EVOX,Evolution Global Acquisition Corp,NASDAQ,324160000.0,False,2026-10-04 09:08:42
EVRG,"Evergy, Inc.",NASDAQ,18254002176.0,True,2026-10-04 09:08:42
EVTV,"Envirotech Vehicles, Inc.",NASDAQ,,False,2026-10-04 09:08:42
EWBC,"East West Bancorp, Inc.",NASDAQ,17292265472.0,True,2026-10-04 09:08:42
EWCZ,"European Wax Center, Inc.",NASDAQ,,False,2026-10-04 09:08:42
EWTX,"Edgewise Therapeutics, Inc.",NASDAQ,4496210944.0,True,2026-10-04 09:08:42
EXC,Exelon Corporation,NASDAQ,41962242048.0,True,2026-10-04 09:08:42
EXE,Expand Energy Corporation,NASDAQ,20458850304.0,True,2026-10-04 09:08:42
EXEL,"Exelixis, Inc.",NASDAQ,14467973120.0,True,2026-10-04 09:08:42
EXFY,"Expensify, Inc.",NASDAQ,205170000.0,False,2026-10-04 09:08:42
EXOZ,eXoZymes Inc.,NASDAQ,53688124.0,False,2026-10-04 09:08:42
EXPE,"Expedia Group, Inc.",NASDAQ,31805126656.0,True,2026-10-04 09:08:42
EXPI,"eXp World Holdings, Inc.",NASDAQ,,False,2026-10-04 09:08:42
EXTR,"Extreme Networks, Inc.",NASDAQ,3055786496.0,True,2026-10-04 09:08:42
EYPT,"EyePoint, Inc.",NASDAQ,280189440.0,False,2026-10-04 09:08:42
EZPW,"EZCORP, Inc.",NASDAQ,1855590016.0,True,2026-10-04 09:08:42
EZRA,"Reliance Global Group, Inc.",NASDAQ,1806085.0,False,2026-10-04 09:08:42
FA,First Advantage Corporation,NASDAQ,3107024384.0,True,2026-10-04 09:08:42
FACT,FACT II Acquisition Corp.,NASDAQ,260726032.0,False,2026-10-04 09:08:42
FAMI,"Farmmi, INC.",NASDAQ,4724669.0,False,2026-10-04 09:08:42
FANG,"Diamondback Energy, Inc.",NASDAQ,51961384960.0,True,2026-10-04 09:08:42
FARM,Farmer Brothers Company,NASDAQ,,False,2026-10-04 09:08:42
FAST,Fastenal Company,NASDAQ,58235502592.0,True,2026-10-04 09:08:42
FATE,"Fate Therapeutics, Inc.",NASDAQ,277983584.0,False,2026-10-04 09:08:42
FATN,"FatPipe, Inc.",NASDAQ,78836848.0,False,2026-10-04 09:08:42
FBGL,FBS Global Limited,NASDAQ,5143500.0,False,2026-10-04 09:08:42
FBIZ,"First Business Financial Services, Inc.",NASDAQ,593564928.0,True,2026-10-04 09:08:42
FBLA,"FB Bancorp, Inc.",NASDAQ,246257120.0,False,2026-10-04 09:08:42
FBLG,"FibroBiologics, Inc.",NASDAQ,8626309.0,False,2026-10-04 09:08:42
FBNC,First Bancorp,NASDAQ,2580388864.0,True,2026-10-04 09:08:42
FBRX,"Forte Biosciences, Inc.",NASDAQ,1634427392.0,True,2026-10-04 09:08:42
FBYD,"Falcon's Beyond Global, Inc.",NASDAQ,415098400.0,False,2026-10-04 09:08:42
FCBC,"First Community Bankshares, Inc.",NASDAQ,907695744.0,True,2026-10-04 09:08:42
FCCO,First Community Corporation,NASDAQ,307089184.0,False,2026-10-04 09:08:42
FCEL,"FuelCell Energy, Inc.",NASDAQ,1476753920.0,True,2026-10-04 09:08:42
FCFS,"FirstCash Holdings, Inc.",NASDAQ,9123691520.0,True,2026-10-04 09:08:42
FCHL,Fitness Champs Holdings Limited,NASDAQ,1223001.0,False,2026-10-04 09:08:42
FCNCA,"First Citizens BancShares, Inc.",NASDAQ,23415832576.0,True,2026-10-04 09:08:42
FCNCN,"First Citizens BancShares, Inc.",NASDAQ,,False,2026-10-04 09:08:42
FCNCO,"First Citizens BancShares, Inc.",NASDAQ,,False,2026-10-04 09:08:42
FCUV,Focus Universal Inc.,NASDAQ,3081537.0,False,2026-10-04 09:08:42
FDBC,"Fidelity D & D Bancorp, Inc.",NASDAQ,321297600.0,False,2026-10-04 09:08:42
FDUS,Fidus Investment Corporation,NASDAQ,765981824.0,True,2026-10-04 09:08:42
FEAM,"5E Advanced Materials, Inc.",NASDAQ,161591808.0,False,2026-10-04 09:08:42
FELE,"Franklin Electric Co., Inc.",NASDAQ,4361460736.0,True,2026-10-04 09:08:42
FEMY,Femasys Inc.,NASDAQ,17168804.0,False,2026-10-04 09:08:42
FENC,Fennec Pharmaceuticals Inc.,NASDAQ,357685024.0,False,2026-10-04 09:08:42
FER,Ferrovial SE,NASDAQ,38625206272.0,True,2026-10-04 09:08:42
FERA,Fifth Era Acquisition Corp I,NASDAQ,329863360.0,False,2026-10-04 09:08:42
FFAI,Faraday Future Intelligent Electric Inc.,NASDAQ,7536209.0,False,2026-10-04 09:08:42
FFBC,First Financial Bancorp.,NASDAQ,3351670016.0,True,2026-10-04 09:08:42
FFIC,Flushing Financial Corporation,NASDAQ,,False,2026-10-04 09:08:42
FFIN,"First Financial Bankshares, Inc.",NASDAQ,4607732736.0,True,2026-10-04 09:08:42
FFIV,"F5, Inc.",NASDAQ,25711007744.0,True,2026-10-04 09:08:42
FGBI,"First Guaranty Bancshares, Inc.",NASDAQ,137439872.0,False,2026-10-04 09:08:42
FGI,FGI Industries Ltd.,NASDAQ,14986663.0,False,2026-10-04 09:08:42
FGII,FG Imperii Acquisition Corp.,NASDAQ,289978816.0,False,2026-10-04 09:08:42
FGL,Founder Group Limited,NASDAQ,49948.0,False,2026-10-04 09:08:42
FGMC,FG Merger II Corp.,NASDAQ,,False,2026-10-04 09:08:42
FGNX,FG Nexus Inc.,NASDAQ,39746368.0,False,2026-10-04 09:08:42
FHB,"First Hawaiian, Inc.",NASDAQ,3073670912.0,True,2026-10-04 09:08:42
FHTX,Foghorn Therapeutics Inc.,NASDAQ,119958336.0,False,2026-10-04 09:08:42
FIEE,"FiEE, Inc",NASDAQ,31299956.0,False,2026-10-04 09:08:42
FIGR,"Figure Technology Solutions, Inc.",NASDAQ,6401500672.0,True,2026-10-04 09:08:42
FIGX,FIGX Capital Acquisition Corp.,NASDAQ,200059264.0,False,2026-10-04 09:08:42
FINW,FinWise Bancorp,NASDAQ,155069536.0,False,2026-10-04 09:08:42
FIP,FTAI Infrastructure Inc.,NASDAQ,317317952.0,False,2026-10-04 09:08:42
FITB,Fifth Third Bancorp,NASDAQ,46117367808.0,True,2026-10-04 09:08:42
FITBI,Fifth Third Bancorp,NASDAQ,,False,2026-10-04 09:08:42
FITBM,Fifth Third Bancorp,NASDAQ,,False,2026-10-04 09:08:42
FITBO,Fifth Third Bancorp,NASDAQ,,False,2026-10-04 09:08:42
FIVE,"Five Below, Inc.",NASDAQ,12177401856.0,True,2026-10-04 09:08:42
FIZZ,National Beverage Corp.,NASDAQ,2838318848.0,True,2026-10-04 09:08:42
FKWL,Franklin Wireless Corp.,NASDAQ,28164430.0,False,2026-10-04 09:08:42
FLD,"Fold Holdings, Inc.",NASDAQ,29684242.0,False,2026-10-04 09:08:42
FLEX,Flex Ltd.,NASDAQ,43076079616.0,True,2026-10-04 09:08:42
FLNA,"Filana Therapeutics, Inc.",NASDAQ,44969820.0,False,2026-10-04 09:08:42
FLNC,"Fluence Energy, Inc.",NASDAQ,1481383808.0,True,2026-10-04 09:08:42
FLUX,"Flux Power Holdings, Inc.",NASDAQ,13837851.0,False,2026-10-04 09:08:42
FLWS,"1-800-FLOWERS.COM, Inc.",NASDAQ,164313840.0,False,2026-10-04 09:08:42
FLX,BingEx Limited,NASDAQ,103113176.0,False,2026-10-04 09:08:42
FLXS,"Flexsteel Industries, Inc.",NASDAQ,363428448.0,False,2026-10-04 09:08:42
FLY,Firefly Aerospace Inc.,NASDAQ,3903876096.0,True,2026-10-04 09:08:42
FLYE,"Fly-E Group, Inc.",NASDAQ,2260854.0,False,2026-10-04 09:08:42
FLYW,Flywire Corporation,NASDAQ,2138917632.0,True,2026-10-04 09:08:42
FMAO,"Farmers & Merchants Bancorp, Inc.",NASDAQ,488809536.0,False,2026-10-04 09:08:42
FMBH,"First Mid Bancshares, Inc.",NASDAQ,1329563520.0,True,2026-10-04 09:08:42
FMFC,Kandal M Venture Limited,NASDAQ,3165899.0,False,2026-10-04 09:08:42
FMNB,Farmers National Banc Corp.,NASDAQ,908857792.0,True,2026-10-04 09:08:42
FMST,Foremost Clean Energy Ltd.,NASDAQ,10159680.0,False,2026-10-04 09:08:42
FNGR,"FingerMotion, Inc.",NASDAQ,16186567.0,False,2026-10-04 09:08:42
FNKO,"Funko, Inc.",NASDAQ,328135200.0,False,2026-10-04 09:08:42
FNLC,"First Bancorp, Inc (ME)",NASDAQ,385968832.0,False,2026-10-04 09:08:42
FNUC,Frontier Nuclear and Minerals Inc.,NASDAQ,45950780.0,False,2026-10-04 09:08:42
FNWB,First Northwest Bancorp,NASDAQ,94640568.0,False,2026-10-04 09:08:42
FNWD,Finward Bancorp,NASDAQ,183543248.0,False,2026-10-04 09:08:42
FOFO,"Hang Feng Technology Innovation Co., Ltd.",NASDAQ,16450389.0,False,2026-10-04 09:08:42
FOLD,"Amicus Therapeutics, Inc.",NASDAQ,,False,2026-10-04 09:08:42
FONR,Fonar Corporation,NASDAQ,,False,2026-10-04 09:08:42
FORA,Forian Inc.,NASDAQ,,False,2026-10-04 09:08:42
FORM,"FormFactor, Inc.",NASDAQ,11626952704.0,True,2026-10-04 09:08:42
FORR,"Forrester Research, Inc.",NASDAQ,213617584.0,False,2026-10-04 09:08:42
FORTY,Formula Systems (1985) Ltd.,NASDAQ,1740484736.0,True,2026-10-04 09:08:42
FOSL,"Fossil Group, Inc.",NASDAQ,402138752.0,False,2026-10-04 09:08:42
FOX,Fox Corporation,NASDAQ,23567339520.0,True,2026-10-04 09:08:42
FOXA,Fox Corporation,NASDAQ,26261833728.0,True,2026-10-04 09:08:42
FOXF,Fox Factory Holding Corp.,NASDAQ,783878144.0,True,2026-10-04 09:08:42
FOXX,Foxx Development Holdings Inc.,NASDAQ,18394758.0,False,2026-10-04 09:08:42
FRAF,Franklin Financial Services Corporation,NASDAQ,284193600.0,False,2026-10-04 09:08:42
FRBA,First Bank,NASDAQ,440374240.0,False,2026-10-04 09:08:42
FRD,Friedman Industries Inc.,NASDAQ,296301472.0,False,2026-10-04 09:08:42
FRGT,"Freight Technologies, Inc.",NASDAQ,144289.0,False,2026-10-04 09:08:42
FRHC,Freedom Holding Corp.,NASDAQ,11035266048.0,True,2026-10-04 09:08:42
FRME,First Merchants Corporation,NASDAQ,2521477376.0,True,2026-10-04 09:08:42
FRMI,Fermi Inc.,NASDAQ,2581083392.0,True,2026-10-04 09:08:42
FRPH,"FRP Holdings, Inc.",NASDAQ,388773216.0,False,2026-10-04 09:08:42
FRPT,"Freshpet, Inc.",NASDAQ,2895979264.0,True,2026-10-04 09:08:42
FRSH,Freshworks Inc.,NASDAQ,3334567424.0,True,2026-10-04 09:08:42
FRST,Primis Financial Corp.,NASDAQ,387361504.0,False,2026-10-04 09:08:42
FRSX,Foresight Autonomous Holdings Ltd.,NASDAQ,4621688.0,False,2026-10-04 09:08:42
FSBC,Five Star Bancorp,NASDAQ,1071023232.0,True,2026-10-04 09:08:42
FSBW,"FS Bancorp, Inc.",NASDAQ,348529024.0,False,2026-10-04 09:08:42
FSEA,"First Seacoast Bancorp, Inc.",NASDAQ,81151328.0,False,2026-10-04 09:08:42
FSHP,Flag Ship Acquisition Corp.,NASDAQ,39756340.0,False,2026-10-04 09:08:42
FSLR,"First Solar, Inc.",NASDAQ,18765299712.0,True,2026-10-04 09:08:42
FSLY,"Fastly, Inc.",NASDAQ,4111532800.0,True,2026-10-04 09:08:42
FSTR,L.B. Foster Company,NASDAQ,392071584.0,False,2026-10-04 09:08:42
FSUN,FirstSun Capital Bancorp,NASDAQ,1736918528.0,True,2026-10-04 09:08:42
FTAI,FTAI Aviation Ltd.,NASDAQ,17155165184.0,True,2026-10-04 09:08:42
FTAIM,FTAI Aviation Ltd.,NASDAQ,,False,2026-10-04 09:08:42
FTCI,"FTC Solar, Inc.",NASDAQ,35521004.0,False,2026-10-04 09:08:42
FTDR,"Frontdoor, Inc.",NASDAQ,5321319424.0,True,2026-10-04 09:08:42
FTEK,"Fuel Tech, Inc.",NASDAQ,51734312.0,False,2026-10-04 09:08:42
FTFT,Future FinTech Group Inc.,NASDAQ,27544248.0,False,2026-10-04 09:08:42
FTHM,Fathom Holdings Inc.,NASDAQ,11438901.0,False,2026-10-04 09:08:42
FTLF,"FitLife Brands, Inc.",NASDAQ,86585688.0,False,2026-10-04 09:08:42
FTNT,"Fortinet, Inc.",NASDAQ,132765483008.0,True,2026-10-04 09:08:42
FTRE,Fortrea Holdings Inc.,NASDAQ,1902000000.0,True,2026-10-04 09:08:42
FTRK,FAST TRACK GROUP,NASDAQ,3570321.0,False,2026-10-04 09:08:42
FUFU,BitFuFu Inc.,NASDAQ,233375296.0,False,2026-10-04 09:08:42
FULC,"Fulcrum Therapeutics, Inc.",NASDAQ,281536864.0,False,2026-10-04 09:08:42
FULT,Fulton Financial Corporation,NASDAQ,4354761216.0,True,2026-10-04 09:08:42
FUND,"Sprott Focus Trust, Inc.",NASDAQ,286274848.0,False,2026-10-04 09:08:42
FUSB,"First US Bancshares, Inc.",NASDAQ,90827696.0,False,2026-10-04 09:08:42
FUSE,Fusemachines Inc.,NASDAQ,14365115.0,False,2026-10-04 09:08:42
FUTU,Futu Holdings Limited,NASDAQ,14323671040.0,True,2026-10-04 09:08:42
FVAV,Fortress Value Acquisition Corp. V,NASDAQ,370409376.0,False,2026-10-04 09:08:42
FWDI,"Forward Industries, Inc.",NASDAQ,622511808.0,True,2026-10-04 09:08:42
FWONA,Liberty Media Corporation,NASDAQ,20906579968.0,True,2026-10-04 09:08:42
FWONK,Liberty Media Corporation,NASDAQ,22864613376.0,True,2026-10-04 09:08:42
FWRD,Forward Air Corporation,NASDAQ,537453568.0,True,2026-10-04 09:08:42
FWRG,"First Watch Restaurant Group, Inc.",NASDAQ,652300416.0,True,2026-10-04 09:08:42
FXNC,First National Corporation,NASDAQ,271821408.0,False,2026-10-04 09:08:42
GABC,"German American Bancorp, Inc.",NASDAQ,1856393216.0,True,2026-10-04 09:08:42
GAIA,"Gaia, Inc.",NASDAQ,35341852.0,False,2026-10-04 09:08:42
GAIN,Gladstone Investment Corporation,NASDAQ,623612032.0,True,2026-10-04 09:08:42
GAING,Gladstone Investment Corporation,NASDAQ,,False,2026-10-04 09:08:42
GAINI,Gladstone Investment Corporation,NASDAQ,,False,2026-10-04 09:08:42
GAINN,Gladstone Investment Corporation,NASDAQ,,False,2026-10-04 09:08:42
GAINZ,Gladstone Investment Corporation,NASDAQ,,False,2026-10-04 09:08:42
GALT,Galectin Therapeutics Inc.,NASDAQ,393313632.0,False,2026-10-04 09:08:42
GAMB,Gambling.com Group Limited,NASDAQ,,False,2026-10-04 09:08:42
GAME,"GameSquare Holdings, Inc.",NASDAQ,39723768.0,False,2026-10-04 09:08:42
GANX,"Gain Therapeutics, Inc.",NASDAQ,74630592.0,False,2026-10-04 09:08:42
GASS,"StealthGas, Inc.",NASDAQ,351451936.0,False,2026-10-04 09:08:42
GAUZ,Gauzy Ltd.,NASDAQ,5881434.0,False,2026-10-04 09:08:42
GBDC,"Golub Capital BDC, Inc.",NASDAQ,3256030976.0,True,2026-10-04 09:08:42
GBFH,GBank Financial Holdings Inc.,NASDAQ,260280080.0,False,2026-10-04 09:08:42
GBLI,"Global Indemnity Group, LLC",NASDAQ,356498944.0,False,2026-10-04 09:08:42
GCBC,"Greene County Bancorp, Inc.",NASDAQ,583293056.0,True,2026-10-04 09:08:42
GCL,GCL Global Holdings Ltd,NASDAQ,97030600.0,False,2026-10-04 09:08:42
GCMG,GCM Grosvenor Inc.,NASDAQ,797697792.0,True,2026-10-04 09:08:42
GCT,GigaCloud Technology Inc,NASDAQ,1919425152.0,True,2026-10-04 09:08:42
GDC,GD Culture Group Limited,NASDAQ,5952375.0,False,2026-10-04 09:08:42
GDEV,GDEV Inc.,NASDAQ,194968768.0,False,2026-10-04 09:08:42
GDHG,Golden Heaven Group Holdings Ltd.,NASDAQ,23437552.0,False,2026-10-04 09:08:42
GDS,GDS Holdings Limited,NASDAQ,5524410880.0,True,2026-10-04 09:08:42
GDTC,CytoMed Therapeutics Limited,NASDAQ,10980116.0,False,2026-10-04 09:08:42
GDYN,"Grid Dynamics Holdings, Inc.",NASDAQ,650637632.0,True,2026-10-04 09:08:42
GECC,Great Elm Capital Corp.,NASDAQ,69726544.0,False,2026-10-04 09:08:42
GECCG,Great Elm Capital Corp.,NASDAQ,,False,2026-10-04 09:08:42
GECCH,Great Elm Capital Corp.,NASDAQ,,False,2026-10-04 09:08:42
GECCI,Great Elm Capital Corp.,NASDAQ,,False,2026-10-04 09:08:42
GEG,"Great Elm Group, Inc.",NASDAQ,67731136.0,False,2026-10-04 09:08:42
GEGGL,"Great Elm Group, Inc.",NASDAQ,,False,2026-10-04 09:08:42
GEHC,GE HealthCare Technologies Inc.,NASDAQ,29244993536.0,True,2026-10-04 09:08:42
GELS,Gelteq Limited,NASDAQ,5583675.0,False,2026-10-04 09:08:42
GEMI,"Gemini Space Station, Inc.",NASDAQ,605475776.0,True,2026-10-04 09:08:42
GEN,Gen Digital Inc.,NASDAQ,13162928128.0,True,2026-10-04 09:08:42
GENB,"Generate Biomedicines, Inc.",NASDAQ,1757144704.0,True,2026-10-04 09:08:42
GENK,"GEN Restaurant Group, Inc.",NASDAQ,53073036.0,False,2026-10-04 09:08:42
GEOS,Geospace Technologies Corporation,NASDAQ,62090896.0,False,2026-10-04 09:08:42
GERN,Geron Corporation,NASDAQ,770968128.0,True,2026-10-04 09:08:42
GEVO,"Gevo, Inc.",NASDAQ,323880608.0,False,2026-10-04 09:08:42
GFAI,"Guardforce AI Co., Limited",NASDAQ,9666009.0,False,2026-10-04 09:08:42
GFS,GlobalFoundries Inc.,NASDAQ,27965691904.0,True,2026-10-04 09:08:42
GGAL,Grupo Financiero Galicia S.A.,NASDAQ,6081683968.0,True,2026-10-04 09:08:42
GGR,Gogoro Inc.,NASDAQ,64235456.0,False,2026-10-04 09:08:42
GGRP,"The Glimpse Group, Inc.",NASDAQ,20201594.0,False,2026-10-04 09:08:42
GH,"Guardant Health, Inc.",NASDAQ,23860078592.0,True,2026-10-04 09:08:42
GHRS,GH Research PLC,NASDAQ,1574654080.0,True,2026-10-04 09:08:42
GIBO,GIBO Holdings Limited,NASDAQ,84515352.0,False,2026-10-04 09:08:42
GIFT,"Giftify, Inc.",NASDAQ,19480304.0,False,2026-10-04 09:08:42
GIG,GigCapital7 Corp.,NASDAQ,,False,2026-10-04 09:08:42
GIGM,GigaMedia Limited,NASDAQ,15804695.0,False,2026-10-04 09:08:42
GIII,"G-III Apparel Group, LTD.",NASDAQ,1173530112.0,True,2026-10-04 09:08:42
GILD,"Gilead Sciences, Inc.",NASDAQ,179471122432.0,True,2026-10-04 09:08:42
GIPR,Generation Income Properties Inc.,NASDAQ,1336781.0,False,2026-10-04 09:08:42
GITS,"Global Interactive Technologies, Inc. Common Stock",NASDAQ,7607618.0,False,2026-10-04 09:08:42
GIW,GigCapital8 Corp.,NASDAQ,481612896.0,False,2026-10-04 09:08:42
GLAD,Gladstone Capital Corporation,NASDAQ,432657248.0,False,2026-10-04 09:08:42
GLBE,Global-E Online Ltd.,NASDAQ,6602798592.0,True,2026-10-04 09:08:42
GLBS,Globus Maritime Limited,NASDAQ,75538048.0,False,2026-10-04 09:08:42
GLDD,Great Lakes Dredge & Dock Corporation,NASDAQ,,False,2026-10-04 09:08:42
GLE,Global Engine Group Holding Limited,NASDAQ,9205290.0,False,2026-10-04 09:08:42
GLIBA,"GCI Liberty, Inc.",NASDAQ,924199616.0,True,2026-10-04 09:08:42
GLIBK,"GCI Liberty, Inc.",NASDAQ,927392000.0,True,2026-10-04 09:08:42
GLMD,Galmed Pharmaceuticals Ltd.,NASDAQ,4945923.0,False,2026-10-04 09:08:42
GLND,Greenland Energy Company,NASDAQ,163113616.0,False,2026-10-04 09:08:42
GLNG,Golar LNG Limited,NASDAQ,5024193024.0,True,2026-10-04 09:08:42
GLOO,"Gloo Holdings, Inc.",NASDAQ,377107872.0,False,2026-10-04 09:08:42
GLPG,Galapagos NV,NASDAQ,,False,2026-10-04 09:08:42
GLSI,"Greenwich LifeSciences, Inc.",NASDAQ,249235968.0,False,2026-10-04 09:08:42
GLUE,"Monte Rosa Therapeutics, Inc.",NASDAQ,895790720.0,True,2026-10-04 09:08:42
GLXG,Galaxy Payroll Group Limited,NASDAQ,5901900.0,False,2026-10-04 09:08:42
GLXY,Galaxy Digital Inc.,NASDAQ,13589196800.0,True,2026-10-04 09:08:42
GMAB,Genmab A/S,NASDAQ,21686034432.0,True,2026-10-04 09:08:42
GMEX,GMEX ROBOTICS CORPORATION,NASDAQ,1843691.0,False,2026-10-04 09:08:42
GMM,Global Mofy AI Limited,NASDAQ,8063544.0,False,2026-10-04 09:08:42
GNLN,"Greenlane Holdings, Inc.",NASDAQ,1847487.0,False,2026-10-04 09:08:42
GNSS,Genasys Inc.,NASDAQ,66035912.0,False,2026-10-04 09:08:42
GNTA,Genenta Science S.p.A.,NASDAQ,35921556.0,False,2026-10-04 09:08:42
GNTX,Gentex Corporation,NASDAQ,4701976576.0,True,2026-10-04 09:08:42
GO,Grocery Outlet Holding Corp.,NASDAQ,1151361792.0,True,2026-10-04 09:08:42
GOAI,Eva Live Inc.,NASDAQ,74412104.0,False,2026-10-04 09:08:42
GOGO,Gogo Inc.,NASDAQ,285921568.0,False,2026-10-04 09:08:42
GOODN,Gladstone Commercial Corporation,NASDAQ,,False,2026-10-04 09:08:42
GOODO,Gladstone Commercial Corporation,NASDAQ,,False,2026-10-04 09:08:42
GOOG,Alphabet Inc.,NASDAQ,4162458484736.0,True,2026-10-04 09:08:42
GP,GreenPower Motor Company Inc.,NASDAQ,5544945.0,False,2026-10-04 09:08:42
GPAC,General Purpose Acquisition Corp.,NASDAQ,297041024.0,False,2026-10-04 09:08:42
GPAT,GP-Act III Acquisition Corp.,NASDAQ,178258336.0,False,2026-10-04 09:08:42
GPCR,Structure Therapeutics Inc.,NASDAQ,1973143680.0,True,2026-10-04 09:08:42
GPRE,"Green Plains, Inc.",NASDAQ,1067551808.0,True,2026-10-04 09:08:42
GPRO,"GoPro, Inc.",NASDAQ,278581088.0,False,2026-10-04 09:08:42
GRAB,Grab Holdings Limited,NASDAQ,12601209856.0,True,2026-10-04 09:08:42
GRAL,"GRAIL, Inc.",NASDAQ,6398884352.0,True,2026-10-04 09:08:42
GRAN,Grande Group Limited,NASDAQ,23485984.0,False,2026-10-04 09:08:42
GRCE,"Grace Therapeutics, Inc.",NASDAQ,43544372.0,False,2026-10-04 09:08:42
GRDX,GridAI Technologies Corp.,NASDAQ,27169578.0,False,2026-10-04 09:08:42
GREE,Greenidge Generation Holdings Inc.,NASDAQ,,False,2026-10-04 09:08:42
GREEL,Greenidge Generation Holdings Inc.,NASDAQ,,False,2026-10-04 09:08:42
GRFS,"Grifols, S.A.",NASDAQ,4975035392.0,True,2026-10-04 09:08:42
GRI,"GRI Bio, Inc.",NASDAQ,4284785.0,False,2026-10-04 09:08:42
GRML,Greenland Mines Ltd,NASDAQ,60013228.0,False,2026-10-04 09:08:42
GRNQ,Greenpro Capital Corp.,NASDAQ,15372424.0,False,2026-10-04 09:08:42
GROW,"U.S. Global Investors, Inc.",NASDAQ,35172840.0,False,2026-10-04 09:08:42
GRPN,"Groupon, Inc.",NASDAQ,785246848.0,True,2026-10-04 09:08:42
GRRR,Gorilla Technology Group Inc.,NASDAQ,362300480.0,False,2026-10-04 09:08:42
GRVY,"GRAVITY Co., Ltd.",NASDAQ,475999648.0,False,2026-10-04 09:08:42
GRWG,GrowGeneration Corp.,NASDAQ,94342720.0,False,2026-10-04 09:08:42
GSAT,"Globalstar, Inc.",NASDAQ,10782265344.0,True,2026-10-04 09:08:42
GSBC,"Great Southern Bancorp, Inc.",NASDAQ,863845312.0,True,2026-10-04 09:08:42
GSHD,"Goosehead Insurance, Inc.",NASDAQ,1626445056.0,True,2026-10-04 09:08:42
GSHR,Gesher Acquisition Corp. II,NASDAQ,216404464.0,False,2026-10-04 09:08:42
GSIT,"GSI Technology, Inc.",NASDAQ,215606848.0,False,2026-10-04 09:08:42
GSM,Ferroglobe PLC,NASDAQ,796025792.0,True,2026-10-04 09:08:42
GSRF,GSR IV Acquisition Corp.,NASDAQ,301700448.0,False,2026-10-04 09:08:42
GSUN,Golden Sun Technology Group Limited,NASDAQ,2176264.0,False,2026-10-04 09:08:42
GT,The Goodyear Tire & Rubber Company,NASDAQ,1393430016.0,True,2026-10-04 09:08:42
GTBP,"GT Biopharma, Inc.",NASDAQ,11006712.0,False,2026-10-04 09:08:42
GTEC,Greenland Technologies Holding Corporation,NASDAQ,21503474.0,False,2026-10-04 09:08:42
GTERA,Globa Terra Acquisition Corporation,NASDAQ,308903904.0,False,2026-10-04 09:08:42
GTIM,Good Times Restaurants Inc.,NASDAQ,15836844.0,False,2026-10-04 09:08:42
GTLB,GitLab Inc.,NASDAQ,8294094848.0,True,2026-10-04 09:08:42
GTX,Garrett Motion Inc.,NASDAQ,5067192320.0,True,2026-10-04 09:08:42
GURE,"Gulf Resources, Inc.",NASDAQ,5467796.0,False,2026-10-04 09:08:42
GUTS,"Fractyl Health, Inc.",NASDAQ,64722524.0,False,2026-10-04 09:08:42
GV,Visionary Holdings Inc.,NASDAQ,,False,2026-10-04 09:08:42
GVH,Globavend Holdings Limited,NASDAQ,2681174.0,False,2026-10-04 09:08:42
GWAV,"Greenwave Technology Solutions, Inc.",NASDAQ,1912299.0,False,2026-10-04 09:08:42
GWRS,"Global Water Resources, Inc.",NASDAQ,234106208.0,False,2026-10-04 09:08:42
GXAI,Gaxos.ai Inc.,NASDAQ,7094805.0,False,2026-10-04 09:08:42
GYRE,"Gyre Therapeutics, Inc.",NASDAQ,753900032.0,True,2026-10-04 09:08:42
GYRO,"Gyrodyne , LLC",NASDAQ,10028624.0,False,2026-10-04 09:08:42
HAFC,Hanmi Financial Corporation,NASDAQ,938991936.0,True,2026-10-04 09:08:42
HAS,"Hasbro, Inc.",NASDAQ,12629121024.0,True,2026-10-04 09:08:42
HAVA,Harvard Ave Acquisition Corporation,NASDAQ,211898240.0,False,2026-10-04 09:08:42
HBAN,Huntington Bancshares Incorporated,NASDAQ,30972958720.0,True,2026-10-04 09:08:42
HBANL,Huntington Bancshares Incorporated,NASDAQ,,False,2026-10-04 09:08:42
HBANM,Huntington Bancshares Incorporated,NASDAQ,,False,2026-10-04 09:08:42
HBANZ,Huntington Bancshares Incorporated,NASDAQ,,False,2026-10-04 09:08:42
HBCP,"Home Bancorp, Inc.",NASDAQ,531511744.0,True,2026-10-04 09:08:42
HBIO,"Harvard Bioscience, Inc.",NASDAQ,37966224.0,False,2026-10-04 09:08:42
HBNB,Hotel101 Global Holdings Corp.,NASDAQ,1113994240.0,True,2026-10-04 09:08:42
HBNC,"Horizon Bancorp, Inc.",NASDAQ,1000191232.0,True,2026-10-04 09:08:42
HBT,"HBT Financial, Inc.",NASDAQ,1321526400.0,True,2026-10-04 09:08:42
HCAC,Hall Chadwick Acquisition Corp.,NASDAQ,295771488.0,False,2026-10-04 09:08:42
HCAI,"Huachen AI Parking Management Technology Holding Co., Ltd.",NASDAQ,5533031.0,False,2026-10-04 09:08:42
HCAT,"Health Catalyst, Inc",NASDAQ,131698672.0,False,2026-10-04 09:08:42
HCHL,Happy City Holdings Limited,NASDAQ,118183824.0,False,2026-10-04 09:08:42
HCIC,Hennessy Capital Investment Corp. VIII,NASDAQ,354424864.0,False,2026-10-04 09:08:42
HCKT,"The Hackett Group, Inc.",NASDAQ,268183456.0,False,2026-10-04 09:08:42
HCM,HUTCHMED (China) Limited,NASDAQ,2468161280.0,True,2026-10-04 09:08:42
HCMA,HCM III Acquisition Corp.,NASDAQ,347453312.0,False,2026-10-04 09:08:42
HCSG,"Healthcare Services Group, Inc.",NASDAQ,1432354048.0,True,2026-10-04 09:08:42
HCTI,"Healthcare Triangle, Inc.",NASDAQ,10617134.0,False,2026-10-04 09:08:42
HCWB,HCW Biologics Inc.,NASDAQ,3757024.0,False,2026-10-04 09:08:42
HDL,SUPER HI INTERNATIONAL HOLDING LTD.,NASDAQ,665441984.0,True,2026-10-04 09:08:42
HDSN,"Hudson Technologies, Inc.",NASDAQ,220123104.0,False,2026-10-04 09:08:42
HELE,Helen of Troy Limited,NASDAQ,622829696.0,True,2026-10-04 09:08:42
HELP,Cybin Inc.,NASDAQ,854915072.0,True,2026-10-04 09:08:42
HERZ,"Herzfeld Credit Income Fund, Inc.",NASDAQ,30820748.0,False,2026-10-04 09:08:42
HFBL,"Home Federal Bancorp, Inc. of Louisiana",NASDAQ,76931632.0,False,2026-10-04 09:08:42
HFFG,HF Foods Group Inc.,NASDAQ,90632592.0,False,2026-10-04 09:08:42
HGBL,Heritage Global Inc.,NASDAQ,44684880.0,False,2026-10-04 09:08:42
HHS,"Harte Hanks, Inc.",NASDAQ,33991332.0,False,2026-10-04 09:08:42
HIFS,Hingham Institution for Savings,NASDAQ,632324608.0,True,2026-10-04 09:08:42
HIHO,Highway Holdings Limited,NASDAQ,4164471.0,False,2026-10-04 09:08:42
HIMX,"Himax Technologies, Inc.",NASDAQ,2658251008.0,True,2026-10-04 09:08:42
HIND,"Vyome Holdings, Inc.",NASDAQ,13405388.0,False,2026-10-04 09:08:42
HITI,High Tide Inc.,NASDAQ,234445088.0,False,2026-10-04 09:08:42
HIVE,HIVE Digital Technologies Ltd,NASDAQ,815975104.0,True,2026-10-04 09:08:42
HLMN,Hillman Solutions Corp.,NASDAQ,1369596800.0,True,2026-10-04 09:08:42
HLNE,Hamilton Lane Incorporated,NASDAQ,5833601024.0,True,2026-10-04 09:08:42
HLP,Hongli Group Inc.,NASDAQ,190583808.0,False,2026-10-04 09:08:42
HNNA,"Hennessy Advisors, Inc.",NASDAQ,81494472.0,False,2026-10-04 09:08:42
HNRG,Hallador Energy Company,NASDAQ,635963840.0,True,2026-10-04 09:08:42
HNST,"The Honest Company, Inc.",NASDAQ,553587392.0,True,2026-10-04 09:08:42
HNVR,"Hanover Bancorp, Inc.",NASDAQ,180901072.0,False,2026-10-04 09:08:42
HOFT,Hooker Furnishings Corporation,NASDAQ,140816240.0,False,2026-10-04 09:08:42
HOLO,MicroCloud Hologram Inc.,NASDAQ,35743280.0,False,2026-10-04 09:08:42
HOLX,"Hologic, Inc.",NASDAQ,,False,2026-10-04 09:08:42
HON,Honeywell International Inc.,NASDAQ,67821993984.0,True,2026-10-04 09:08:42
HOOD,"Robinhood Markets, Inc.",NASDAQ,101362540544.0,True,2026-10-04 09:08:42
HOPE,"Hope Bancorp, Inc.",NASDAQ,1747508352.0,True,2026-10-04 09:08:42
HOVR,New Horizon Aircraft Ltd.,NASDAQ,112267400.0,False,2026-10-04 09:08:42
HOWL,"Werewolf Therapeutics, Inc.",NASDAQ,45107040.0,False,2026-10-04 09:08:42
HPAI,Helport AI Limited,NASDAQ,11448426.0,False,2026-10-04 09:08:42
HPK,"HighPeak Energy, Inc.",NASDAQ,992654464.0,True,2026-10-04 09:08:42
HQY,"HealthEquity, Inc.",NASDAQ,7447685120.0,True,2026-10-04 09:08:42
HRMY,"Harmony Biosciences Holdings, Inc.",NASDAQ,2308490496.0,True,2026-10-04 09:08:42
HROW,"Harrow, Inc.",NASDAQ,1142629632.0,True,2026-10-04 09:08:42
HRTX,"Heron Therapeutics, Inc.",NASDAQ,65992664.0,False,2026-10-04 09:08:42
HRZN,Horizon Technology Finance Corporation,NASDAQ,315366336.0,False,2026-10-04 09:08:42
HSAI,Hesai Group,NASDAQ,19334776832.0,True,2026-10-04 09:08:42
HSDT,Solana Company,NASDAQ,171225040.0,False,2026-10-04 09:08:42
HST,"Host Hotels & Resorts, Inc.",NASDAQ,15673028608.0,True,2026-10-04 09:08:42
HSTM,"HealthStream, Inc.",NASDAQ,942965248.0,True,2026-10-04 09:08:42
HTBK,Heritage Commerce Corp,NASDAQ,,False,2026-10-04 09:08:42
HTCO,High-Trend International Group,NASDAQ,21116846.0,False,2026-10-04 09:08:42
HTCR,"Heartcore Enterprises, Inc.",NASDAQ,3000349.0,False,2026-10-04 09:08:42
HTFL,"Heartflow, Inc.",NASDAQ,4288552704.0,True,2026-10-04 09:08:42
HTHT,H World Group Limited,NASDAQ,13177661440.0,True,2026-10-04 09:08:42
HTLD,"Heartland Express, Inc.",NASDAQ,920257984.0,True,2026-10-04 09:08:42
HTLM,HomesToLife Ltd,NASDAQ,170406256.0,False,2026-10-04 09:08:42
HTO,H2O America,NASDAQ,2516849664.0,True,2026-10-04 09:08:42
HTOO,Fusion Fuel Green PLC,NASDAQ,16159958.0,False,2026-10-04 09:08:42
HTZ,"Hertz Global Holdings, Inc",NASDAQ,627354432.0,True,2026-10-04 09:08:42
HUBC,Hub Cyber Security Ltd.,NASDAQ,1813779.0,False,2026-10-04 09:08:42
HUBCZ,Hub Cyber Security Ltd.,NASDAQ,,False,2026-10-04 09:08:42
HUBG,"Hub Group, Inc.",NASDAQ,1820540032.0,True,2026-10-04 09:08:42
HUDI,"Huadi International Group Co., Ltd.",NASDAQ,9805776.0,False,2026-10-04 09:08:42
HUHU,HUHUTECH International Group Inc.,NASDAQ,127500640.0,False,2026-10-04 09:08:42
HUIZ,Huize Holding Limited,NASDAQ,13441082.0,False,2026-10-04 09:08:42
HUMA,"Humacyte, Inc.",NASDAQ,144871712.0,False,2026-10-04 09:08:42
HURC,"Hurco Companies, Inc.",NASDAQ,144357216.0,False,2026-10-04 09:08:42
HVII,Hennessy Capital Investment Corp. VII,NASDAQ,116064064.0,False,2026-10-04 09:08:42
HVMC,Highview Merger Corp.,NASDAQ,301746592.0,False,2026-10-04 09:08:42
HWBK,"Hawthorn Bancshares, Inc.",NASDAQ,282531296.0,False,2026-10-04 09:08:42
HWC,Hancock Whitney Corporation,NASDAQ,5863502848.0,True,2026-10-04 09:08:42
HWCPZ,Hancock Whitney Corporation,NASDAQ,,False,2026-10-04 09:08:42
HWH,HWH International Inc.,NASDAQ,20706752.0,False,2026-10-04 09:08:42
HWKN,"Hawkins, Inc.",NASDAQ,2743198976.0,True,2026-10-04 09:08:42
HXHX,Haoxin Holdings Limited,NASDAQ,5711360.0,False,2026-10-04 09:08:42
HYFM,"Hydrofarm Holdings Group, Inc.",NASDAQ,4963902.0,False,2026-10-04 09:08:42
HYFT,MindWalk Holdings Corp.,NASDAQ,63129636.0,False,2026-10-04 09:08:42
HYMC,Hycroft Mining Holding Corporation,NASDAQ,1743429120.0,True,2026-10-04 09:08:42
HYNE,"Hoyne Bancorp, Inc.",NASDAQ,123907320.0,False,2026-10-04 09:08:42
HYPD,"Hyperion DeFi, Inc.",NASDAQ,56704796.0,False,2026-10-04 09:08:42
HYPR,"Hyperfine, Inc.",NASDAQ,94786304.0,False,2026-10-04 09:08:42
IAC,IAC Inc.,NASDAQ,,False,2026-10-04 09:08:42
IART,Integra LifeSciences Holdings Corporation,NASDAQ,986155392.0,True,2026-10-04 09:08:42
IBCP,Independent Bank Corporation,NASDAQ,807388352.0,True,2026-10-04 09:08:42
IBEX,IBEX Limited,NASDAQ,578682880.0,True,2026-10-04 09:08:42
IBG,Innovation Beverage Group Limited,NASDAQ,3587443.0,False,2026-10-04 09:08:42
IBIO,"iBio, Inc.",NASDAQ,55888380.0,False,2026-10-04 09:08:42
IBKR,"Interactive Brokers Group, Inc.",NASDAQ,150446915584.0,True,2026-10-04 09:08:42
IBOC,International Bancshares Corporation,NASDAQ,4343454720.0,True,2026-10-04 09:08:42
IBRX,"ImmunityBio, Inc.",NASDAQ,10900416512.0,True,2026-10-04 09:08:42
ICCC,ImmuCell Corporation,NASDAQ,88551424.0,False,2026-10-04 09:08:42
ICCM,IceCure Medical Ltd.,NASDAQ,7282258.0,False,2026-10-04 09:08:42
ICFI,"ICF International, Inc.",NASDAQ,1468067712.0,True,2026-10-04 09:08:42
ICHR,Ichor Holdings,NASDAQ,2356620032.0,True,2026-10-04 09:08:42
ICLR,ICON plc,NASDAQ,12502839296.0,True,2026-10-04 09:08:42
ICMB,"Investcorp Credit Management BDC, Inc.",NASDAQ,11401653.0,False,2026-10-04 09:08:42
ICON,Icon Energy Corp.,NASDAQ,3513178.0,False,2026-10-04 09:08:42
ICU,SeaStar Medical Holding Corporation,NASDAQ,20668084.0,False,2026-10-04 09:08:42
ICUI,"ICU Medical, Inc.",NASDAQ,3985621760.0,True,2026-10-04 09:08:42
IDAI,T Stamp Inc.,NASDAQ,18327696.0,False,2026-10-04 09:08:42
IDCC,"InterDigital, Inc.",NASDAQ,8648367104.0,True,2026-10-04 09:08:42
IDN,"Intellicheck, Inc.",NASDAQ,46005508.0,False,2026-10-04 09:08:42
IDXX,"IDEXX Laboratories, Inc.",NASDAQ,40892157952.0,True,2026-10-04 09:08:42
IDYA,"IDEAYA Biosciences, Inc.",NASDAQ,3604847360.0,True,2026-10-04 09:08:42
IEAG,Infinite Eagle Acquisition Corp.,NASDAQ,443033600.0,False,2026-10-04 09:08:42
IFBD,"Infobird Co., Ltd",NASDAQ,7068378.0,False,2026-10-04 09:08:42
IFRX,InflaRx N.V.,NASDAQ,253473344.0,False,2026-10-04 09:08:42
IGAC,Invest Green Acquisition Corporation,NASDAQ,240848304.0,False,2026-10-04 09:08:42
IGIC,International General Insurance Holdings Ltd.,NASDAQ,1045530176.0,True,2026-10-04 09:08:42
IHRT,"iHeartMedia, Inc.",NASDAQ,300291008.0,False,2026-10-04 09:08:42
III,"Information Services Group, Inc.",NASDAQ,275956736.0,False,2026-10-04 09:08:42
IIIV,"i3 Verticals, Inc.",NASDAQ,496702816.0,False,2026-10-04 09:08:42
IKT,"Inhibikase Therapeutics, Inc.",NASDAQ,279071808.0,False,2026-10-04 09:08:42
ILAG,Intelligent Living Application Group Inc.,NASDAQ,6023149.0,False,2026-10-04 09:08:42
ILMN,"Illumina, Inc.",NASDAQ,41229041664.0,True,2026-10-04 09:08:42
ILPT,Industrial Logistics Properties Trust,NASDAQ,472560832.0,False,2026-10-04 09:08:42
IMA,"ImageneBio, Inc.",NASDAQ,52216696.0,False,2026-10-04 09:08:42
IMCC,IM Cannabis Corp.,NASDAQ,1231998.0,False,2026-10-04 09:08:42
IMCR,Immunocore Holdings plc,NASDAQ,1530023808.0,True,2026-10-04 09:08:42
IMDX,Insight Molecular Diagnostics Inc.,NASDAQ,112571536.0,False,2026-10-04 09:08:42
IMKTA,"Ingles Markets, Incorporated",NASDAQ,1645862656.0,True,2026-10-04 09:08:42
IMMP,Immutep Limited,NASDAQ,32053440.0,False,2026-10-04 09:08:42
IMMR,Immersion Corporation,NASDAQ,245392624.0,False,2026-10-04 09:08:42
IMMX,"Immix Biopharma, Inc.",NASDAQ,802500608.0,True,2026-10-04 09:08:42
IMNM,"Immunome, Inc.",NASDAQ,2373772544.0,True,2026-10-04 09:08:42
IMNN,"Imunon, Inc.",NASDAQ,7182595.0,False,2026-10-04 09:08:42
IMOS,ChipMOS TECHNOLOGIES INC.,NASDAQ,2896416512.0,True,2026-10-04 09:08:42
IMPP,Imperial Petroleum Inc.,NASDAQ,245443440.0,False,2026-10-04 09:08:42
IMRN,Immuron Limited,NASDAQ,8797610.0,False,2026-10-04 09:08:42
IMRX,Immuneering Corporation,NASDAQ,263318432.0,False,2026-10-04 09:08:42
IMSR,Terrestrial Energy Inc.,NASDAQ,488194368.0,False,2026-10-04 09:08:42
IMTE,Integrated Media Technology Limited,NASDAQ,1551929.0,False,2026-10-04 09:08:42
IMTX,Immatics N.V.,NASDAQ,1155388288.0,True,2026-10-04 09:08:42
IMUX,"Immunic, Inc.",NASDAQ,108609960.0,False,2026-10-04 09:08:42
IMVT,"Immunovant, Inc.",NASDAQ,6944301056.0,True,2026-10-04 09:08:42
INAB,"IN8bio, Inc.",NASDAQ,13801736.0,False,2026-10-04 09:08:42
INAC,Indigo Acquisition Corp.,NASDAQ,153304448.0,False,2026-10-04 09:08:42
INBK,First Internet Bancorp,NASDAQ,241221328.0,False,2026-10-04 09:08:42
INBKZ,First Internet Bancorp,NASDAQ,,False,2026-10-04 09:08:42
INBS,Intelligent Bio Solutions Inc.,NASDAQ,5505893.0,False,2026-10-04 09:08:42
INCR,Intercure Ltd.,NASDAQ,81320416.0,False,2026-10-04 09:08:42
INCY,Incyte Corporation,NASDAQ,23371051008.0,True,2026-10-04 09:08:42
INDB,Independent Bank Corp.,NASDAQ,3792369920.0,True,2026-10-04 09:08:42
INDI,"indie Semiconductor, Inc.",NASDAQ,688472384.0,True,2026-10-04 09:08:42
INDP,"Indaptus Therapeutics, Inc.",NASDAQ,317116736.0,False,2026-10-04 09:08:42
INDV,"Indivior Pharmaceuticals, Inc.",NASDAQ,4214920448.0,True,2026-10-04 09:08:42
INEO,INNEOVA Holdings Limited,NASDAQ,9472751.0,False,2026-10-04 09:08:42
INKT,"MiNK Therapeutics, Inc.",NASDAQ,63481344.0,False,2026-10-04 09:08:42
INLF,INLIF LIMITED,NASDAQ,3870557.0,False,2026-10-04 09:08:42
INM,InMed Pharmaceuticals Inc.,NASDAQ,7306668.0,False,2026-10-04 09:08:42
INMB,INmune Bio Inc.,NASDAQ,53564808.0,False,2026-10-04 09:08:42
INMD,InMode Ltd.,NASDAQ,810797376.0,True,2026-10-04 09:08:42
INNV,InnovAge Holding Corp.,NASDAQ,1222604800.0,True,2026-10-04 09:08:42
INO,"Inovio Pharmaceuticals, Inc.",NASDAQ,119941120.0,False,2026-10-04 09:08:42
INOD,Innodata Inc.,NASDAQ,2409192448.0,True,2026-10-04 09:08:42
INSE,"Inspired Entertainment, Inc.",NASDAQ,91331760.0,False,2026-10-04 09:08:42
INSG,Inseego Corp.,NASDAQ,81063552.0,False,2026-10-04 09:08:42
INSM,Insmed Incorporated,NASDAQ,24266553344.0,True,2026-10-04 09:08:42
INTA,"Intapp, Inc.",NASDAQ,2791891968.0,True,2026-10-04 09:08:42
INTS,"Intensity Therapeutics, Inc.",NASDAQ,11231184.0,False,2026-10-04 09:08:42
INTU,Intuit Inc.,NASDAQ,75114692608.0,True,2026-10-04 09:08:42
INTZ,Intrusion Inc.,NASDAQ,16362337.0,False,2026-10-04 09:08:42
INV,"Innventure, Inc.",NASDAQ,42636316.0,False,2026-10-04 09:08:42
INVA,"Innoviva, Inc.",NASDAQ,1481032448.0,True,2026-10-04 09:08:42
INVE,"Identiv, Inc.",NASDAQ,56954016.0,False,2026-10-04 09:08:42
INVZ,Innoviz Technologies Ltd.,NASDAQ,107795536.0,False,2026-10-04 09:08:42
IOBT,"IO Biotech, Inc.",NASDAQ,,False,2026-10-04 09:08:42
IONR,ioneer Ltd,NASDAQ,234979632.0,False,2026-10-04 09:08:42
IONS,"Ionis Pharmaceuticals, Inc.",NASDAQ,7235665408.0,True,2026-10-04 09:08:42
IOSP,Innospec Inc.,NASDAQ,2399310592.0,True,2026-10-04 09:08:42
IOTR,iOThree Limited,NASDAQ,9484555.0,False,2026-10-04 09:08:42
IOVA,"Iovance Biotherapeutics, Inc.",NASDAQ,6438988800.0,True,2026-10-04 09:08:42
IPCX,Inflection Point Acquisition Corp. III,NASDAQ,136169664.0,False,2026-10-04 09:08:42
IPDN,"Professional Diversity Network, Inc.",NASDAQ,2143911.0,False,2026-10-04 09:08:42
IPEX,Inflection Point Acquisition Corp.,NASDAQ,37633628.0,False,2026-10-04 09:08:42
IPGP,IPG Photonics Corporation,NASDAQ,3567386112.0,True,2026-10-04 09:08:42
IPHA,Innate Pharma S.A.,NASDAQ,174252528.0,False,2026-10-04 09:08:42
IPM,Intelligent Protection Management Corp.,NASDAQ,23203598.0,False,2026-10-04 09:08:42
IPOD,Dune Acquisition Corporation II,NASDAQ,,False,2026-10-04 09:08:42
IPWR,Ideal Power Inc.,NASDAQ,66560356.0,False,2026-10-04 09:08:42
IQ,"iQIYI, Inc.",NASDAQ,957401024.0,True,2026-10-04 09:08:42
IQST,iQSTEL Inc.,NASDAQ,11243334.0,False,2026-10-04 09:08:42
IRD,"Opus Genetics, Inc.",NASDAQ,381036864.0,False,2026-10-04 09:08:42
IRDM,Iridium Communications Inc,NASDAQ,5188856832.0,True,2026-10-04 09:08:42
IREN,IREN Limited,NASDAQ,16455888896.0,True,2026-10-04 09:08:42
IRHO,Iron Horse Acquisitions II Corp.,NASDAQ,295105792.0,False,2026-10-04 09:08:42
IRMD,iRadimed Corporation,NASDAQ,1092009088.0,True,2026-10-04 09:08:42
IRON,"Disc Medicine, Inc.",NASDAQ,2476722432.0,True,2026-10-04 09:08:42
IRTC,"iRhythm Holdings, Inc.",NASDAQ,3638126848.0,True,2026-10-04 09:08:42
IRWD,"Ironwood Pharmaceuticals, Inc.",NASDAQ,601473472.0,True,2026-10-04 09:08:42
ISBA,Isabella Bank Corporation,NASDAQ,290812640.0,False,2026-10-04 09:08:42
ISPC,iSpecimen Inc.,NASDAQ,2720077.0,False,2026-10-04 09:08:42
ISRG,"Intuitive Surgical, Inc.",NASDAQ,140427083776.0,True,2026-10-04 09:08:42
ISSC,"Innovative Solutions and Support, Inc.",NASDAQ,443541504.0,False,2026-10-04 09:08:42
ISTR,Investar Holding Corporation,NASDAQ,405182336.0,False,2026-10-04 09:08:42
ITHA,ITHAX Acquisition Corp III,NASDAQ,308813344.0,False,2026-10-04 09:08:42
ITIC,Investors Title Company,NASDAQ,547896448.0,True,2026-10-04 09:08:42
ITRI,"Itron, Inc.",NASDAQ,3787992064.0,True,2026-10-04 09:08:42
ITRM,Iterum Therapeutics plc,NASDAQ,,False,2026-10-04 09:08:42
ITRN,Ituran Location and Control Ltd.,NASDAQ,1041963008.0,True,2026-10-04 09:08:42
IVA,Inventiva S.A.,NASDAQ,840945536.0,True,2026-10-04 09:08:42
IVF,"INVO Fertility, Inc.",NASDAQ,2143458.0,False,2026-10-04 09:08:42
IZEA,"IZEA Worldwide, Inc.",NASDAQ,42669900.0,False,2026-10-04 09:08:42
IZM,ICZOOM Group Inc.,NASDAQ,2884346.0,False,2026-10-04 09:08:42
JACK,Jack In The Box Inc.,NASDAQ,238782656.0,False,2026-10-04 09:08:42
JAGX,"Jaguar Health, Inc.",NASDAQ,1903522.0,False,2026-10-04 09:08:42
JAKK,"JAKKS Pacific, Inc.",NASDAQ,310732064.0,False,2026-10-04 09:08:42
JANX,"Janux Therapeutics, Inc.",NASDAQ,1035045568.0,True,2026-10-04 09:08:42
JAZZ,Jazz Pharmaceuticals plc,NASDAQ,15298417664.0,True,2026-10-04 09:08:42
JBHT,"J.B. Hunt Transport Services, Inc.",NASDAQ,21991378944.0,True,2026-10-04 09:08:42
JBIO,"Jade Biosciences, Inc.",NASDAQ,897995136.0,True,2026-10-04 09:08:42
JCAP,"Jefferson Capital, Inc.",NASDAQ,1105441536.0,True,2026-10-04 09:08:42
JD,"JD.com, Inc.",NASDAQ,34815889408.0,True,2026-10-04 09:08:42
JDZG,JIADE LIMITED,NASDAQ,26523200.0,False,2026-10-04 09:08:42
JEM,707 Cayman Holdings Limited,NASDAQ,2517134.0,False,2026-10-04 09:08:42
JF,J and Friends Holdings Limited,NASDAQ,16872942.0,False,2026-10-04 09:08:42
JFB,JFB Construction Holdings,NASDAQ,100039352.0,False,2026-10-04 09:08:42
JFIN,Jiayin Group Inc.,NASDAQ,68551696.0,False,2026-10-04 09:08:42
JFU,9F Inc.,NASDAQ,31321776.0,False,2026-10-04 09:08:42
JG,Aurora Mobile Limited,NASDAQ,37154836.0,False,2026-10-04 09:08:42
JJSF,J & J Snack Foods Corp.,NASDAQ,1461835776.0,True,2026-10-04 09:08:42
JKHY,"Jack Henry & Associates, Inc.",NASDAQ,9993850880.0,True,2026-10-04 09:08:42
JL,J-Long Group Limited,NASDAQ,17247400.0,False,2026-10-04 09:08:42
JLHL,Julong Holding Limited,NASDAQ,88572544.0,False,2026-10-04 09:08:42
JMSB,"John Marshall Bancorp, Inc.",NASDAQ,324720192.0,False,2026-10-04 09:08:42
JOUT,Johnson Outdoors Inc.,NASDAQ,470641984.0,False,2026-10-04 09:08:42
JOYY,JOYY Inc.,NASDAQ,3878211840.0,True,2026-10-04 09:08:42
JRSH,"Jerash Holdings (US), Inc.",NASDAQ,78104632.0,False,2026-10-04 09:08:42
JRVR,"James River Group Holdings, Inc.",NASDAQ,161409152.0,False,2026-10-04 09:08:42
JSM,Navient Corporation,NASDAQ,,False,2026-10-04 09:08:42
JSPR,"Jasper Therapeutics, Inc.",NASDAQ,18806780.0,False,2026-10-04 09:08:42
JTAI,Jet.AI Inc.,NASDAQ,2203667.0,False,2026-10-04 09:08:42
JUNS,"Jupiter Neurosciences, Inc.",NASDAQ,3362228.0,False,2026-10-04 09:08:42
JVA,"Coffee Holding Co., Inc.",NASDAQ,22720228.0,False,2026-10-04 09:08:42
JWEL,Jowell Global Ltd.,NASDAQ,5821521.0,False,2026-10-04 09:08:42
JXG,JX Luxventure Group Inc.,NASDAQ,92861048.0,False,2026-10-04 09:08:42
JYD,Jayud Global Logistics Limited,NASDAQ,6979375.0,False,2026-10-04 09:08:42
JYNT,The Joint Corp.,NASDAQ,102962168.0,False,2026-10-04 09:08:42
JZ,Jianzhi Education Technology Group Company Limited,NASDAQ,1050024.0,False,2026-10-04 09:08:42
JZXN,"Jiuzi Holdings, Inc.",NASDAQ,58209420.0,False,2026-10-04 09:08:42
KALA,"KALA BIO, Inc.",NASDAQ,7445817.0,False,2026-10-04 09:08:42
KALU,Kaiser Aluminum Corporation,NASDAQ,2485470720.0,True,2026-10-04 09:08:42
KALV,"KalVista Pharmaceuticals, Inc.",NASDAQ,1437504000.0,True,2026-10-04 09:08:42
KBON,Karbon Capital Partners Corp.,NASDAQ,444111360.0,False,2026-10-04 09:08:42
KBSX,FST Corp.,NASDAQ,64910708.0,False,2026-10-04 09:08:42
KC,Kingsoft Cloud Holdings Limited,NASDAQ,2694327040.0,True,2026-10-04 09:08:42
KCHV,Kochav Defense Acquisition Corp.,NASDAQ,358674816.0,False,2026-10-04 09:08:42
KDK,"Kodiak AI, Inc.",NASDAQ,329013792.0,False,2026-10-04 09:08:42
KELYA,"Kelly Services, Inc.",NASDAQ,545986176.0,True,2026-10-04 09:08:42
KELYB,"Kelly Services, Inc.",NASDAQ,777995520.0,True,2026-10-04 09:08:42
KEQU,Kewaunee Scientific Corporation,NASDAQ,98905056.0,False,2026-10-04 09:08:42
KFFB,Kentucky First Federal Bancorp,NASDAQ,45609076.0,False,2026-10-04 09:08:42
KFII,K&F Growth Acquisition Corp. II,NASDAQ,419274336.0,False,2026-10-04 09:08:42
KG,"Kestrel Group, Ltd.",NASDAQ,,False,2026-10-04 09:08:42
KIDS,OrthoPediatrics Corp.,NASDAQ,,False,2026-10-04 09:08:42
KINS,"Kingstone Companies, Inc",NASDAQ,,False,2026-10-04 09:08:42
KITT,"Nauticus Robotics, Inc.",NASDAQ,,False,2026-10-04 09:08:42
KLAC,KLA Corporation,NASDAQ,,False,2026-10-04 09:08:42
KLRS,"Kalaris Therapeutics, Inc.",NASDAQ,,False,2026-10-04 09:08:42
KLTR,"Kaltura, Inc.",NASDAQ,,False,2026-10-04 09:08:42
KLXE,"KLX Energy Services Holdings, Inc.",NASDAQ,,False,2026-10-04 09:08:42
KMB,Kimberly-Clark Corporation,NASDAQ,,False,2026-10-04 09:08:42
KMRK,K-Tech Solutions Company Limited,NASDAQ,,False,2026-10-04 09:08:42
KMTS,"Kestra Medical Technologies, Ltd.",NASDAQ,,False,2026-10-04 09:08:42
KNDI,"Kandi Technologies Group, Inc.",NASDAQ,,False,2026-10-04 09:08:42
KNSA,"Kiniksa Pharmaceuticals International, plc",NASDAQ,,False,2026-10-04 09:08:42
KOD,Kodiak Sciences Inc,NASDAQ,,False,2026-10-04 09:08:42
KOPN,Kopin Corporation,NASDAQ,,False,2026-10-04 09:08:42
KOYN,CSLM Digital Asset Acquisition Corp III,NASDAQ,,False,2026-10-04 09:08:42
KPLT,"Katapult Holdings, Inc.",NASDAQ,,False,2026-10-04 09:08:42
KPTI,Karyopharm Therapeutics Inc.,NASDAQ,,False,2026-10-04 09:08:42
KRAQ,KRAKacquisition Corp,NASDAQ,,False,2026-10-04 09:08:42
KRMD,"KORU Medical Systems, Inc.",NASDAQ,,False,2026-10-04 09:08:42
KRNT,Kornit Digital Ltd.,NASDAQ,,False,2026-10-04 09:08:42
KRNY,Kearny Financial,NASDAQ,,False,2026-10-04 09:08:42
KROS,"Keros Therapeutics, Inc.",NASDAQ,,False,2026-10-04 09:08:42
KRRO,"Korro Bio, Inc.",NASDAQ,,False,2026-10-04 09:08:42
KRT,Karat Packaging Inc.,NASDAQ,,False,2026-10-04 09:08:42
KRUS,"Kura Sushi USA, Inc.",NASDAQ,,False,2026-10-04 09:08:42
KRYS,"Krystal Biotech, Inc.",NASDAQ,,False,2026-10-04 09:08:42
KTCC,Key Tronic Corporation,NASDAQ,,False,2026-10-04 09:08:42
KTOS,"Kratos Defense & Security Solutions, Inc.",NASDAQ,,False,2026-10-04 09:08:42
KTTA,Pasithea Therapeutics Corp.,NASDAQ,,False,2026-10-04 09:08:42
KTWO,K2 Capital Acquisition Corporation,NASDAQ,,False,2026-10-04 09:08:42
KURA,"Kura Oncology, Inc.",NASDAQ,,False,2026-10-04 09:08:42
KUST,"Kustom Entertainment, Inc.",NASDAQ,,False,2026-10-04 09:08:42
KVAC,Keen Vision Acquisition Corporation,NASDAQ,,False,2026-10-04 09:08:42
KYMR,"Kymera Therapeutics, Inc.",NASDAQ,,False,2026-10-04 09:08:42
KYNB,"Kyntra Bio, Inc.",NASDAQ,,False,2026-10-04 09:08:42
KYTX,"Kyverna Therapeutics, Inc.",NASDAQ,,False,2026-10-04 09:08:42
KZIA,Kazia Therapeutics Limited,NASDAQ,,False,2026-10-04 09:08:42
LAB,Standard BioTools Inc.,NASDAQ,,False,2026-10-04 09:08:42
LAES,SEALSQ Corp,NASDAQ,,False,2026-10-04 09:08:42
LAFA,LaFayette Acquisition Corp.,NASDAQ,,False,2026-10-04 09:08:42
LAKE,"Lakeland Industries, Inc.",NASDAQ,,False,2026-10-04 09:08:42
LAMR,Lamar Advertising Company,NASDAQ,,False,2026-10-04 09:08:42
LAND,Gladstone Land Corporation,NASDAQ,,False,2026-10-04 09:08:42
LANDO,Gladstone Land Corporation,NASDAQ,,False,2026-10-04 09:08:42
LARK,Landmark Bancorp Inc.,NASDAQ,,False,2026-10-04 09:08:42
LASE,Laser Photonics Corporation,NASDAQ,,False,2026-10-04 09:08:42
LASR,"nLIGHT, Inc.",NASDAQ,,False,2026-10-04 09:08:42
LATA,Galata Acquisition Corp. II,NASDAQ,,False,2026-10-04 09:08:42
LAUR,"Laureate Education, Inc.",NASDAQ,,False,2026-10-04 09:08:42
LAWR,"Robot Consulting Co., Ltd.",NASDAQ,,False,2026-10-04 09:08:42
LBGJ,Li Bang International Corporation Inc.,NASDAQ,,False,2026-10-04 09:08:42
LBRDA,Liberty Broadband Corporation,NASDAQ,,False,2026-10-04 09:08:42
LBRDK,Liberty Broadband Corporation,NASDAQ,,False,2026-10-04 09:08:42
LBTYB,Liberty Global Ltd.,NASDAQ,,False,2026-10-04 09:08:42
LCFY,Locafy Limited,NASDAQ,,False,2026-10-04 09:08:42
LCID,"Lucid Group, Inc.",NASDAQ,,False,2026-10-04 09:08:42
LCNB,LCNB Corporation,NASDAQ,,False,2026-10-04 09:08:42
LCUT,"Lifetime Brands, Inc.",NASDAQ,,False,2026-10-04 09:08:42
LE,"Lands' End, Inc.",NASDAQ,,False,2026-10-04 09:08:42
LECO,"Lincoln Electric Holdings, Inc.",NASDAQ,,False,2026-10-04 09:08:42
LEDS,SemiLEDS Corporation,NASDAQ,,False,2026-10-04 09:08:42
LEGN,Legend Biotech Corporation,NASDAQ,,False,2026-10-04 09:08:42
LENZ,"LENZ Therapeutics, Inc.",NASDAQ,,False,2026-10-04 09:08:42
LESL,"Leslie's, Inc.",NASDAQ,,False,2026-10-04 09:08:42
LEXX,Lexaria Bioscience Corp.,NASDAQ,,False,2026-10-04 09:08:42
LFCR,"Lifecore Biomedical, Inc.",NASDAQ,,False,2026-10-04 09:08:42
LFMD,"LifeMD, Inc.",NASDAQ,,False,2026-10-04 09:08:42
LFST,"LifeStance Health Group, Inc.",NASDAQ,,False,2026-10-04 09:08:42
LFUS,"Littelfuse, Inc.",NASDAQ,,False,2026-10-04 09:08:42
LFVN,Lifevantage Corporation,NASDAQ,,False,2026-10-04 09:08:42
LFWD,Lifeward Ltd.,NASDAQ,,False,2026-10-04 09:08:42
LGCB,Linkage Global Inc,NASDAQ,,False,2026-10-04 09:08:42
LGCL,Lucas GC Limited,NASDAQ,,False,2026-10-04 09:08:42
LGHL,Lion Group Holding Ltd.,NASDAQ,,False,2026-10-04 09:08:42
LGIH,"LGI Homes, Inc.",NASDAQ,,False,2026-10-04 09:08:42
LGN,Legence Corp.,NASDAQ,,False,2026-10-04 09:08:42
LGND,Ligand Pharmaceuticals Incorporated,NASDAQ,,False,2026-10-04 09:08:42
LGO,Largo Inc.,NASDAQ,,False,2026-10-04 09:08:42
LGVN,Longeveron Inc.,NASDAQ,,False,2026-10-04 09:08:42
LHAI,Linkhome Holdings Inc.,NASDAQ,,False,2026-10-04 09:08:42
LHSW,Lianhe Sowell International Group Ltd,NASDAQ,,False,2026-10-04 09:08:42
LI,Li Auto Inc.,NASDAQ,,False,2026-10-04 09:08:42
LICN,Lichen International Limited,NASDAQ,,False,2026-10-04 09:08:42
LIDR,"AEye, Inc.",NASDAQ,,False,2026-10-04 09:08:42
LIEN,"Chicago Atlantic BDC, Inc.",NASDAQ,,False,2026-10-04 09:08:42
LIF,"Life360, Inc.",NASDAQ,,False,2026-10-04 09:08:42
LIFE,Ethos Technologies Inc.,NASDAQ,,False,2026-10-04 09:08:42
LILA,Liberty Latin America Ltd.,NASDAQ,,False,2026-10-04 09:08:42
LILAK,Liberty Latin America Ltd.,NASDAQ,,False,2026-10-04 09:08:42
LIMN,"Liminatus Pharma, Inc.",NASDAQ,,False,2026-10-04 09:08:42
LIN,Linde plc,NASDAQ,,False,2026-10-04 09:08:42
LINC,Lincoln Educational Services Corporation,NASDAQ,,False,2026-10-04 09:08:42
LIND,Lindblad Expeditions Holdings Inc.,NASDAQ,,False,2026-10-04 09:08:42
LINE,"Lineage, Inc.",NASDAQ,,False,2026-10-04 09:08:42
LINK,"Interlink Electronics, Inc.",NASDAQ,,False,2026-10-04 09:08:42
LIQT,"LiqTech International, Inc.",NASDAQ,,False,2026-10-04 09:08:42
LITE,Lumentum Holdings Inc.,NASDAQ,,False,2026-10-04 09:08:42
LITS,"Lite Strategy, Inc.",NASDAQ,,False,2026-10-04 09:08:42
LIVE,Live Ventures Incorporated,NASDAQ,,False,2026-10-04 09:08:42
LIVN,LivaNova PLC,NASDAQ,,False,2026-10-04 09:08:42
LIXT,"Lixte Biotechnology Holdings, Inc.",NASDAQ,,False,2026-10-04 09:08:42
LKFN,Lakeland Financial Corporation,NASDAQ,,False,2026-10-04 09:08:42
LKQ,LKQ Corporation,NASDAQ,,False,2026-10-04 09:08:42
LKSP,Lake Superior Acquisition Corp.,NASDAQ,,False,2026-10-04 09:08:42
LLYVA,"Liberty Live Holdings, Inc.",NASDAQ,,False,2026-10-04 09:08:42
LLYVK,"Liberty Live Holdings, Inc.",NASDAQ,,False,2026-10-04 09:08:42
LMAT,"LeMaitre Vascular, Inc.",NASDAQ,,False,2026-10-04 09:08:42
LMFA,"LM Funding America, Inc.",NASDAQ,,False,2026-10-04 09:08:42
LMNR,Limoneira Co,NASDAQ,,False,2026-10-04 09:08:42
LMRI,"Lumexa Imaging Holdings, Inc.",NASDAQ,,False,2026-10-04 09:08:42
LNAI,Lunai Bioworks Inc.,NASDAQ,,False,2026-10-04 09:08:42
LNKB,"LINKBANCORP, Inc.",NASDAQ,,False,2026-10-04 09:08:42
LNKS,Linkers Industries Limited,NASDAQ,,False,2026-10-04 09:08:42
LNT,Alliant Energy Corporation,NASDAQ,,False,2026-10-04 09:08:42
LNTH,"Lantheus Holdings, Inc.",NASDAQ,,False,2026-10-04 09:08:42
LNZA,"LanzaTech Global, Inc.",NASDAQ,,False,2026-10-04 09:08:42
LOAN,"Manhattan Bridge Capital, Inc",NASDAQ,,False,2026-10-04 09:08:42
LOBO,LOBO TECHNOLOGIES LTD.,NASDAQ,,False,2026-10-04 09:08:42
LOCO,"El Pollo Loco Holdings, Inc.",NASDAQ,,False,2026-10-04 09:08:42
LOGI,Logitech International S.A.,NASDAQ,,False,2026-10-04 09:08:42
LONA,"LeonaBio, Inc.",NASDAQ,,False,2026-10-04 09:08:42
LOOP,"Loop Industries, Inc.",NASDAQ,,False,2026-10-04 09:08:42
LOPE,"Grand Canyon Education, Inc.",NASDAQ,,False,2026-10-04 09:08:42
LOVE,The Lovesac Company,NASDAQ,,False,2026-10-04 09:08:42
LPAA,Launch One Acquisition Corp.,NASDAQ,,False,2026-10-04 09:08:42
LPBB,Launch Two Acquisition Corp.,NASDAQ,,False,2026-10-04 09:08:42
LPCN,Lipocine Inc.,NASDAQ,,False,2026-10-04 09:08:42
LPCV,Launchpad Cadenza Acquisition Corp I,NASDAQ,,False,2026-10-04 09:08:42
LPLA,LPL Financial Holdings Inc.,NASDAQ,,False,2026-10-04 09:08:42
LPSN,"LivePerson, Inc.",NASDAQ,,False,2026-10-04 09:08:42
LPTH,"LightPath Technologies, Inc.",NASDAQ,,False,2026-10-04 09:08:42
LQDA,Liquidia Corporation,NASDAQ,,False,2026-10-04 09:08:42
LRE,"Lead Real Estate Co., Ltd",NASDAQ,,False,2026-10-04 09:08:42
LRHC,La Rosa Holdings Corp.,NASDAQ,,False,2026-10-04 09:08:42
LRMR,"Larimar Therapeutics, Inc.",NASDAQ,,False,2026-10-04 09:08:42
LSAK,"Lesaka Technologies, Inc.",NASDAQ,,False,2026-10-04 09:08:42
LSBK,"Lake Shore Bancorp, Inc.",NASDAQ,,False,2026-10-04 09:08:42
LSCC,Lattice Semiconductor Corporation,NASDAQ,,False,2026-10-04 09:08:42
LSE,"Leishen Energy Holding Co., Ltd.",NASDAQ,,False,2026-10-04 09:08:42
LSH,Lakeside Holding Limited,NASDAQ,,False,2026-10-04 09:08:42
LSTA,"Lisata Therapeutics, Inc.",NASDAQ,,False,2026-10-04 09:08:42
LSTR,"Landstar System, Inc.",NASDAQ,,False,2026-10-04 09:08:42
LTBR,Lightbridge Corporation,NASDAQ,,False,2026-10-04 09:08:42
LTRN,Lantern Pharma Inc.,NASDAQ,,False,2026-10-04 09:08:42
LULU,lululemon athletica inc.,NASDAQ,,False,2026-10-04 09:08:42
LUNG,Pulmonx Corporation,NASDAQ,,False,2026-10-04 09:08:42
LUNR,"Intuitive Machines, Inc.",NASDAQ,,False,2026-10-04 09:08:42
LVLU,"Lulu's Fashion Lounge Holdings, Inc.",NASDAQ,,False,2026-10-04 09:08:42
LWAC,LightWave Acquisition Corp.,NASDAQ,,False,2026-10-04 09:08:42
LWAY,"Lifeway Foods, Inc.",NASDAQ,,False,2026-10-04 09:08:42
LWLG,"Lightwave Logic, Inc.",NASDAQ,,False,2026-10-04 09:08:42
LX,LexinFintech Holdings Ltd.,NASDAQ,,False,2026-10-04 09:08:42
LXRX,"Lexicon Pharmaceuticals, Inc.",NASDAQ,,False,2026-10-04 09:08:42
LYTS,LSI Industries Inc.,NASDAQ,,False,2026-10-04 09:08:42
LZ,"LegalZoom.com, Inc.",NASDAQ,,False,2026-10-04 09:08:42
LZMH,LZ Technology Holdings Limited,NASDAQ,,False,2026-10-04 09:08:42
MACI,Melar Acquisition Corp. I,NASDAQ,,False,2026-10-04 09:08:42
MAGH,Magnitude International Ltd,NASDAQ,,False,2026-10-04 09:08:42
MAKO,Mako Mining Corp,NASDAQ,,False,2026-10-04 09:08:42
MAMA,"Mama's Creations, Inc.",NASDAQ,,False,2026-10-04 09:08:42
MAMK,MaxsMaking Inc.,NASDAQ,,False,2026-10-04 09:08:42
MAMO,Massimo Group,NASDAQ,,False,2026-10-04 09:08:42
MANH,"Manhattan Associates, Inc.",NASDAQ,,False,2026-10-04 09:08:42
MAPS,"WM Technology, Inc.",NASDAQ,,False,2026-10-04 09:08:42
MAR,Marriott International,NASDAQ,,False,2026-10-04 09:08:42
MARA,"MARA Holdings, Inc.",NASDAQ,,False,2026-10-04 09:08:42
MARPS,Marine Petroleum Trust,NASDAQ,,False,2026-10-04 09:08:42
MASS,908 Devices Inc.,NASDAQ,,False,2026-10-04 09:08:42
MATH,Metalpha Technology Holding Limited,NASDAQ,,False,2026-10-04 09:08:42
MATW,Matthews International Corporation,NASDAQ,,False,2026-10-04 09:08:42
MAXN,"Maxeon Solar Technologies, Ltd.",NASDAQ,,False,2026-10-04 09:08:42
MAZE,"Maze Therapeutics, Inc.",NASDAQ,,False,2026-10-04 09:08:42
MB,MasterBeef Group,NASDAQ,,False,2026-10-04 09:08:42
MBAI,Check-Cap Ltd.,NASDAQ,,False,2026-10-04 09:08:42
MBAV,M3-Brigade Acquisition V Corp.,NASDAQ,,False,2026-10-04 09:08:42
MBBC,"Marathon Bancorp, Inc.",NASDAQ,,False,2026-10-04 09:08:42
MBIN,Merchants Bancorp,NASDAQ,,False,2026-10-04 09:08:42
MBINL,Merchants Bancorp,NASDAQ,,False,2026-10-04 09:08:42
MBINM,Merchants Bancorp,NASDAQ,,False,2026-10-04 09:08:42
MBINN,Merchants Bancorp,NASDAQ,,False,2026-10-04 09:08:42
MBIO,"Mustang Bio, Inc.",NASDAQ,,False,2026-10-04 09:08:42
MBLY,Mobileye Global Inc.,NASDAQ,,False,2026-10-04 09:08:42
MBNKO,Medallion Bank,NASDAQ,,False,2026-10-04 09:08:42
MBOT,Microbot Medical Inc.,NASDAQ,,False,2026-10-04 09:08:42
MBRX,"Moleculin Biotech, Inc.",NASDAQ,,False,2026-10-04 09:08:42
MBUU,"Malibu Boats, Inc.",NASDAQ,,False,2026-10-04 09:08:42
MBVI,M3-Brigade Acquisition VI Corp.,NASDAQ,,False,2026-10-04 09:08:42
MBWM,Mercantile Bank Corporation,NASDAQ,,False,2026-10-04 09:08:42
MBX,"MBX Biosciences, Inc.",NASDAQ,,False,2026-10-04 09:08:42
MCBS,"MetroCity Bankshares, Inc.",NASDAQ,,False,2026-10-04 09:08:42
MCFT,"MasterCraft Boat Holdings, Inc.",NASDAQ,,False,2026-10-04 09:08:42
MCGA,Yorkville Acquisition Corp.,NASDAQ,,False,2026-10-04 09:08:42
MCHB,Mechanics Bancorp,NASDAQ,,False,2026-10-04 09:08:42
MCHP,Microchip Technology Incorporated,NASDAQ,,False,2026-10-04 09:08:42
MCHX,"Marchex, Inc.",NASDAQ,,False,2026-10-04 09:08:42
MCRB,"Seres Therapeutics, Inc.",NASDAQ,,False,2026-10-04 09:08:42
MCRI,"Monarch Casino & Resort, Inc.",NASDAQ,,False,2026-10-04 09:08:42
MCTA,Charming Medical Limited,NASDAQ,,False,2026-10-04 09:08:42
MCW,"Mister Car Wash, Inc.",NASDAQ,,False,2026-10-04 09:08:42
MDAI,"Spectral AI, Inc.",NASDAQ,,False,2026-10-04 09:08:42
MDB,"MongoDB, Inc.",NASDAQ,,False,2026-10-04 09:08:42
MDBH,"MDB Capital Holdings, LLC",NASDAQ,,False,2026-10-04 09:08:42
MDCX,Medicus Pharma Ltd.,NASDAQ,,False,2026-10-04 09:08:42
MDGL,"Madrigal Pharmaceuticals, Inc.",NASDAQ,,False,2026-10-04 09:08:42
MDIA,Mediaco Holding Inc.,NASDAQ,,False,2026-10-04 09:08:42
MDLN,Medline Inc.,NASDAQ,,False,2026-10-04 09:08:42
MDLZ,"Mondelez International, Inc.",NASDAQ,,False,2026-10-04 09:08:42
MDRR,"Medalist Diversified, Inc.",NASDAQ,,False,2026-10-04 09:08:42
MDWD,MediWound Ltd.,NASDAQ,,False,2026-10-04 09:08:42
MDXG,"MiMedx Group, Inc",NASDAQ,,False,2026-10-04 09:08:42
MDXH,MDxHealth SA,NASDAQ,,False,2026-10-04 09:08:42
MEDP,"Medpace Holdings, Inc.",NASDAQ,,False,2026-10-04 09:08:42
MERC,Mercer International Inc.,NASDAQ,,False,2026-10-04 09:08:42
MESH,Meshflow Acquisition Corp.,NASDAQ,,False,2026-10-04 09:08:42
MESO,Mesoblast Limited,NASDAQ,,False,2026-10-04 09:08:42
META,"Meta Platforms, Inc.",NASDAQ,,False,2026-10-04 09:08:42
METC,"Ramaco Resources, Inc.",NASDAQ,,False,2026-10-04 09:08:42
METCB,"Ramaco Resources, Inc.",NASDAQ,,False,2026-10-04 09:08:42
MEVO,M Evo Global Acquisition Corp II,NASDAQ,,False,2026-10-04 09:08:42
MFICL,MidCap Financial Investment Corporation,NASDAQ,,False,2026-10-04 09:08:42
MFIN,Medallion Financial Corp.,NASDAQ,,False,2026-10-04 09:08:42
MGEE,MGE Energy Inc.,NASDAQ,,False,2026-10-04 09:08:42
MGIH,Millennium Group International Holdings Limited,NASDAQ,,False,2026-10-04 09:08:42
MGNI,"Magnite, Inc.",NASDAQ,,False,2026-10-04 09:08:42
MGNX,"MacroGenics, Inc.",NASDAQ,,False,2026-10-04 09:08:42
MGPI,"MGP Ingredients, Inc.",NASDAQ,,False,2026-10-04 09:08:42
MGRC,McGrath RentCorp,NASDAQ,,False,2026-10-04 09:08:42
MGRX,"Mangoceuticals, Inc.",NASDAQ,,False,2026-10-04 09:08:42
MGTX,MeiraGTx Holdings plc,NASDAQ,,False,2026-10-04 09:08:42
MGX,"Metagenomi Therapeutics, Inc.",NASDAQ,,False,2026-10-04 09:08:42
MGYR,"Magyar Bancorp, Inc.",NASDAQ,,False,2026-10-04 09:08:42
MIDD,The Middleby Corporation,NASDAQ,,False,2026-10-04 09:08:42
MIGI,Mawson Infrastructure Group Inc.,NASDAQ,,False,2026-10-04 09:08:42
MIMI,Mint Incorporation Limited,NASDAQ,,False,2026-10-04 09:08:42
MIND,"MIND Technology, Inc.",NASDAQ,,False,2026-10-04 09:08:42
MIRA,"MIRA Pharmaceuticals, Inc.",NASDAQ,,False,2026-10-04 09:08:42
MIRM,"Mirum Pharmaceuticals, Inc.",NASDAQ,,False,2026-10-04 09:08:42
MIST,Milestone Pharmaceuticals Inc.,NASDAQ,,False,2026-10-04 09:08:42
MITK,"Mitek Systems, Inc.",NASDAQ,,False,2026-10-04 09:08:42
MKDW,MKDWELL Tech Inc.,NASDAQ,,False,2026-10-04 09:08:42
MKLY,McKinley Acquisition Corporation,NASDAQ,,False,2026-10-04 09:08:42
MKSI,MKS Inc.,NASDAQ,,False,2026-10-04 09:08:42
MKTW,"MarketWise, Inc.",NASDAQ,,False,2026-10-04 09:08:42
MKTX,"MarketAxess Holdings, Inc.",NASDAQ,,False,2026-10-04 09:08:42
MLAA,Mountain Lake Acquisition Corp. II,NASDAQ,,False,2026-10-04 09:08:42
MLAB,"Mesa Laboratories, Inc.",NASDAQ,,False,2026-10-04 09:08:42
MLAC,Mountain Lake Acquisition Corp.,NASDAQ,,False,2026-10-04 09:08:42
MLCO,Melco Resorts & Entertainment Limited,NASDAQ,,False,2026-10-04 09:08:42
MLGO,"MicroAlgo, Inc.",NASDAQ,,False,2026-10-04 09:08:42
MLKN,"MillerKnoll, Inc.",NASDAQ,,False,2026-10-04 09:08:42
MLTX,MoonLake Immunotherapeutics,NASDAQ,,False,2026-10-04 09:08:42
MLYS,"Mineralys Therapeutics, Inc.",NASDAQ,,False,2026-10-04 09:08:42
MMED,"MiniMed Group, Inc.",NASDAQ,,False,2026-10-04 09:08:42
MMLP,Martin Midstream Partners L.P.,NASDAQ,,False,2026-10-04 09:08:42
MMSI,"Merit Medical Systems, Inc.",NASDAQ,,False,2026-10-04 09:08:42
MMTX,Miluna Acquisition Corp,NASDAQ,,False,2026-10-04 09:08:42
MMYT,MakeMyTrip Limited,NASDAQ,,False,2026-10-04 09:08:42
MNDO,MIND C.T.I. Ltd.,NASDAQ,,False,2026-10-04 09:08:42
MNDR,Mobile-health Network Solutions,NASDAQ,,False,2026-10-04 09:08:42
MNDY,monday.com Ltd.,NASDAQ,,False,2026-10-04 09:08:42
MNKD,MannKind Corporation,NASDAQ,,False,2026-10-04 09:08:42
MNOV,"MediciNova, Inc.",NASDAQ,,False,2026-10-04 09:08:42
MNPR,Monopar Therapeutics Inc.,NASDAQ,,False,2026-10-04 09:08:42
MNRO,"Monro, Inc.",NASDAQ,,False,2026-10-04 09:08:42
MNSB,"MainStreet Bancshares, Inc.",NASDAQ,,False,2026-10-04 09:08:42
MNST,Monster Beverage Corporation,NASDAQ,,False,2026-10-04 09:08:42
MNTK,"Montauk Renewables, Inc.",NASDAQ,,False,2026-10-04 09:08:42
MNTS,Momentus Inc.,NASDAQ,,False,2026-10-04 09:08:42
MNY,MoneyHero Limited,NASDAQ,,False,2026-10-04 09:08:42
MOB,Mobilicom Limited,NASDAQ,,False,2026-10-04 09:08:42
MOBX,"Mobix Labs, Inc.",NASDAQ,,False,2026-10-04 09:08:42
MODD,"Modular Medical, Inc.",NASDAQ,,False,2026-10-04 09:08:42
MOLN,Molecular Partners AG,NASDAQ,,False,2026-10-04 09:08:42
MOMO,Hello Group Inc.,NASDAQ,,False,2026-10-04 09:08:42
MORN,"Morningstar, Inc.",NASDAQ,,False,2026-10-04 09:08:42
MOVE,"Corvex, Inc.",NASDAQ,,False,2026-10-04 09:08:42
MPAA,"Motorcar Parts of America, Inc.",NASDAQ,,False,2026-10-04 09:08:42
MPB,Mid Penn Bancorp,NASDAQ,,False,2026-10-04 09:08:42
MPLT,"MapLight Therapeutics, Inc.",NASDAQ,,False,2026-10-04 09:08:42
MQ,"Marqeta, Inc.",NASDAQ,,False,2026-10-04 09:08:42
MRAM,"Everspin Technologies, Inc.",NASDAQ,,False,2026-10-04 09:08:42
MRBK,Meridian Corporation,NASDAQ,,False,2026-10-04 09:08:42
MRCC,Monroe Capital Corporation,NASDAQ,,False,2026-10-04 09:08:42
MRCY,Mercury Systems Inc,NASDAQ,,False,2026-10-04 09:08:42
MRDN,Meridian Holdings Inc.,NASDAQ,,False,2026-10-04 09:08:42
MREO,Mereo BioPharma Group plc,NASDAQ,,False,2026-10-04 09:08:42
MRKR,"Marker Therapeutics, Inc.",NASDAQ,,False,2026-10-04 09:08:42
MRLN,"Merlin, Inc.",NASDAQ,,False,2026-10-04 09:08:42
MRM,MEDIROM Healthcare Technologies Inc.,NASDAQ,,False,2026-10-04 09:08:42
MRNA,"Moderna, Inc.",NASDAQ,,False,2026-10-04 09:08:42
MRNO,Murano Global Investments PLC,NASDAQ,,False,2026-10-04 09:08:42
MRVI,"Maravai LifeSciences Holdings, Inc.",NASDAQ,,False,2026-10-04 09:08:42
MRVL,"Marvell Technology, Inc.",NASDAQ,,False,2026-10-04 09:08:42
MSBI,"Midland States Bancorp, Inc.",NASDAQ,,False,2026-10-04 09:08:42
MSEX,Middlesex Water Company,NASDAQ,,False,2026-10-04 09:08:42
MSFT,Microsoft Corporation,NASDAQ,,False,2026-10-04 09:08:42
MSGM,Motorsport Games Inc.,NASDAQ,,False,2026-10-04 09:08:42
MSS,Maison Solutions Inc.,NASDAQ,,False,2026-10-04 09:08:42
MSTR,Strategy Inc,NASDAQ,,False,2026-10-04 09:08:42
MSW,Ming Shing Group Holdings Limited,NASDAQ,,False,2026-10-04 09:08:42
MTC,"MMTec, Inc.",NASDAQ,,False,2026-10-04 09:08:42
MTCH,"Match Group, Inc.",NASDAQ,,False,2026-10-04 09:08:42
MTEK,Maris-Tech Ltd.,NASDAQ,,False,2026-10-04 09:08:42
MTEN,Mingteng International Corporation Inc.,NASDAQ,,False,2026-10-04 09:08:42
MTEX,"Mannatech, Incorporated",NASDAQ,,False,2026-10-04 09:08:42
MTLS,Materialise NV,NASDAQ,,False,2026-10-04 09:08:42
MTRX,Matrix Service Company,NASDAQ,,False,2026-10-04 09:08:42
MTSI,"MACOM Technology Solutions Holdings, Inc.",NASDAQ,,False,2026-10-04 09:08:42
MTVA,MetaVia Inc.,NASDAQ,,False,2026-10-04 09:08:42
MVBF,MVB Financial Corp.,NASDAQ,,False,2026-10-04 09:08:42
MVIS,"MicroVision, Inc.",NASDAQ,,False,2026-10-04 09:08:42
MVST,"Microvast Holdings, Inc.",NASDAQ,,False,2026-10-04 09:08:42
MWYN,"Marwynn Holdings, Inc.",NASDAQ,,False,2026-10-04 09:08:42
MXCT,"MaxCyte, Inc.",NASDAQ,,False,2026-10-04 09:08:42
MXL,"MaxLinear, Inc",NASDAQ,,False,2026-10-04 09:08:42
MYFW,"First Western Financial, Inc.",NASDAQ,,False,2026-10-04 09:08:42
MYGN,"Myriad Genetics, Inc.",NASDAQ,,False,2026-10-04 09:08:42
MYRG,"MYR Group, Inc.",NASDAQ,,False,2026-10-04 09:08:42
MYSE,"Myseum, Inc.",NASDAQ,,False,2026-10-04 09:08:42
MZTI,The Marzetti Company,NASDAQ,,False,2026-10-04 09:08:42
NAAS,NaaS Technology Inc.,NASDAQ,,False,2026-10-04 09:08:42
NAGE,"Niagen Bioscience, Inc.",NASDAQ,,False,2026-10-04 09:08:42
NAII,"Natural Alternatives International, Inc.",NASDAQ,,False,2026-10-04 09:08:42
NAKA,Nakamoto Inc.,NASDAQ,,False,2026-10-04 09:08:42
NAMM,Namib Minerals,NASDAQ,,False,2026-10-04 09:08:42
NAMS,NewAmsterdam Pharma Company N.V.,NASDAQ,,False,2026-10-04 09:08:42
NATH,"Nathan's Famous, Inc.",NASDAQ,,False,2026-10-04 09:08:42
NAUT,"Nautilus Biotechnology, Inc.",NASDAQ,,False,2026-10-04 09:08:42
NAVI,Navient Corporation,NASDAQ,,False,2026-10-04 09:08:42
NAVN,"Navan, Inc.",NASDAQ,,False,2026-10-04 09:08:42
NB,NioCorp Developments Ltd.,NASDAQ,,False,2026-10-04 09:08:42
NBBK,"NB Bancorp, Inc.",NASDAQ,,False,2026-10-04 09:08:42
NBIS,Nebius Group N.V.,NASDAQ,,False,2026-10-04 09:08:42
NBIX,"Neurocrine Biosciences, Inc.",NASDAQ,,False,2026-10-04 09:08:42
NBN,Northeast Bank,NASDAQ,,False,2026-10-04 09:08:42
NBP,NovaBridge Biosciences,NASDAQ,,False,2026-10-04 09:08:42
NBRG,Newbridge Acquisition Limited,NASDAQ,,False,2026-10-04 09:08:42
NBTB,NBT Bancorp Inc.,NASDAQ,,False,2026-10-04 09:08:42
NBTX,Nanobiotix S.A.,NASDAQ,,False,2026-10-04 09:08:42
NCEL,NewcelX Ltd.,NASDAQ,,False,2026-10-04 09:08:42
NCEW,New Century Logistics (BVI) Limited,NASDAQ,,False,2026-10-04 09:08:42
NCI,Neo-Concept International Group Holdings Limited,NASDAQ,,False,2026-10-04 09:08:42
NCMI,"National CineMedia, Inc.",NASDAQ,,False,2026-10-04 09:08:42
NCNA,NuCana plc,NASDAQ,,False,2026-10-04 09:08:42
NCNO,"nCino, Inc.",NASDAQ,,False,2026-10-04 09:08:42
NCPL,Netcapital Inc.,NASDAQ,,False,2026-10-04 09:08:42
NCRA,"Nocera, Inc.",NASDAQ,,False,2026-10-04 09:08:42
NCSM,"NCS Multistage Holdings, Inc.",NASDAQ,,False,2026-10-04 09:08:42
NCT,Intercont (Cayman) Limited,NASDAQ,,False,2026-10-04 09:08:42
NCTY,The9 Limited,NASDAQ,,False,2026-10-04 09:08:42
NDAQ,"Nasdaq, Inc.",NASDAQ,,False,2026-10-04 09:08:42
NDLS,Noodles & Company,NASDAQ,,False,2026-10-04 09:08:42
NDRA,ENDRA Life Sciences Inc.,NASDAQ,,False,2026-10-04 09:08:42
NDSN,Nordson Corporation,NASDAQ,,False,2026-10-04 09:08:42
NECB,"NorthEast Community Bancorp, Inc.",NASDAQ,,False,2026-10-04 09:08:42
NEGG,"Newegg Commerce, Inc.",NASDAQ,,False,2026-10-04 09:08:42
NEO,"NeoGenomics, Inc.",NASDAQ,,False,2026-10-04 09:08:42
NEOG,Neogen Corporation,NASDAQ,,False,2026-10-04 09:08:42
NEON,Neonode Inc.,NASDAQ,,False,2026-10-04 09:08:42
NEOV,NeoVolta Inc.,NASDAQ,,False,2026-10-04 09:08:42
NEPH,"Nephros, Inc.",NASDAQ,,False,2026-10-04 09:08:42
NERV,"Minerva Neurosciences, Inc",NASDAQ,,False,2026-10-04 09:08:42
NESR,National Energy Services Reunited Corp,NASDAQ,,False,2026-10-04 09:08:42
NEUP,Neuphoria Therapeutics Inc.,NASDAQ,,False,2026-10-04 09:08:42
NEWT,"NewtekOne, Inc.",NASDAQ,,False,2026-10-04 09:08:42
NEWTG,"NewtekOne, Inc.",NASDAQ,,False,2026-10-04 09:08:42
NEWTH,"NewtekOne, Inc.",NASDAQ,,False,2026-10-04 09:08:42
NEWTI,"NewtekOne, Inc.",NASDAQ,,False,2026-10-04 09:08:42
NEWTO,"NewtekOne, Inc.",NASDAQ,,False,2026-10-04 09:08:42
NEXM,NexMetals Mining Corp.,NASDAQ,,False,2026-10-04 09:08:42
NEXR,Nexera Technologies Ltd,NASDAQ,,False,2026-10-04 09:08:42
NEXT,NextDecade Corporation,NASDAQ,,False,2026-10-04 09:08:42
NFE,New Fortress Energy Inc.,NASDAQ,,False,2026-10-04 09:08:42
NFLX,"Netflix, Inc.",NASDAQ,,False,2026-10-04 09:08:42
NGEN,NervGen Pharma Corp.,NASDAQ,,False,2026-10-04 09:08:42
NGNE,Neurogene Inc.,NASDAQ,,False,2026-10-04 09:08:42
NHIC,NewHold Investment Corp III,NASDAQ,,False,2026-10-04 09:08:42
NHTC,Natural Health Trends Corp.,NASDAQ,,False,2026-10-04 09:08:42
NICE,NICE Ltd,NASDAQ,,False,2026-10-04 09:08:42
NIPG,NIP Group Inc.,NASDAQ,,False,2026-10-04 09:08:42
NIU,Niu Technologies,NASDAQ,,False,2026-10-04 09:08:42
NIVF,NewGenIvf Group Limited,NASDAQ,,False,2026-10-04 09:08:42
NIXX,"Nixxy, Inc.",NASDAQ,,False,2026-10-04 09:08:42
NKTR,Nektar Therapeutics,NASDAQ,,False,2026-10-04 09:08:42
NKTX,"Nkarta, Inc.",NASDAQ,,False,2026-10-04 09:08:42
NMFC,New Mountain Finance Corporation,NASDAQ,,False,2026-10-04 09:08:42
NMFCZ,New Mountain Finance Corporation,NASDAQ,,False,2026-10-04 09:08:42
NMIH,NMI Holdings Inc,NASDAQ,,False,2026-10-04 09:08:42
NMP,NMP Acquisition Corp.,NASDAQ,,False,2026-10-04 09:08:42
NMRK,"Newmark Group, Inc.",NASDAQ,,False,2026-10-04 09:08:42
NN,NextNav Inc.,NASDAQ,,False,2026-10-04 09:08:42
NNBR,"NN, Inc.",NASDAQ,,False,2026-10-04 09:08:42
NNDM,Nano Dimension Ltd.,NASDAQ,,False,2026-10-04 09:08:42
NNE,Nano Nuclear Energy Inc.,NASDAQ,,False,2026-10-04 09:08:42
NNNN,Anbio Biotechnology,NASDAQ,,False,2026-10-04 09:08:42
NNOX,NANO-X IMAGING LTD,NASDAQ,,False,2026-10-04 09:08:42
NODK,"NI Holdings, Inc.",NASDAQ,,False,2026-10-04 09:08:42
NOMA,NOMADAR Corp.,NASDAQ,,False,2026-10-04 09:08:42
NOTV,"Inotiv, Inc.",NASDAQ,,False,2026-10-04 09:08:42
NOVT,Novanta Inc.,NASDAQ,,False,2026-10-04 09:08:42
NPAC,New Providence Acquisition Corp. III,NASDAQ,,False,2026-10-04 09:08:42
NPT,Texxon Holding Limited,NASDAQ,,False,2026-10-04 09:08:42
NRC,National Research Corporation,NASDAQ,,False,2026-10-04 09:08:42
NRDS,"NerdWallet, Inc.",NASDAQ,,False,2026-10-04 09:08:42
NRIM,Northrim BanCorp Inc,NASDAQ,,False,2026-10-04 09:08:42
NRIX,"Nurix Therapeutics, Inc.",NASDAQ,,False,2026-10-04 09:08:42
NRSN,NeuroSense Therapeutics Ltd.,NASDAQ,,False,2026-10-04 09:08:42
NRXP,"NRX Pharmaceuticals, Inc.",NASDAQ,,False,2026-10-04 09:08:42
NSIT,"Insight Enterprises, Inc.",NASDAQ,,False,2026-10-04 09:08:42
NSPR,InspireMD Inc.,NASDAQ,,False,2026-10-04 09:08:42
NSSC,"NAPCO Security Technologies, Inc.",NASDAQ,,False,2026-10-04 09:08:42
NSTS,"NSTS Bancorp, Inc.",NASDAQ,,False,2026-10-04 09:08:42
NSYS,Nortech Systems Incorporated,NASDAQ,,False,2026-10-04 09:08:42
NTAP,"NetApp, Inc.",NASDAQ,,False,2026-10-04 09:08:42
NTCL,NETCLASS TECHNOLOGY INC,NASDAQ,,False,2026-10-04 09:08:42
NTCT,"NetScout Systems, Inc.",NASDAQ,,False,2026-10-04 09:08:42
NTES,"NetEase, Inc.",NASDAQ,,False,2026-10-04 09:08:42
NTGR,"NETGEAR, Inc.",NASDAQ,,False,2026-10-04 09:08:42
NTHI,"NeOnc Technologies Holdings, Inc.",NASDAQ,,False,2026-10-04 09:08:42
NTNX,"Nutanix, Inc.",NASDAQ,,False,2026-10-04 09:08:42
NTRA,"Natera, Inc.",NASDAQ,,False,2026-10-04 09:08:42
NTRP,"NextTrip, Inc.",NASDAQ,,False,2026-10-04 09:08:42
NTRS,Northern Trust Corporation,NASDAQ,,False,2026-10-04 09:08:42
NTRSO,Northern Trust Corporation,NASDAQ,,False,2026-10-04 09:08:42
NTWO,Newbury Street II Acquisition Corp,NASDAQ,,False,2026-10-04 09:08:42
NUAI,"New Era Energy & Digital, Inc.",NASDAQ,,False,2026-10-04 09:08:42
NUCL,Eagle Nuclear Energy Corp.,NASDAQ,,False,2026-10-04 09:08:42
NUTR,Nusatrip Incorporated,NASDAQ,,False,2026-10-04 09:08:42
NUTX,Nutex Health Inc.,NASDAQ,,False,2026-10-04 09:08:42
NUVL,"Nuvalent, Inc.",NASDAQ,,False,2026-10-04 09:08:42
NUWE,"Nuwellis, Inc.",NASDAQ,,False,2026-10-04 09:08:42
NVA,Nova Minerals Limited,NASDAQ,,False,2026-10-04 09:08:42
NVAX,"Novavax, Inc.",NASDAQ,,False,2026-10-04 09:08:42
NVCR,NovoCure Limited,NASDAQ,,False,2026-10-04 09:08:42
NVCT,"Nuvectis Pharma, Inc.",NASDAQ,,False,2026-10-04 09:08:42
NVEC,NVE Corporation,NASDAQ,,False,2026-10-04 09:08:42
NVNO,enVVeno Medical Corporation,NASDAQ,,False,2026-10-04 09:08:42
NVTS,Navitas Semiconductor Corporation,NASDAQ,,False,2026-10-04 09:08:42
NWBI,"Northwest Bancshares, Inc.",NASDAQ,,False,2026-10-04 09:08:42
NWE,"NorthWestern Energy Group, Inc.",NASDAQ,,False,2026-10-04 09:08:42
NWGL,CL Workshop Group Limited,NASDAQ,,False,2026-10-04 09:08:42
NWL,Newell Brands Inc.,NASDAQ,,False,2026-10-04 09:08:42
NWS,News Corporation,NASDAQ,,False,2026-10-04 09:08:42
NWSA,News Corporation,NASDAQ,,False,2026-10-04 09:08:42
NWTG,"Newton Golf Company, Inc.",NASDAQ,,False,2026-10-04 09:08:42
NXGL,"NexGel, Inc",NASDAQ,,False,2026-10-04 09:08:42
NXL,"Nexalin Technology, Inc.",NASDAQ,,False,2026-10-04 09:08:42
NXPI,NXP Semiconductors N.V.,NASDAQ,,False,2026-10-04 09:08:42
NXPL,NextPlat Corp,NASDAQ,,False,2026-10-04 09:08:42
NXTC,"NextCure, Inc.",NASDAQ,,False,2026-10-04 09:08:42
NXTS,Nexentis Technologies Inc.,NASDAQ,,False,2026-10-04 09:08:42
NXTT,Next Technology Holding Inc.,NASDAQ,,False,2026-10-04 09:08:42
NYXH,Nyxoah SA,NASDAQ,,False,2026-10-04 09:08:42
OABI,"OmniAb, Inc.",NASDAQ,,False,2026-10-04 09:08:42
OACC,Oaktree Acquisition Corp. III Life Sciences,NASDAQ,,False,2026-10-04 09:08:42
OBA,Oxley Bridge Acquisition Limited,NASDAQ,,False,2026-10-04 09:08:42
OBAI,"Our Bond, Inc.",NASDAQ,,False,2026-10-04 09:08:42
OBIO,"Orchestra BioMed Holdings, Inc.",NASDAQ,,False,2026-10-04 09:08:42
OBT,"Orange County Bancorp, Inc.",NASDAQ,,False,2026-10-04 09:08:42
OCCI,"OFS Credit Company, Inc.",NASDAQ,,False,2026-10-04 09:08:42
OCCIM,"OFS Credit Company, Inc.",NASDAQ,,False,2026-10-04 09:08:42
OCCIN,"OFS Credit Company, Inc.",NASDAQ,,False,2026-10-04 09:08:42
OCCIO,"OFS Credit Company, Inc.",NASDAQ,,False,2026-10-04 09:08:42
OCFC,OceanFirst Financial Corp.,NASDAQ,,False,2026-10-04 09:08:42
OCS,Oculis Holding AG,NASDAQ,,False,2026-10-04 09:08:42
OCSL,Oaktree Specialty Lending Corporation,NASDAQ,,False,2026-10-04 09:08:42
ODD,ODDITY Tech Ltd.,NASDAQ,,False,2026-10-04 09:08:42
ODFL,"Old Dominion Freight Line, Inc.",NASDAQ,,False,2026-10-04 09:08:42
ODVWZ,Osisko Development Corp.,NASDAQ,,False,2026-10-04 09:08:42
ODYS,Odysight.ai Inc.,NASDAQ,,False,2026-10-04 09:08:42
OESX,"Orion Energy Systems, Inc.",NASDAQ,,False,2026-10-04 09:08:42
OFAL,OFA Group,NASDAQ,,False,2026-10-04 09:08:42
OFIX,Orthofix Medical Inc.,NASDAQ,,False,2026-10-04 09:08:42
OFLX,"Omega Flex, Inc.",NASDAQ,,False,2026-10-04 09:08:42
OFS,OFS Capital Corporation,NASDAQ,,False,2026-10-04 09:08:42
OFSSH,OFS Capital Corporation,NASDAQ,,False,2026-10-04 09:08:42
OFSSO,OFS Capital Corporation,NASDAQ,,False,2026-10-04 09:08:42
OGI,Organigram Global Inc.,NASDAQ,,False,2026-10-04 09:08:42
OIM,OneIM Acquisition Corp.,NASDAQ,,False,2026-10-04 09:08:42
OIO,OIO Group,NASDAQ,,False,2026-10-04 09:08:42
OKTA,"Okta, Inc.",NASDAQ,,False,2026-10-04 09:08:42
OLB,"The OLB Group, Inc.",NASDAQ,,False,2026-10-04 09:08:42
OLED,Universal Display Corporation,NASDAQ,,False,2026-10-04 09:08:42
OLMA,"Olema Pharmaceuticals, Inc.",NASDAQ,,False,2026-10-04 09:08:42
OLOX,Olenox Industries Inc.,NASDAQ,,False,2026-10-04 09:08:42
OLPX,"Olaplex Holdings, Inc.",NASDAQ,,False,2026-10-04 09:08:42
OM,"Outset Medical, Inc.",NASDAQ,,False,2026-10-04 09:08:42
OMAB,Grupo Aeroportuario del Centro Norte S.A.B. de C.V.,NASDAQ,,False,2026-10-04 09:08:42
OMCL,"Omnicell, Inc.",NASDAQ,,False,2026-10-04 09:08:42
OMDA,"Omada Health, Inc.",NASDAQ,,False,2026-10-04 09:08:42
OMER,Omeros Corporation,NASDAQ,,False,2026-10-04 09:08:42
OMEX,"Odyssey Marine Exploration, Inc.",NASDAQ,,False,2026-10-04 09:08:42
OMH,Ohmyhome Limited,NASDAQ,,False,2026-10-04 09:08:42
OMSE,OMS Energy Technologies Inc.,NASDAQ,,False,2026-10-04 09:08:42
ON,ON Semiconductor Corporation,NASDAQ,,False,2026-10-04 09:08:42
ONB,Old National Bancorp,NASDAQ,,False,2026-10-04 09:08:42
ONBPO,Old National Bancorp,NASDAQ,,False,2026-10-04 09:08:42
ONC,BeOne Medicines Ltd.,NASDAQ,,False,2026-10-04 09:08:42
ONCH,1RT Acquisition Corp.,NASDAQ,,False,2026-10-04 09:08:42
ONCO,"Onconetix, Inc.",NASDAQ,,False,2026-10-04 09:08:42
ONCY,Oncolytics Biotech Inc.,NASDAQ,,False,2026-10-04 09:08:42
ONEG,OneConstruction Group Limited,NASDAQ,,False,2026-10-04 09:08:42
ONEW,OneWater Marine Inc.,NASDAQ,,False,2026-10-04 09:08:42
ONFO,Onfolio Holdings Inc.,NASDAQ,,False,2026-10-04 09:08:42
ONMD,OneMedNet Corp,NASDAQ,,False,2026-10-04 09:08:42
OPBK,OP Bancorp,NASDAQ,,False,2026-10-04 09:08:42
OPCH,"Option Care Health, Inc.",NASDAQ,,False,2026-10-04 09:08:42
OPEN,Opendoor Technologies Inc,NASDAQ,,False,2026-10-04 09:08:42
OPENL,Opendoor Technologies Inc,NASDAQ,,False,2026-10-04 09:08:42
OPENZ,Opendoor Technologies Inc,NASDAQ,,False,2026-10-04 09:08:42
OPK,"Opko Health, Inc.",NASDAQ,,False,2026-10-04 09:08:42
OPRA,Opera Limited,NASDAQ,,False,2026-10-04 09:08:42
OPRT,Oportun Financial Corporation,NASDAQ,,False,2026-10-04 09:08:42
OPRX,OptimizeRx Corporation,NASDAQ,,False,2026-10-04 09:08:42
OPTX,"Syntec Optics Holdings, Inc.",NASDAQ,,False,2026-10-04 09:08:42
OPXS,"Optex Systems Holdings, Inc.",NASDAQ,,False,2026-10-04 09:08:42
ORBS,Eightco Holdings Inc.,NASDAQ,,False,2026-10-04 09:08:42
ORGN,"Origin Materials, Inc.",NASDAQ,,False,2026-10-04 09:08:42
ORIO,Orion Digital Corp.,NASDAQ,,False,2026-10-04 09:08:42
ORIQ,Origin Investment Corp I,NASDAQ,,False,2026-10-04 09:08:42
ORIS,Oriental Rise Holdings Limited,NASDAQ,,False,2026-10-04 09:08:42
ORKA,"Oruka Therapeutics, Inc.",NASDAQ,,False,2026-10-04 09:08:42
ORKT,Orangekloud Technology Inc.,NASDAQ,,False,2026-10-04 09:08:42
ORLY,"O'Reilly Automotive, Inc.",NASDAQ,,False,2026-10-04 09:08:42
ORMP,Oramed Pharmaceuticals Inc.,NASDAQ,,False,2026-10-04 09:08:42
ORRF,"Orrstown Financial Services, Inc.",NASDAQ,,False,2026-10-04 09:08:42
OS,"OneStream, Inc.",NASDAQ,,False,2026-10-04 09:08:42
OSBC,"Old Second Bancorp, Inc.",NASDAQ,,False,2026-10-04 09:08:42
OSIS,"OSI Systems, Inc.",NASDAQ,,False,2026-10-04 09:08:42
OSPN,OneSpan Inc.,NASDAQ,,False,2026-10-04 09:08:42
OSRH,"OSR Holdings, Inc.",NASDAQ,,False,2026-10-04 09:08:42
OSS,"One Stop Systems, Inc.",NASDAQ,,False,2026-10-04 09:08:42
OST,"Ostin Technology Group Co., Ltd.",NASDAQ,,False,2026-10-04 09:08:42
OSW,OneSpaWorld Holdings Limited,NASDAQ,,False,2026-10-04 09:08:42
OTEX,Open Text Corporation,NASDAQ,,False,2026-10-04 09:08:42
OTGA,OTG Acquisition Corp. I,NASDAQ,,False,2026-10-04 09:08:42
OTLK,"Outlook Therapeutics, Inc.",NASDAQ,,False,2026-10-04 09:08:42
OUST,"Ouster, Inc.",NASDAQ,,False,2026-10-04 09:08:42
OVBC,Ohio Valley Banc Corp.,NASDAQ,,False,2026-10-04 09:08:42
OVID,Ovid Therapeutics Inc.,NASDAQ,,False,2026-10-04 09:08:42
OVLY,Oak Valley Bancorp (CA),NASDAQ,,False,2026-10-04 09:08:42
OWLS,OBOOK Holdings Inc.,NASDAQ,,False,2026-10-04 09:08:42
OXLC,Oxford Lane Capital Corp.,NASDAQ,,False,2026-10-04 09:08:42
OXLCL,Oxford Lane Capital Corp.,NASDAQ,,False,2026-10-04 09:08:42
OXLCO,Oxford Lane Capital Corp.,NASDAQ,,False,2026-10-04 09:08:42
OXSQG,Oxford Square Capital Corp.,NASDAQ,,False,2026-10-04 09:08:42
OXSQH,Oxford Square Capital Corp.,NASDAQ,,False,2026-10-04 09:08:42
OYSE,Oyster Enterprises II Acquisition Corp,NASDAQ,,False,2026-10-04 09:08:42
OZK,Bank OZK,NASDAQ,,False,2026-10-04 09:08:42
PAA,"Plains All American Pipeline, L.P.",NASDAQ,,False,2026-10-04 09:08:42
PACB,"Pacific Biosciences of California, Inc.",NASDAQ,,False,2026-10-04 09:08:42
PACH,Pioneer Acquisition I Corp,NASDAQ,,False,2026-10-04 09:08:42
PAGP,"Plains GP Holdings, L.P.",NASDAQ,,False,2026-10-04 09:08:42
PAHC,Phibro Animal Health Corporation,NASDAQ,,False,2026-10-04 09:08:42
PAL,"Proficient Auto Logistics, Inc.",NASDAQ,,False,2026-10-04 09:08:42
PALI,"Palisade Bio, Inc.",NASDAQ,,False,2026-10-04 09:08:42
PAMT,PAMT CORP,NASDAQ,,False,2026-10-04 09:08:42
PANL,Pangaea Logistics Solutions Ltd.,NASDAQ,,False,2026-10-04 09:08:42
PANW,"Palo Alto Networks, Inc.",NASDAQ,,False,2026-10-04 09:08:42
PARK,"Park Dental Partners, Inc.",NASDAQ,,False,2026-10-04 09:08:42
PASG,"Passage Bio, Inc.",NASDAQ,,False,2026-10-04 09:08:42
PATK,"Patrick Industries, Inc.",NASDAQ,,False,2026-10-04 09:08:42
PAVM,PAVmed Inc.,NASDAQ,,False,2026-10-04 09:08:42
PAX,Patria Investments Limited,NASDAQ,,False,2026-10-04 09:08:42
PAYO,Payoneer Global Inc.,NASDAQ,,False,2026-10-04 09:08:42
PAYP,PayPay Corporation,NASDAQ,,False,2026-10-04 09:08:42
PAYS,"Paysign, Inc.",NASDAQ,,False,2026-10-04 09:08:42
PAYX,"Paychex, Inc.",NASDAQ,,False,2026-10-04 09:08:42
PBFS,"Pioneer Bancorp, Inc.",NASDAQ,,False,2026-10-04 09:08:42
PBHC,"Pathfinder Bancorp, Inc.",NASDAQ,,False,2026-10-04 09:08:42
PBM,Psyence Biomedical Ltd.,NASDAQ,,False,2026-10-04 09:08:42
PCAP,ProCap Acquisition Corp,NASDAQ,,False,2026-10-04 09:08:42
PCAR,PACCAR Inc.,NASDAQ,,False,2026-10-04 09:08:42
PCB,PCB Bancorp,NASDAQ,,False,2026-10-04 09:08:42
PCLA,PicoCELA Inc.,NASDAQ,,False,2026-10-04 09:08:42
PCRX,"Pacira BioSciences, Inc.",NASDAQ,,False,2026-10-04 09:08:42
PCSA,"Processa Pharmaceuticals, Inc.",NASDAQ,,False,2026-10-04 09:08:42
PCSC,Perceptive Capital Solutions Corp,NASDAQ,,False,2026-10-04 09:08:42
PCT,"PureCycle Technologies, Inc.",NASDAQ,,False,2026-10-04 09:08:42
PCTY,Paylocity Holding Corporation,NASDAQ,,False,2026-10-04 09:08:42
PCVX,"Vaxcyte, Inc.",NASDAQ,,False,2026-10-04 09:08:42
PDD,PDD Holdings Inc.,NASDAQ,,False,2026-10-04 09:08:42
PDEX,"Pro-Dex, Inc.",NASDAQ,,False,2026-10-04 09:08:42
PDFS,"PDF Solutions, Inc.",NASDAQ,,False,2026-10-04 09:08:42
PDLB,"Ponce Financial Group, Inc.",NASDAQ,,False,2026-10-04 09:08:42
PDSB,PDS Biotechnology Corporation,NASDAQ,,False,2026-10-04 09:08:42
PDYN,Palladyne AI Corp.,NASDAQ,,False,2026-10-04 09:08:42
PEBO,Peoples Bancorp Inc.,NASDAQ,,False,2026-10-04 09:08:42
PECO,"Phillips Edison & Company, Inc.",NASDAQ,,False,2026-10-04 09:08:42
PENG,"Penguin Solutions, Inc.",NASDAQ,,False,2026-10-04 09:08:42
PENN,"PENN Entertainment, Inc.",NASDAQ,,False,2026-10-04 09:08:42
PEP,"PepsiCo, Inc.",NASDAQ,,False,2026-10-04 09:08:42
PEPG,PepGen Inc.,NASDAQ,,False,2026-10-04 09:08:42
PERI,Perion Network Ltd,NASDAQ,,False,2026-10-04 09:08:42
PESI,"Perma-Fix Environmental Services, Inc.",NASDAQ,,False,2026-10-04 09:08:42
PETS,"PetMed Express, Inc.",NASDAQ,,False,2026-10-04 09:08:42
PETZ,"TDH Holdings, Inc.",NASDAQ,,False,2026-10-04 09:08:42
PFAI,Pinnacle Food Group Limited,NASDAQ,,False,2026-10-04 09:08:42
PFBC,Preferred Bank,NASDAQ,,False,2026-10-04 09:08:42
PFG,Principal Financial Group Inc,NASDAQ,,False,2026-10-04 09:08:42
PFIS,Peoples Financial Services Corp.,NASDAQ,,False,2026-10-04 09:08:42
PFSA,"Profusa, Inc.",NASDAQ,,False,2026-10-04 09:08:42
PFX,PhenixFIN Corporation,NASDAQ,,False,2026-10-04 09:08:42
PGC,Peapack-Gladstone Financial Corporation,NASDAQ,,False,2026-10-04 09:08:42
PHAR,Pharming Group N.V.,NASDAQ,,False,2026-10-04 09:08:42
PHIO,Phio Pharmaceuticals Corp.,NASDAQ,,False,2026-10-04 09:08:42
PHOE,Phoenix Asia Holdings Limited,NASDAQ,,False,2026-10-04 09:08:42
PHUN,"Phunware, Inc.",NASDAQ,,False,2026-10-04 09:08:42
PHVS,Pharvaris N.V.,NASDAQ,,False,2026-10-04 09:08:42
PI,"Impinj, Inc.",NASDAQ,,False,2026-10-04 09:08:42
PKBK,"Parke Bancorp, Inc.",NASDAQ,,False,2026-10-04 09:08:42
PKOH,Park-Ohio Holdings Corp.,NASDAQ,,False,2026-10-04 09:08:42
PLAB,"Photronics, Inc.",NASDAQ,,False,2026-10-04 09:08:42
PLAY,"Dave & Buster's Entertainment, Inc.",NASDAQ,,False,2026-10-04 09:08:42
PLBC,Plumas Bancorp,NASDAQ,,False,2026-10-04 09:08:42
PLCE,"Children's Place, Inc. (The)",NASDAQ,,False,2026-10-04 09:08:42
PLMK,Plum Acquisition Corp. IV,NASDAQ,,False,2026-10-04 09:08:42
PLMR,"Palomar Holdings, Inc.",NASDAQ,,False,2026-10-04 09:08:42
PLPC,Preformed Line Products Company,NASDAQ,,False,2026-10-04 09:08:42
PLRX,"Pliant Therapeutics, Inc.",NASDAQ,,False,2026-10-04 09:08:42
PLRZ,Polyrizon Ltd.,NASDAQ,,False,2026-10-04 09:08:42
PLSE,"Pulse Biosciences, Inc",NASDAQ,,False,2026-10-04 09:08:42
PLSM,Pulsenmore Ltd.,NASDAQ,,False,2026-10-04 09:08:42
PLTK,Playtika Holding Corp.,NASDAQ,,False,2026-10-04 09:08:42
PLTS,Platinum Analytics Cayman Limited,NASDAQ,,False,2026-10-04 09:08:42
PLUG,"Plug Power, Inc.",NASDAQ,,False,2026-10-04 09:08:42
PLUR,Pluri Inc.,NASDAQ,,False,2026-10-04 09:08:42
PLUT,Plutus Financial Group Limited,NASDAQ,,False,2026-10-04 09:08:42
PLXS,Plexus Corp.,NASDAQ,,False,2026-10-04 09:08:42
PLYX,"Polaryx Therapeutics, Inc.",NASDAQ,,False,2026-10-04 09:08:42
PMAX,Powell Max Limited,NASDAQ,,False,2026-10-04 09:08:42
PMCB,"PharmaCyte  Biotech, Inc.",NASDAQ,,False,2026-10-04 09:08:42
PMEC,Primech Holdings Ltd.,NASDAQ,,False,2026-10-04 09:08:42
PMN,ProMIS Neurosciences Inc.,NASDAQ,,False,2026-10-04 09:08:42
PMTR,Perimeter Acquisition Corp. I,NASDAQ,,False,2026-10-04 09:08:42
PMTS,CPI Card Group Inc.,NASDAQ,,False,2026-10-04 09:08:42
PMVP,"PMV Pharmaceuticals, Inc.",NASDAQ,,False,2026-10-04 09:08:42
PN,Skycorp Solar Group Limited,NASDAQ,,False,2026-10-04 09:08:42
PNBK,Patriot National Bancorp Inc.,NASDAQ,,False,2026-10-04 09:08:42
PNRG,PrimeEnergy Resources Corporation,NASDAQ,,False,2026-10-04 09:08:42
PNTG,"The Pennant Group, Inc.",NASDAQ,,False,2026-10-04 09:08:42
POCI,"Precision Optics Corporation, Inc.",NASDAQ,,False,2026-10-04 09:08:42
PODC,"PodcastOne, Inc.",NASDAQ,,False,2026-10-04 09:08:42
PODD,Insulet Corporation,NASDAQ,,False,2026-10-04 09:08:42
POET,POET Technologies Inc.,NASDAQ,,False,2026-10-04 09:08:42
POM,POMDOCTOR LIMITED,NASDAQ,,False,2026-10-04 09:08:42
POWI,"Power Integrations, Inc.",NASDAQ,,False,2026-10-04 09:08:42
POWL,"Powell Industries, Inc.",NASDAQ,,False,2026-10-04 09:08:42
POWW,Outdoor Holding Company,NASDAQ,,False,2026-10-04 09:08:42
PPCB,"Propanc Biopharma, Inc.",NASDAQ,,False,2026-10-04 09:08:42
PPHC,"Public Policy Holding Company, Inc.",NASDAQ,,False,2026-10-04 09:08:42
PPSI,"Pioneer Power Solutions, Inc.",NASDAQ,,False,2026-10-04 09:08:42
PPTA,Perpetua Resources Corp.,NASDAQ,,False,2026-10-04 09:08:42
PRAA,"PRA Group, Inc.",NASDAQ,,False,2026-10-04 09:08:42
PRAX,"Praxis Precision Medicines, Inc.",NASDAQ,,False,2026-10-04 09:08:42
PRCH,"Porch Group, Inc.",NASDAQ,,False,2026-10-04 09:08:42
PRCT,PROCEPT BioRobotics Corporation,NASDAQ,,False,2026-10-04 09:08:42
PRDO,Perdoceo Education Corporation,NASDAQ,,False,2026-10-04 09:08:42
PRE,Prenetics Global Limited,NASDAQ,,False,2026-10-04 09:08:42
PRFX,PRF Technologies Ltd.,NASDAQ,,False,2026-10-04 09:08:42
PRGS,Progress Software Corporation,NASDAQ,,False,2026-10-04 09:08:42
PRHI,"Presurance Holdings, Inc.",NASDAQ,,False,2026-10-04 09:08:42
PRHIZ,"Presurance Holdings, Inc.",NASDAQ,,False,2026-10-04 09:08:42
PRLD,Prelude Therapeutics Incorporated,NASDAQ,,False,2026-10-04 09:08:42
PRME,"Prime Medicine, Inc.",NASDAQ,,False,2026-10-04 09:08:42
PROF,Profound Medical Corp.,NASDAQ,,False,2026-10-04 09:08:42
PROK,ProKidney Corp.,NASDAQ,,False,2026-10-04 09:08:42
PROP,Prairie Operating Co.,NASDAQ,,False,2026-10-04 09:08:42
PROV,"Provident Financial Holdings, Inc.",NASDAQ,,False,2026-10-04 09:08:42
PRPL,"Purple Innovation, Inc.",NASDAQ,,False,2026-10-04 09:08:42
PRPO,"Precipio, Inc.",NASDAQ,,False,2026-10-04 09:08:42
PRQR,ProQR Therapeutics N.V.,NASDAQ,,False,2026-10-04 09:08:42
PRSO,Peraso Inc.,NASDAQ,,False,2026-10-04 09:08:42
PRTA,Prothena Corporation plc,NASDAQ,,False,2026-10-04 09:08:42
PRTC,PureTech Health plc,NASDAQ,,False,2026-10-04 09:08:42
PRTH,"Priority Technology Holdings, Inc.",NASDAQ,,False,2026-10-04 09:08:42
PRTS,"CarParts.com, Inc.",NASDAQ,,False,2026-10-04 09:08:42
PRVA,"Privia Health Group, Inc.",NASDAQ,,False,2026-10-04 09:08:42
PSEC,Prospect Capital Corporation,NASDAQ,,False,2026-10-04 09:08:42
PSIX,"Power Solutions International, Inc.",NASDAQ,,False,2026-10-04 09:08:42
PSKY,Paramount Skydance Corporation,NASDAQ,,False,2026-10-04 09:08:42
PSMT,"PriceSmart, Inc.",NASDAQ,,False,2026-10-04 09:08:42
PSNL,"Personalis, Inc.",NASDAQ,,False,2026-10-04 09:08:42
PSNY,Polestar Automotive Holding UK Limited,NASDAQ,,False,2026-10-04 09:08:42
PTC,PTC Inc.,NASDAQ,,False,2026-10-04 09:08:42
PTCT,"PTC Therapeutics, Inc.",NASDAQ,,False,2026-10-04 09:08:42
PTLE,PTL LTD,NASDAQ,,False,2026-10-04 09:08:42
PTNM,Pitanium Limited,NASDAQ,,False,2026-10-04 09:08:42
PTON,"Peloton Interactive, Inc.",NASDAQ,,False,2026-10-04 09:08:42
PTRN,Pattern Group Inc.,NASDAQ,,False,2026-10-04 09:08:42
PUBM,"PubMatic, Inc.",NASDAQ,,False,2026-10-04 09:08:42
PULM,"Pulmatrix, Inc.",NASDAQ,,False,2026-10-04 09:08:42
PVLA,"Palvella Therapeutics, Inc.",NASDAQ,,False,2026-10-04 09:08:42
PWP,Perella Weinberg Partners,NASDAQ,,False,2026-10-04 09:08:42
PYPD,PolyPid Ltd.,NASDAQ,,False,2026-10-04 09:08:42
PYPL,"PayPal Holdings, Inc.",NASDAQ,,False,2026-10-04 09:08:42
PYXS,"Pyxis Oncology, Inc.",NASDAQ,,False,2026-10-04 09:08:42
PZZA,"Papa John's International, Inc.",NASDAQ,,False,2026-10-04 09:08:42
QCLS,"Q/C Technologies, Inc.",NASDAQ,,False,2026-10-04 09:08:42
QCOM,QUALCOMM Incorporated,NASDAQ,,False,2026-10-04 09:08:42
QCRH,"QCR Holdings, Inc.",NASDAQ,,False,2026-10-04 09:08:42
QDEL,QuidelOrtho Corporation,NASDAQ,,False,2026-10-04 09:08:42
QETA,Quetta Acquisition Corporation,NASDAQ,,False,2026-10-04 09:08:42
QFIN,"Qfin Holdings, Inc.",NASDAQ,,False,2026-10-04 09:08:42
QLYS,"Qualys, Inc.",NASDAQ,,False,2026-10-04 09:08:42
QMCO,Quantum Corporation,NASDAQ,,False,2026-10-04 09:08:42
QNCX,"Quince Therapeutics, Inc.",NASDAQ,,False,2026-10-04 09:08:42
QNRX,"Quoin Pharmaceuticals, Ltd.",NASDAQ,,False,2026-10-04 09:08:42
QNTM,Quantum Biopharma Ltd.,NASDAQ,,False,2026-10-04 09:08:42
QRHC,Quest Resource Holding Corporation,NASDAQ,,False,2026-10-04 09:08:42
QRVO,"Qorvo, Inc.",NASDAQ,,False,2026-10-04 09:08:42
QS,QuantumScape Corporation,NASDAQ,,False,2026-10-04 09:08:42
QSEA,Quartzsea Acquisition Corporation,NASDAQ,,False,2026-10-04 09:08:42
QSI,Quantum-Si Incorporated,NASDAQ,,False,2026-10-04 09:08:42
QTI,"QT Imaging Holdings, Inc.",NASDAQ,,False,2026-10-04 09:08:42
QTRX,Quanterix Corporation,NASDAQ,,False,2026-10-04 09:08:42
QTTB,Q32 Bio Inc.,NASDAQ,,False,2026-10-04 09:08:42
QUBT,Quantum Computing Inc.,NASDAQ,,False,2026-10-04 09:08:42
QUCY,Mainz Biomed N.V.,NASDAQ,,False,2026-10-04 09:08:42
QUIK,QuickLogic Corporation,NASDAQ,,False,2026-10-04 09:08:42
QUMS,Quantumsphere Acquisition Corp.,NASDAQ,,False,2026-10-04 09:08:42
QURE,uniQure N.V.,NASDAQ,,False,2026-10-04 09:08:42
QVCGA,"QVC Group, Inc.",NASDAQ,,False,2026-10-04 09:08:42
RAAQ,Real Asset Acquisition Corp.,NASDAQ,,False,2026-10-04 09:08:42
RADX,Radiopharm Theranostics Limited,NASDAQ,,False,2026-10-04 09:08:42
RAIL,"Freightcar America, Inc.",NASDAQ,,False,2026-10-04 09:08:42
RAIN,"Rain Enhancement Technologies Holdco, Inc.",NASDAQ,,False,2026-10-04 09:08:42
RAND,Rand Capital Corporation,NASDAQ,,False,2026-10-04 09:08:42
RANG,Range Capital Acquisition Corp.,NASDAQ,,False,2026-10-04 09:08:42
RANI,"Rani Therapeutics Holdings, Inc.",NASDAQ,,False,2026-10-04 09:08:42
RAPP,"Rapport Therapeutics, Inc.",NASDAQ,,False,2026-10-04 09:08:42
RAVE,"Rave Restaurant Group, Inc.",NASDAQ,,False,2026-10-04 09:08:42
RAYA,Erayak Power Solution Group Inc.,NASDAQ,,False,2026-10-04 09:08:42
RBB,RBB Bancorp,NASDAQ,,False,2026-10-04 09:08:42
RBBN,Ribbon Communications Inc.,NASDAQ,,False,2026-10-04 09:08:42
RBCAA,"Republic Bancorp, Inc.",NASDAQ,,False,2026-10-04 09:08:42
RBKB,"Rhinebeck Bancorp, Inc.",NASDAQ,,False,2026-10-04 09:08:42
RBNE,Robin Energy Ltd.,NASDAQ,,False,2026-10-04 09:08:42
RCAT,"Red Cat Holdings, Inc.",NASDAQ,,False,2026-10-04 09:08:42
RCEL,"Avita Medical, Inc.",NASDAQ,,False,2026-10-04 09:08:42
RCKT,"Rocket Pharmaceuticals, Inc.",NASDAQ,,False,2026-10-04 09:08:42
RCKY,"Rocky Brands, Inc.",NASDAQ,,False,2026-10-04 09:08:42
RCMT,"RCM Technologies, Inc.",NASDAQ,,False,2026-10-04 09:08:42
RCON,"Recon Technology, Ltd.",NASDAQ,,False,2026-10-04 09:08:42
RCT,RedCloud Holdings plc,NASDAQ,,False,2026-10-04 09:08:42
RDAC,Rising Dragon Acquisition Corp.,NASDAQ,,False,2026-10-04 09:08:42
RDAG,Republic Digital Acquisition Company,NASDAQ,,False,2026-10-04 09:08:42
RDCM,Radcom Ltd.,NASDAQ,,False,2026-10-04 09:08:42
RDGT,"Ridgetech, Inc.",NASDAQ,,False,2026-10-04 09:08:42
RDHL,Redhill Biopharma Ltd.,NASDAQ,,False,2026-10-04 09:08:42
RDI,Reading International Inc,NASDAQ,,False,2026-10-04 09:08:42
RDIB,Reading International Inc,NASDAQ,,False,2026-10-04 09:08:42
RDNT,"RadNet, Inc.",NASDAQ,,False,2026-10-04 09:08:42
RDNW,"RideNow Group, Inc.",NASDAQ,,False,2026-10-04 09:08:42
RDVT,"Red Violet, Inc.",NASDAQ,,False,2026-10-04 09:08:42
RDWR,Radware Ltd.,NASDAQ,,False,2026-10-04 09:08:42
RDZN,"Roadzen, Inc.",NASDAQ,,False,2026-10-04 09:08:42
REAL,"The RealReal, Inc.",NASDAQ,,False,2026-10-04 09:08:42
RECT,Rectitude Holdings Ltd,NASDAQ,,False,2026-10-04 09:08:42
REE,REE Automotive Ltd.,NASDAQ,,False,2026-10-04 09:08:42
REFI,"Chicago Atlantic Real Estate Finance, Inc.",NASDAQ,,False,2026-10-04 09:08:42
REFR,Research Frontiers Incorporated,NASDAQ,,False,2026-10-04 09:08:42
REGCO,Regency Centers Corporation,NASDAQ,,False,2026-10-04 09:08:42
REGN,"Regeneron Pharmaceuticals, Inc.",NASDAQ,,False,2026-10-04 09:08:42
REKR,"Rekor Systems, Inc.",NASDAQ,,False,2026-10-04 09:08:42
RGTI,"Rigetti Computing, Inc.",NASDAQ,,False,2026-10-04 09:08:42
RIBB,Ribbon Acquisition Corp,NASDAQ,,False,2026-10-04 09:08:42
RICK,"RCI Hospitality Holdings, Inc.",NASDAQ,,False,2026-10-04 09:08:42
RIGL,"Rigel Pharmaceuticals, Inc.",NASDAQ,,False,2026-10-04 09:08:42
RILY,"BRC Group Holdings, Inc.",NASDAQ,,False,2026-10-04 09:08:42
RILYG,"BRC Group Holdings, Inc.",NASDAQ,,False,2026-10-04 09:08:42
RILYL,"BRC Group Holdings, Inc.",NASDAQ,,False,2026-10-04 09:08:42
RILYN,"BRC Group Holdings, Inc.",NASDAQ,,False,2026-10-04 09:08:42
RILYT,"BRC Group Holdings, Inc.",NASDAQ,,False,2026-10-04 09:08:42
RILYZ,"BRC Group Holdings, Inc.",NASDAQ,,False,2026-10-04 09:08:42
RIOT,"Riot Platforms, Inc.",NASDAQ,,False,2026-10-04 09:08:42
RIVN,"Rivian Automotive, Inc.",NASDAQ,,False,2026-10-04 09:08:42
RJET,Republic Airways Holdings Inc.,NASDAQ,,False,2026-10-04 09:08:42
RKDA,"Arcadia Biosciences, Inc.",NASDAQ,,False,2026-10-04 09:08:42
RKLB,Rocket Lab Corporation,NASDAQ,,False,2026-10-04 09:08:42
RLAY,"Relay Therapeutics, Inc.",NASDAQ,,False,2026-10-04 09:08:42
RLMD,"Relmada Therapeutics, Inc.",NASDAQ,,False,2026-10-04 09:08:42
RLYB,Rallybio Corporation,NASDAQ,,False,2026-10-04 09:08:42
RMBI,"Richmond Mutual Bancorporation, Inc.",NASDAQ,,False,2026-10-04 09:08:42
RMBS,"Rambus, Inc.",NASDAQ,,False,2026-10-04 09:08:42
RMCF,"Rocky Mountain Chocolate Factory, Inc.",NASDAQ,,False,2026-10-04 09:08:42
RMCO,Royalty Management Holding Corporation,NASDAQ,,False,2026-10-04 09:08:42
RMNI,"Rimini Street, Inc.",NASDAQ,,False,2026-10-04 09:08:42
RMR,The RMR Group Inc.,NASDAQ,,False,2026-10-04 09:08:42
RMSG,Real Messenger Corporation,NASDAQ,,False,2026-10-04 09:08:42
RNA,"Atrium Therapeutics, Inc.",NASDAQ,,False,2026-10-04 09:08:42
RNAC,"Cartesian Therapeutics, Inc.",NASDAQ,,False,2026-10-04 09:08:42
RNAZ,"TransCode Therapeutics, Inc.",NASDAQ,,False,2026-10-04 09:08:42
RNGT,Range Capital Acquisition Corp II,NASDAQ,,False,2026-10-04 09:08:42
RNTX,"Rein Therapeutics, Inc.",NASDAQ,,False,2026-10-04 09:08:42
RNW,ReNew Energy Global plc,NASDAQ,,False,2026-10-04 09:08:42
ROAD,"Construction Partners, Inc.",NASDAQ,,False,2026-10-04 09:08:42
ROCK,"Gibraltar Industries, Inc.",NASDAQ,,False,2026-10-04 09:08:42
ROIV,Roivant Sciences Ltd.,NASDAQ,,False,2026-10-04 09:08:42
ROKU,"Roku, Inc.",NASDAQ,,False,2026-10-04 09:08:42
ROMA,Roma Green Finance Limited,NASDAQ,,False,2026-10-04 09:08:42
ROOT,"Root, Inc.",NASDAQ,,False,2026-10-04 09:08:42
ROP,"Roper Technologies, Inc.",NASDAQ,,False,2026-10-04 09:08:42
ROST,"Ross Stores, Inc.",NASDAQ,,False,2026-10-04 09:08:42
RPAY,Repay Holdings Corporation,NASDAQ,,False,2026-10-04 09:08:42
RPD,"Rapid7, Inc.",NASDAQ,,False,2026-10-04 09:08:42
RPGL,Republic Power Group Limited,NASDAQ,,False,2026-10-04 09:08:42
RPID,"Rapid Micro Biosystems, Inc.",NASDAQ,,False,2026-10-04 09:08:42
RPRX,Royalty Pharma plc,NASDAQ,,False,2026-10-04 09:08:42
RR,Richtech Robotics Inc.,NASDAQ,,False,2026-10-04 09:08:42
RRBI,"Red River Bancshares, Inc.",NASDAQ,,False,2026-10-04 09:08:42
RRGB,"Red Robin Gourmet Burgers, Inc.",NASDAQ,,False,2026-10-04 09:08:42
RRR,"Red Rock Resorts, Inc.",NASDAQ,,False,2026-10-04 09:08:42
RSVR,"Reservoir Media, Inc..",NASDAQ,,False,2026-10-04 09:08:42
RTAC,Renatus Tactical Acquisition Corp I,NASDAQ,,False,2026-10-04 09:08:42
RUBI,Rubico Inc.,NASDAQ,,False,2026-10-04 09:08:42
RVMD,"Revolution Medicines, Inc.",NASDAQ,,False,2026-10-04 09:08:42
RVPH,"Reviva Pharmaceuticals Holdings, Inc.",NASDAQ,,False,2026-10-04 09:08:42
RVSB,Riverview Bancorp Inc,NASDAQ,,False,2026-10-04 09:08:42
RVYL,Ryvyl Inc.,NASDAQ,,False,2026-10-04 09:08:42
RWAY,Runway Growth Finance Corp.,NASDAQ,,False,2026-10-04 09:08:42
RWAYI,Runway Growth Finance Corp.,NASDAQ,,False,2026-10-04 09:08:42
RWAYL,Runway Growth Finance Corp.,NASDAQ,,False,2026-10-04 09:08:42
RXRX,"Recursion Pharmaceuticals, Inc.",NASDAQ,,False,2026-10-04 09:08:42
RXST,"RxSight, Inc.",NASDAQ,,False,2026-10-04 09:08:42
RXT,"Rackspace Technology, Inc.",NASDAQ,,False,2026-10-04 09:08:42
RYAAY,Ryanair Holdings plc,NASDAQ,,False,2026-10-04 09:08:42
RYET,Ruanyun Edai Technology Inc.,NASDAQ,,False,2026-10-04 09:08:42
RYM,"RYTHM, Inc.",NASDAQ,,False,2026-10-04 09:08:42
SAAQ,Space Asset Acquisition Corp.,NASDAQ,,False,2026-10-04 09:08:42
SABR,Sabre Corporation,NASDAQ,,False,2026-10-04 09:08:42
SABS,"SAB Biotherapeutics, Inc.",NASDAQ,,False,2026-10-04 09:08:42
SAFT,"Safety Insurance Group, Inc.",NASDAQ,,False,2026-10-04 09:08:42
SAGT,SAGTEC GLOBAL LIMITED,NASDAQ,,False,2026-10-04 09:08:42
SAIA,"Saia, Inc.",NASDAQ,,False,2026-10-04 09:08:42
SAIH,SAIHEAT Limited,NASDAQ,,False,2026-10-04 09:08:42
SAIL,"SailPoint, Inc.",NASDAQ,,False,2026-10-04 09:08:42
SAMG,Silvercrest Asset Management Group Inc.,NASDAQ,,False,2026-10-04 09:08:42
SANA,"Sana Biotechnology, Inc.",NASDAQ,,False,2026-10-04 09:08:42
SANM,Sanmina Corporation,NASDAQ,,False,2026-10-04 09:08:42
SATA,"Strive, Inc.",NASDAQ,,False,2026-10-04 09:08:42
SATS,EchoStar Corporation,NASDAQ,,False,2026-10-04 09:08:42
SBAC,SBA Communications Corporation,NASDAQ,,False,2026-10-04 09:08:42
SBC,SBC Medical Group Holdings Incorporated,NASDAQ,,False,2026-10-04 09:08:42
SBCF,Seacoast Banking Corporation of Florida,NASDAQ,,False,2026-10-04 09:08:42
SBET,"Sharplink, Inc.",NASDAQ,,False,2026-10-04 09:08:42
SBFG,"SB Financial Group, Inc.",NASDAQ,,False,2026-10-04 09:08:42
SBFM,Sunshine Biopharma Inc.,NASDAQ,,False,2026-10-04 09:08:42
SBGI,"Sinclair, Inc.",NASDAQ,,False,2026-10-04 09:08:42
SBLK,Star Bulk Carriers Corp.,NASDAQ,,False,2026-10-04 09:08:42
SBLX,"StableX Technologies, Inc.",NASDAQ,,False,2026-10-04 09:08:42
SCHL,Scholastic Corporation,NASDAQ,,False,2026-10-04 09:08:42
SCII,SC II Acquisition Corp.,NASDAQ,,False,2026-10-04 09:08:42
SCKT,"Socket Mobile, Inc.",NASDAQ,,False,2026-10-04 09:08:42
SCNI,Scinai Immunotherapeutics Ltd.,NASDAQ,,False,2026-10-04 09:08:42
SCOR,"comScore, Inc.",NASDAQ,,False,2026-10-04 09:08:42
SCPQ,Social Commerce Partners Corporation,NASDAQ,,False,2026-10-04 09:08:42
SCSC,"ScanSource, Inc.",NASDAQ,,False,2026-10-04 09:08:42
SCVL,"Shoe Carnival, Inc.",NASDAQ,,False,2026-10-04 09:08:42
SCWO,374Water Inc.,NASDAQ,,False,2026-10-04 09:08:42
SCZM,Santacruz Silver Mining Ltd.,NASDAQ,,False,2026-10-04 09:08:42
SDGR,"Schrodinger, Inc.",NASDAQ,,False,2026-10-04 09:08:42
SDHI,Siddhi Acquisition Corp,NASDAQ,,False,2026-10-04 09:08:42
SDM,Smart Digital Group Limited,NASDAQ,,False,2026-10-04 09:08:42
SDOT,Sadot Group Inc.,NASDAQ,,False,2026-10-04 09:08:42
SDST,Stardust Power Inc.,NASDAQ,,False,2026-10-04 09:08:42
SEAT,Vivid Seats Inc.,NASDAQ,,False,2026-10-04 09:08:42
SEDG,"SolarEdge Technologies, Inc.",NASDAQ,,False,2026-10-04 09:08:42
SEED,Origin Agritech Limited,NASDAQ,,False,2026-10-04 09:08:42
SEER,"Seer, Inc.",NASDAQ,,False,2026-10-04 09:08:42
SEGG,Sports Entertainment Gaming Global Corporation,NASDAQ,,False,2026-10-04 09:08:42
SEIC,SEI Investments Company,NASDAQ,,False,2026-10-04 09:08:42
SELF,"Global Self Storage, Inc.",NASDAQ,,False,2026-10-04 09:08:42
SELX,Semilux International Ltd.,NASDAQ,,False,2026-10-04 09:08:42
SENEB,Seneca Foods Corp.,NASDAQ,,False,2026-10-04 09:08:42
SENS,"Senseonics Holdings, Inc.",NASDAQ,,False,2026-10-04 09:08:42
SERA,"Sera Prognostics, Inc.",NASDAQ,,False,2026-10-04 09:08:42
SERV,Serve Robotics Inc.,NASDAQ,,False,2026-10-04 09:08:42
SEV,Aptera Motors Corp.,NASDAQ,,False,2026-10-04 09:08:42
SFBC,"Sound Financial Bancorp, Inc.",NASDAQ,,False,2026-10-04 09:08:42
SFHG,Samfine Creation Holdings Group Limited,NASDAQ,,False,2026-10-04 09:08:42
SFM,"Sprouts Farmers Market, Inc.",NASDAQ,,False,2026-10-04 09:08:42
SFNC,Simmons First National Corporation,NASDAQ,,False,2026-10-04 09:08:42
SFST,"Southern First Bancshares, Inc.",NASDAQ,,False,2026-10-04 09:08:42
SFWL,Shengfeng Development Limited,NASDAQ,,False,2026-10-04 09:08:42
SGA,"Saga Communications, Inc.",NASDAQ,,False,2026-10-04 09:08:42
SGC,"Superior Group of Companies, Inc.",NASDAQ,,False,2026-10-04 09:08:42
SGHT,"Sight Sciences, Inc.",NASDAQ,,False,2026-10-04 09:08:42
SGLY,Singularity Future Technology Ltd.,NASDAQ,,False,2026-10-04 09:08:42
SGMO,"Sangamo Therapeutics, Inc.",NASDAQ,,False,2026-10-04 09:08:42
SGMT,Sagimet Biosciences Inc.,NASDAQ,,False,2026-10-04 09:08:42
SGP,"SpyGlass Pharma, Inc.",NASDAQ,,False,2026-10-04 09:08:42
SGRP,"SPAR Group, Inc.",NASDAQ,,False,2026-10-04 09:08:42
SGRY,"Surgery Partners, Inc.",NASDAQ,,False,2026-10-04 09:08:42
SHAZ,"SharonAI Holdings, Inc.",NASDAQ,,False,2026-10-04 09:08:42
SHBI,"Shore Bancshares, Inc.",NASDAQ,,False,2026-10-04 09:08:42
SHC,Sotera Health Company,NASDAQ,,False,2026-10-04 09:08:42
SHEN,Shenandoah Telecommunications Co,NASDAQ,,False,2026-10-04 09:08:42
SHFS,"SHF Holdings, Inc.",NASDAQ,,False,2026-10-04 09:08:42
SHIM,Shimmick Corporation,NASDAQ,,False,2026-10-04 09:08:42
SHIP,Seanergy Maritime Holdings Corp.,NASDAQ,,False,2026-10-04 09:08:42
SHMD,SCHMID Group N.V.,NASDAQ,,False,2026-10-04 09:08:42
SHOO,"Steven Madden, Ltd.",NASDAQ,,False,2026-10-04 09:08:42
SHOP,Shopify Inc.,NASDAQ,,False,2026-10-04 09:08:42
SHPH,"Shuttle Pharmaceuticals Holdings, Inc.",NASDAQ,,False,2026-10-04 09:08:42
SIBN,"SI-BONE, Inc.",NASDAQ,,False,2026-10-04 09:08:42
SIDU,"Sidus Space, Inc.",NASDAQ,,False,2026-10-04 09:08:42
SIEB,Siebert Financial Corp.,NASDAQ,,False,2026-10-04 09:08:42
SIFY,Sify Technologies Limited,NASDAQ,,False,2026-10-04 09:08:42
SIGA,SIGA Technologies Inc.,NASDAQ,,False,2026-10-04 09:08:42
SIGI,"Selective Insurance Group, Inc.",NASDAQ,,False,2026-10-04 09:08:42
SILC,Silicom Ltd,NASDAQ,,False,2026-10-04 09:08:42
SILO,"Silo Pharma, Inc.",NASDAQ,,False,2026-10-04 09:08:42
SIMA,SIM Acquisition Corp. I,NASDAQ,,False,2026-10-04 09:08:42
SIMO,Silicon Motion Technology Corporation,NASDAQ,,False,2026-10-04 09:08:42
SINT,"SiNtx Technologies, Inc.",NASDAQ,,False,2026-10-04 09:08:42
SIRI,SiriusXM Holdings Inc.,NASDAQ,,False,2026-10-04 09:08:42
SITM,SiTime Corporation,NASDAQ,,False,2026-10-04 09:08:42
SJ,Scienjoy Holding Corporation,NASDAQ,,False,2026-10-04 09:08:42
SKBL,Skyline Builders Group Holding Limited,NASDAQ,,False,2026-10-04 09:08:42
SKIN,The Beauty Health Company,NASDAQ,,False,2026-10-04 09:08:42
SKK,SKK Holdings Limited,NASDAQ,,False,2026-10-04 09:08:42
SKWD,"Skyward Specialty Insurance Group, Inc.",NASDAQ,,False,2026-10-04 09:08:42
SKYE,"Skye Bioscience, Inc.",NASDAQ,,False,2026-10-04 09:08:42
SKYQ,Sky Quarry Inc.,NASDAQ,,False,2026-10-04 09:08:42
SKYT,"SkyWater Technology, Inc.",NASDAQ,,False,2026-10-04 09:08:42
SKYW,"SkyWest, Inc.",NASDAQ,,False,2026-10-04 09:08:42
SKYX,SKYX Platforms Corp.,NASDAQ,,False,2026-10-04 09:08:42
SLDB,Solid Biosciences Inc.,NASDAQ,,False,2026-10-04 09:08:42
SLM,SLM Corporation,NASDAQ,,False,2026-10-04 09:08:42
SLMT,Brera Holdings PLC,NASDAQ,,False,2026-10-04 09:08:42
SLN,Silence Therapeutics Plc,NASDAQ,,False,2026-10-04 09:08:42
SLNG,"Stabilis Solutions, Inc.",NASDAQ,,False,2026-10-04 09:08:42
SLNH,"Soluna Holdings, Inc.",NASDAQ,,False,2026-10-04 09:08:42
SLRC,SLR Investment Corp.,NASDAQ,,False,2026-10-04 09:08:42
SLS,"SELLAS Life Sciences Group, Inc.",NASDAQ,,False,2026-10-04 09:08:42
SLSN,"Solesence, Inc.",NASDAQ,,False,2026-10-04 09:08:42
SLXN,Silexion Therapeutics Corp,NASDAQ,,False,2026-10-04 09:08:42
SMBC,"Southern Missouri Bancorp, Inc.",NASDAQ,,False,2026-10-04 09:08:42
SMCI,"Super Micro Computer, Inc.",NASDAQ,,False,2026-10-04 09:08:42
SMID,Smith-Midland Corporation,NASDAQ,,False,2026-10-04 09:08:42
SMMT,Summit Therapeutics Inc.,NASDAQ,,False,2026-10-04 09:08:42
SMPL,The Simply Good Foods Company,NASDAQ,,False,2026-10-04 09:08:42
SMTC,Semtech Corporation,NASDAQ,,False,2026-10-04 09:08:42
SMTI,Sanara MedTech Inc.,NASDAQ,,False,2026-10-04 09:08:42
SMTK,"SmartKem, Inc.",NASDAQ,,False,2026-10-04 09:08:42
SMX,SMX (Security Matters) Public Limited Company,NASDAQ,,False,2026-10-04 09:08:42
SMXT,Solarmax Technology Inc.,NASDAQ,,False,2026-10-04 09:08:42
SNCY,"Sun Country Airlines Holdings, Inc.",NASDAQ,,False,2026-10-04 09:08:42
SND,"Smart Sand, Inc.",NASDAQ,,False,2026-10-04 09:08:42
SNDX,"Syndax Pharmaceuticals, Inc.",NASDAQ,,False,2026-10-04 09:08:42
SNEX,StoneX Group Inc.,NASDAQ,,False,2026-10-04 09:08:42
SNFCA,Security National Financial Corporation,NASDAQ,,False,2026-10-04 09:08:42
SNGX,"Soligenix, Inc.",NASDAQ,,False,2026-10-04 09:08:42
SNOA,"Sonoma Pharmaceuticals, Inc.",NASDAQ,,False,2026-10-04 09:08:42
SNPS,"Synopsys, Inc.",NASDAQ,,False,2026-10-04 09:08:42
SNSE,"Sensei Biotherapeutics, Inc.",NASDAQ,,False,2026-10-04 09:08:42
SNT,Senstar Technologies Corporation,NASDAQ,,False,2026-10-04 09:08:42
SNTG,Sentage Holdings Inc.,NASDAQ,,False,2026-10-04 09:08:42
SNTI,"Senti Biosciences, Inc.",NASDAQ,,False,2026-10-04 09:08:42
SNWV,"SANUWAVE Health, Inc.",NASDAQ,,False,2026-10-04 09:08:42
SNY,Sanofi,NASDAQ,,False,2026-10-04 09:08:42
SNYR,Synergy CHC Corp.,NASDAQ,,False,2026-10-04 09:08:42
SOBR,"SOBR Safe, Inc.",NASDAQ,,False,2026-10-04 09:08:42
SOCA,Solarius Capital Acquisition Corp.,NASDAQ,,False,2026-10-04 09:08:42
SOFI,"SoFi Technologies, Inc.",NASDAQ,,False,2026-10-04 09:08:42
SOGP,Sound Group Inc.,NASDAQ,,False,2026-10-04 09:08:42
SOHOB,Sotherly Hotels Inc.,NASDAQ,,False,2026-10-04 09:08:42
SOHON,Sotherly Hotels Inc.,NASDAQ,,False,2026-10-04 09:08:42
SOHOO,Sotherly Hotels Inc.,NASDAQ,,False,2026-10-04 09:08:42
SONM,"DNA X, Inc.",NASDAQ,,False,2026-10-04 09:08:42
SONO,"Sonos, Inc.",NASDAQ,,False,2026-10-04 09:08:42
SORA,AsiaStrategy,NASDAQ,,False,2026-10-04 09:08:42
SORN,Soren Acquisition Corp.,NASDAQ,,False,2026-10-04 09:08:42
SOTK,Sono-Tek Corporation,NASDAQ,,False,2026-10-04 09:08:42
SOUN,"SoundHound AI, Inc.",NASDAQ,,False,2026-10-04 09:08:42
SOWG,Sow Good Inc.,NASDAQ,,False,2026-10-04 09:08:42
SPCB,"SuperCom, Ltd.",NASDAQ,,False,2026-10-04 09:08:42
SPFI,"South Plains Financial, Inc.",NASDAQ,,False,2026-10-04 09:08:42
SPHL,Springview Holdings Ltd,NASDAQ,,False,2026-10-04 09:08:42
SPKL,Spark I Acquisition Corp.,NASDAQ,,False,2026-10-04 09:08:42
SPRC,SciSparc Ltd.,NASDAQ,,False,2026-10-04 09:08:42
SPRO,"Spero Therapeutics, Inc.",NASDAQ,,False,2026-10-04 09:08:42
SPRY,"ARS Pharmaceuticals, Inc.",NASDAQ,,False,2026-10-04 09:08:42
SPSC,"SPS Commerce, Inc.",NASDAQ,,False,2026-10-04 09:08:42
SPT,"Sprout Social, Inc",NASDAQ,,False,2026-10-04 09:08:42
SPWH,"Sportsman's Warehouse Holdings, Inc.",NASDAQ,,False,2026-10-04 09:08:42
SQFT,"Presidio Property Trust, Inc.",NASDAQ,,False,2026-10-04 09:08:42
SRAD,Sportradar Group AG,NASDAQ,,False,2026-10-04 09:08:42
SRBK,"SR Bancorp, Inc.",NASDAQ,,False,2026-10-04 09:08:42
SRCE,1st Source Corporation,NASDAQ,,False,2026-10-04 09:08:42
SRRK,Scholar Rock Holding Corporation,NASDAQ,,False,2026-10-04 09:08:42
SRTA,"Strata Critical Medical, Inc.",NASDAQ,,False,2026-10-04 09:08:42
SRTS,"Sensus Healthcare, Inc.",NASDAQ,,False,2026-10-04 09:08:42
SSAC,SPACSphere Acquisition Corp.,NASDAQ,,False,2026-10-04 09:08:42
SSBI,Summit State Bank,NASDAQ,,False,2026-10-04 09:08:42
SSEA,Starry Sea Acquisition Corp,NASDAQ,,False,2026-10-04 09:08:42
SSII,SS Innovations International Inc.,NASDAQ,,False,2026-10-04 09:08:42
SSM,Sono Group N.V.,NASDAQ,,False,2026-10-04 09:08:42
SSNC,"SS&C Technologies Holdings, Inc.",NASDAQ,,False,2026-10-04 09:08:42
SSP,E.W. Scripps Company (The),NASDAQ,,False,2026-10-04 09:08:42
SSRM,SSR Mining Inc.,NASDAQ,,False,2026-10-04 09:08:42
SSSS,SuRo Capital Corp.,NASDAQ,,False,2026-10-04 09:08:42
SSSSL,SuRo Capital Corp.,NASDAQ,,False,2026-10-04 09:08:42
SSYS,"Stratasys, Ltd.",NASDAQ,,False,2026-10-04 09:08:42
STAA,STAAR Surgical Company,NASDAQ,,False,2026-10-04 09:08:42
STAK,STAK Inc.,NASDAQ,,False,2026-10-04 09:08:42
STBA,"S&T Bancorp, Inc.",NASDAQ,,False,2026-10-04 09:08:42
STEP,StepStone Group Inc.,NASDAQ,,False,2026-10-04 09:08:42
STEX,Streamex Corp.,NASDAQ,,False,2026-10-04 09:08:42
STHO,Star Holdings,NASDAQ,,False,2026-10-04 09:08:42
STI,"Solidion Technology, Inc.",NASDAQ,,False,2026-10-04 09:08:42
STIM,"Neuronetics, Inc.",NASDAQ,,False,2026-10-04 09:08:42
STKE,Sol Strategies Inc.,NASDAQ,,False,2026-10-04 09:08:42
STKH,Steakholder Foods Ltd.,NASDAQ,,False,2026-10-04 09:08:42
STKL,"SunOpta, Inc.",NASDAQ,,False,2026-10-04 09:08:42
STKS,"The ONE Group Hospitality, Inc.",NASDAQ,,False,2026-10-04 09:08:42
STLD,"Steel Dynamics, Inc.",NASDAQ,,False,2026-10-04 09:08:42
STNE,StoneCo Ltd.,NASDAQ,,False,2026-10-04 09:08:42
STOK,"Stoke Therapeutics, Inc.",NASDAQ,,False,2026-10-04 09:08:42
STRC,Strategy Inc,NASDAQ,,False,2026-10-04 09:08:42
STRT,STRATTEC SECURITY CORPORATION,NASDAQ,,False,2026-10-04 09:08:42
SUGP,SU Group Holdings Limited,NASDAQ,,False,2026-10-04 09:08:42
SUIG,Sui Group Holdings Limited,NASDAQ,,False,2026-10-04 09:08:42
SUPN,"Supernus Pharmaceuticals, Inc.",NASDAQ,,False,2026-10-04 09:08:42
SUPX,SuperX AI Technology Limited,NASDAQ,,False,2026-10-04 09:08:42
SURG,"SurgePays, Inc.",NASDAQ,,False,2026-10-04 09:08:42
SUUN,PowerBank Corporation,NASDAQ,,False,2026-10-04 09:08:42
SVAQ,Silicon Valley Acquisition Corp.,NASDAQ,,False,2026-10-04 09:08:42
SVCC,Stellar V Capital Corp.,NASDAQ,,False,2026-10-04 09:08:42
SVCO,"Silvaco Group, Inc.",NASDAQ,,False,2026-10-04 09:08:42
SVIV,Spring Valley Acquisition Corp. IV,NASDAQ,,False,2026-10-04 09:08:42
SVRA,"Savara, Inc.",NASDAQ,,False,2026-10-04 09:08:42
SVRE,SaverOne 2014 Ltd.,NASDAQ,,False,2026-10-04 09:08:42
SVRN,OceanPal Inc.,NASDAQ,,False,2026-10-04 09:08:42
SWAG,"Stran & Company, Inc.",NASDAQ,,False,2026-10-04 09:08:42
SWBI,"Smith & Wesson Brands, Inc.",NASDAQ,,False,2026-10-04 09:08:42
SWIM,"Latham Group, Inc.",NASDAQ,,False,2026-10-04 09:08:42
SWKH,SWK Holdings Corporation,NASDAQ,,False,2026-10-04 09:08:42
SWKHL,SWK Holdings Corporation,NASDAQ,,False,2026-10-04 09:08:42
SWKS,"Skyworks Solutions, Inc.",NASDAQ,,False,2026-10-04 09:08:42
SWMR,"Swarmer, Inc",NASDAQ,,False,2026-10-04 09:08:42
SWVL,Swvl Holdings Corp,NASDAQ,,False,2026-10-04 09:08:42
SXTP,"60 Degrees Pharmaceuticals, Inc.",NASDAQ,,False,2026-10-04 09:08:42
SY,So-Young International Inc.,NASDAQ,,False,2026-10-04 09:08:42
SYBT,"Stock Yards Bancorp, Inc.",NASDAQ,,False,2026-10-04 09:08:42
SYM,Symbotic Inc.,NASDAQ,,False,2026-10-04 09:08:42
SYNA,Synaptics Incorporated,NASDAQ,,False,2026-10-04 09:08:42
SYPR,"Sypris Solutions, Inc.",NASDAQ,,False,2026-10-04 09:08:42
TACH,Titan Acquisition Corp.,NASDAQ,,False,2026-10-04 09:08:42
TACO,Berto Acquisition Corp.,NASDAQ,,False,2026-10-04 09:08:42
TANH,Tantech Holdings Ltd.,NASDAQ,,False,2026-10-04 09:08:42
TAOP,Taoping Inc.,NASDAQ,,False,2026-10-04 09:08:42
TAOX,Tao Synergies Inc.,NASDAQ,,False,2026-10-04 09:08:42
TARA,"Protara Therapeutics, Inc.",NASDAQ,,False,2026-10-04 09:08:42
TARS,"Tarsus Pharmaceuticals, Inc.",NASDAQ,,False,2026-10-04 09:08:42
TASK,"TaskUs, Inc.",NASDAQ,,False,2026-10-04 09:08:42
TATT,TAT Technologies Ltd.,NASDAQ,,False,2026-10-04 09:08:42
TAVI,Tavia Acquisition Corp.,NASDAQ,,False,2026-10-04 09:08:42
TAYD,"Taylor Devices, Inc.",NASDAQ,,False,2026-10-04 09:08:42
TBBK,"The Bancorp, Inc.",NASDAQ,,False,2026-10-04 09:08:42
TBCH,Turtle Beach Corporation,NASDAQ,,False,2026-10-04 09:08:42
TBHC,"The Brand House Collective, Inc",NASDAQ,,False,2026-10-04 09:08:42
TBLA,Taboola.com Ltd.,NASDAQ,,False,2026-10-04 09:08:42
TBLD,Thornburg Income Builder Opportunities Trust,NASDAQ,,False,2026-10-04 09:08:42
TBPH,"Theravance Biopharma, Inc.",NASDAQ,,False,2026-10-04 09:08:42
TBRG,"TruBridge, Inc.",NASDAQ,,False,2026-10-04 09:08:42
TC,Token Cat Limited,NASDAQ,,False,2026-10-04 09:08:42
TCBI,"Texas Capital Bancshares, Inc.",NASDAQ,,False,2026-10-04 09:08:42
TCBIO,"Texas Capital Bancshares, Inc.",NASDAQ,,False,2026-10-04 09:08:42
TCBK,TriCo Bancshares,NASDAQ,,False,2026-10-04 09:08:42
TCBS,"Texas Community Bancshares, Inc.",NASDAQ,,False,2026-10-04 09:08:42
TCMD,"Tactile Systems Technology, Inc.",NASDAQ,,False,2026-10-04 09:08:42
TCOM,Trip.com Group Limited,NASDAQ,,False,2026-10-04 09:08:42
TCPC,BlackRock TCP Capital Corp.,NASDAQ,,False,2026-10-04 09:08:42
TCRT,"Alaunos Therapeutics, Inc.",NASDAQ,,False,2026-10-04 09:08:42
TCRX,"TScan Therapeutics, Inc.",NASDAQ,,False,2026-10-04 09:08:42
TCX,Tucows Inc.,NASDAQ,,False,2026-10-04 09:08:42
TDAC,Translational Development Acquisition Corp.,NASDAQ,,False,2026-10-04 09:08:42
TDIC,Dreamland Limited,NASDAQ,,False,2026-10-04 09:08:42
TDTH,Trident Digital Tech Holdings Ltd,NASDAQ,,False,2026-10-04 09:08:42
TDUP,ThredUp Inc.,NASDAQ,,False,2026-10-04 09:08:42
TDWD,Tailwind 2.0 Acquisition Corp.,NASDAQ,,False,2026-10-04 09:08:42
TEAM,Atlassian Corporation,NASDAQ,,False,2026-10-04 09:08:42
TELA,"TELA Bio, Inc.",NASDAQ,,False,2026-10-04 09:08:42
TELO,"Telomir Pharmaceuticals, Inc.",NASDAQ,,False,2026-10-04 09:08:42
TEM,"Tempus AI, Inc.",NASDAQ,,False,2026-10-04 09:08:42
TENB,"Tenable Holdings, Inc.",NASDAQ,,False,2026-10-04 09:08:42
TENX,"Tenax Therapeutics, Inc.",NASDAQ,,False,2026-10-04 09:08:42
TERN,"Terns Pharmaceuticals, Inc.",NASDAQ,,False,2026-10-04 09:08:42
TFSL,TFS Financial Corporation,NASDAQ,,False,2026-10-04 09:08:42
TGHL,The GrowHub Limited,NASDAQ,,False,2026-10-04 09:08:42
TGL,Treasure Global Inc.,NASDAQ,,False,2026-10-04 09:08:42
TGTX,"TG Therapeutics, Inc.",NASDAQ,,False,2026-10-04 09:08:42
TH,Target Hospitality Corp.,NASDAQ,,False,2026-10-04 09:08:42
THCH,TH International Limited,NASDAQ,,False,2026-10-04 09:08:42
THFF,First Financial Corporation,NASDAQ,,False,2026-10-04 09:08:42
THH,TryHard Holdings Limited,NASDAQ,,False,2026-10-04 09:08:42
THRM,Gentherm Inc,NASDAQ,,False,2026-10-04 09:08:42
THRY,"Thryv Holdings, Inc.",NASDAQ,,False,2026-10-04 09:08:42
TIGO,Millicom International Cellular S.A.,NASDAQ,,False,2026-10-04 09:08:42
TIL,"Instil Bio, Inc.",NASDAQ,,False,2026-10-04 09:08:42
TILE,"Interface, Inc.",NASDAQ,,False,2026-10-04 09:08:42
TIPT,Tiptree Inc.,NASDAQ,,False,2026-10-04 09:08:42
TITN,Titan Machinery Inc.,NASDAQ,,False,2026-10-04 09:08:42
TIVC,"Tivic Health Systems, Inc.",NASDAQ,,False,2026-10-04 09:08:42
TJGC,TJGC Group Limited,NASDAQ,,False,2026-10-04 09:08:42
TKLF,"Tokyo Lifestyle Co., Ltd.",NASDAQ,,False,2026-10-04 09:08:42
TKNO,"Alpha Teknova, Inc.",NASDAQ,,False,2026-10-04 09:08:42
TLF,"Tandy Leather Factory, Inc.",NASDAQ,,False,2026-10-04 09:08:42
TLIH,Ten-League International Holdings Limited,NASDAQ,,False,2026-10-04 09:08:42
TLN,Talen Energy Corporation,NASDAQ,,False,2026-10-04 09:08:42
TLNC,Talon Capital Corp.,NASDAQ,,False,2026-10-04 09:08:42
TLPH,"Talphera, Inc.",NASDAQ,,False,2026-10-04 09:08:42
TLRY,"Tilray Brands, Inc.",NASDAQ,,False,2026-10-04 09:08:42
TLS,Telos Corporation,NASDAQ,,False,2026-10-04 09:08:42
TLSA,Tiziana Life Sciences Ltd,NASDAQ,,False,2026-10-04 09:08:42
TLSI,"TriSalus Life Sciences, Inc.",NASDAQ,,False,2026-10-04 09:08:42
TLX,Telix Pharmaceuticals Limited,NASDAQ,,False,2026-10-04 09:08:42
TMC,TMC the metals company Inc.,NASDAQ,,False,2026-10-04 09:08:42
TMCI,"Treace Medical Concepts, Inc.",NASDAQ,,False,2026-10-04 09:08:42
TMDX,"TransMedics Group, Inc.",NASDAQ,,False,2026-10-04 09:08:42
TMUS,"T-Mobile US, Inc.",NASDAQ,,False,2026-10-04 09:08:42
TMUSI,"T-Mobile US, Inc.",NASDAQ,,False,2026-10-04 09:08:42
TMUSL,"T-Mobile US, Inc.",NASDAQ,,False,2026-10-04 09:08:42
TMUSZ,"T-Mobile US, Inc.",NASDAQ,,False,2026-10-04 09:08:42
TNDM,"Tandem Diabetes Care, Inc.",NASDAQ,,False,2026-10-04 09:08:42
TNGX,"Tango Therapeutics, Inc.",NASDAQ,,False,2026-10-04 09:08:42
TNMG,TNL Mediagene,NASDAQ,,False,2026-10-04 09:08:42
TNON,"Tenon Medical, Inc.",NASDAQ,,False,2026-10-04 09:08:42
TNXP,Tonix Pharmaceuticals Holding Corp.,NASDAQ,,False,2026-10-04 09:08:42
TNYA,"Tenaya Therapeutics, Inc.",NASDAQ,,False,2026-10-04 09:08:42
TOI,"The Oncology Institute, Inc.",NASDAQ,,False,2026-10-04 09:08:42
TOMZ,"TOMI Environmental Solutions, Inc.",NASDAQ,,False,2026-10-04 09:08:42
TONX,TON Strategy Company,NASDAQ,,False,2026-10-04 09:08:42
TOUR,Tuniu Corporation,NASDAQ,,False,2026-10-04 09:08:42
TOWN,Towne Bank,NASDAQ,,False,2026-10-04 09:08:42
TOYO,"TOYO Co., Ltd",NASDAQ,,False,2026-10-04 09:08:42
TPCS,TechPrecision Corporation,NASDAQ,,False,2026-10-04 09:08:42
TPG,TPG Inc.,NASDAQ,,False,2026-10-04 09:08:42
TPGXL,TPG Inc.,NASDAQ,,False,2026-10-04 09:08:42
TPST,"Tempest Therapeutics, Inc.",NASDAQ,,False,2026-10-04 09:08:42
TRAW,"Traws Pharma, Inc.",NASDAQ,,False,2026-10-04 09:08:42
TRDA,"Entrada Therapeutics, Inc.",NASDAQ,,False,2026-10-04 09:08:42
TREE,"LendingTree, Inc.",NASDAQ,,False,2026-10-04 09:08:42
TRI,Thomson Reuters Corp,NASDAQ,,False,2026-10-04 09:08:42
TRIB,Trinity Biotech plc,NASDAQ,,False,2026-10-04 09:08:42
TRINZ,Trinity Capital Inc.,NASDAQ,,False,2026-10-04 09:08:42
TRMB,Trimble Inc.,NASDAQ,,False,2026-10-04 09:08:42
TRMD,TORM plc,NASDAQ,,False,2026-10-04 09:08:42
TRMK,Trustmark Corporation,NASDAQ,,False,2026-10-04 09:08:42
TRNR,Interactive Strength Inc.,NASDAQ,,False,2026-10-04 09:08:42
TRNS,"Transcat, Inc.",NASDAQ,,False,2026-10-04 09:08:42
TROO,"TROOPS, Inc.",NASDAQ,,False,2026-10-04 09:08:42
TROW,"T. Rowe Price Group, Inc.",NASDAQ,,False,2026-10-04 09:08:42
TRS,TriMas Corporation,NASDAQ,,False,2026-10-04 09:08:42
TRSG,Tungray Technologies Inc,NASDAQ,,False,2026-10-04 09:08:42
TRST,TrustCo Bank Corp NY,NASDAQ,,False,2026-10-04 09:08:42
TRUG,"TruGolf Holdings, Inc.",NASDAQ,,False,2026-10-04 09:08:42
TRUP,"Trupanion, Inc.",NASDAQ,,False,2026-10-04 09:08:42
TRVG,trivago N.V.,NASDAQ,,False,2026-10-04 09:08:42
TRVI,"Trevi Therapeutics, Inc.",NASDAQ,,False,2026-10-04 09:08:42
TSAT,Telesat Corporation,NASDAQ,,False,2026-10-04 09:08:42
TSBK,"Timberland Bancorp, Inc.",NASDAQ,,False,2026-10-04 09:08:42
TSCO,Tractor Supply Company,NASDAQ,,False,2026-10-04 09:08:42
TSEM,Tower Semiconductor Ltd.,NASDAQ,,False,2026-10-04 09:08:42
TSHA,"Taysha Gene Therapies, Inc.",NASDAQ,,False,2026-10-04 09:08:42
TSLA,"Tesla, Inc.",NASDAQ,,False,2026-10-04 09:08:42
TSSI,"TSS, Inc.",NASDAQ,,False,2026-10-04 09:08:42
TTAN,"ServiceTitan, Inc.",NASDAQ,,False,2026-10-04 09:08:42
TTD,"The Trade Desk, Inc.",NASDAQ,,False,2026-10-04 09:08:42
TTEC,"TTEC Holdings, Inc.",NASDAQ,,False,2026-10-04 09:08:42
TTGT,"TechTarget, Inc.",NASDAQ,,False,2026-10-04 09:08:42
TTMI,"TTM Technologies, Inc.",NASDAQ,,False,2026-10-04 09:08:42
TTRX,Turn Therapeutics Inc.,NASDAQ,,False,2026-10-04 09:08:42
TTWO,"Take-Two Interactive Software, Inc.",NASDAQ,,False,2026-10-04 09:08:42
TURB,"Turbo Energy, S.A.",NASDAQ,,False,2026-10-04 09:08:42
TUSK,"Mammoth Energy Services, Inc.",NASDAQ,,False,2026-10-04 09:08:42
TVA,Texas Ventures Acquisition III Corp,NASDAQ,,False,2026-10-04 09:08:42
TVAI,Thayer Ventures Acquisition Corporation II,NASDAQ,,False,2026-10-04 09:08:42
TVGN,Tevogen Bio Holdings Inc.,NASDAQ,,False,2026-10-04 09:08:42
TVRD,"Tvardi Therapeutics, Inc.",NASDAQ,,False,2026-10-04 09:08:42
TVTX,"Travere Therapeutics, Inc.",NASDAQ,,False,2026-10-04 09:08:42
TW,Tradeweb Markets Inc.,NASDAQ,,False,2026-10-04 09:08:42
TWAV,"TaoWeave, Inc.",NASDAQ,,False,2026-10-04 09:08:42
TWFG,"TWFG, Inc.",NASDAQ,,False,2026-10-04 09:08:42
TWG,Top Wealth Group Holding Limited,NASDAQ,,False,2026-10-04 09:08:42
TWIN,"Twin Disc, Incorporated",NASDAQ,,False,2026-10-04 09:08:42
TWLV,Twelve Seas Investment Company III,NASDAQ,,False,2026-10-04 09:08:42
TWST,Twist Bioscience Corporation,NASDAQ,,False,2026-10-04 09:08:42
TXG,"10x Genomics, Inc.",NASDAQ,,False,2026-10-04 09:08:42
TXMD,"TherapeuticsMD, Inc.",NASDAQ,,False,2026-10-04 09:08:42
TXN,Texas Instruments Incorporated,NASDAQ,,False,2026-10-04 09:08:42
TXRH,"Texas Roadhouse, Inc.",NASDAQ,,False,2026-10-04 09:08:42
TYGO,"Tigo Energy, Inc.",NASDAQ,,False,2026-10-04 09:08:42
TYRA,"Tyra Biosciences, Inc.",NASDAQ,,False,2026-10-04 09:08:42
TZOO,Travelzoo,NASDAQ,,False,2026-10-04 09:08:42
UAL,"United Airlines Holdings, Inc.",NASDAQ,,False,2026-10-04 09:08:42
UBCP,"United Bancorp, Inc.",NASDAQ,,False,2026-10-04 09:08:42
UBFO,United Security Bancshares,NASDAQ,,False,2026-10-04 09:08:42
UBSI,"United Bankshares, Inc.",NASDAQ,,False,2026-10-04 09:08:42
UBXG,U-BX Technology Ltd.,NASDAQ,,False,2026-10-04 09:08:42
UCAR,U Power Limited,NASDAQ,,False,2026-10-04 09:08:42
UCFI,CN Healthy Food Tech Group Corp.,NASDAQ,,False,2026-10-04 09:08:42
UCL,uCloudlink Group Inc.,NASDAQ,,False,2026-10-04 09:08:42
UCTT,"Ultra Clean Holdings, Inc.",NASDAQ,,False,2026-10-04 09:08:42
UDMY,"Udemy, Inc.",NASDAQ,,False,2026-10-04 09:08:42
UEIC,Universal Electronics Inc.,NASDAQ,,False,2026-10-04 09:08:42
UFCS,"United Fire Group, Inc",NASDAQ,,False,2026-10-04 09:08:42
UFG,Uni-Fuels Holdings Limited,NASDAQ,,False,2026-10-04 09:08:42
UFPI,"UFP Industries, Inc.",NASDAQ,,False,2026-10-04 09:08:42
UFPT,"UFP Technologies, Inc.",NASDAQ,,False,2026-10-04 09:08:42
UG,"United-Guardian, Inc.",NASDAQ,,False,2026-10-04 09:08:42
UGRO,"urban-gro, Inc.",NASDAQ,,False,2026-10-04 09:08:42
UHG,"United Homes Group, Inc",NASDAQ,,False,2026-10-04 09:08:42
UK,Ucommune International Ltd,NASDAQ,,False,2026-10-04 09:08:42
ULBI,Ultralife Corporation,NASDAQ,,False,2026-10-04 09:08:42
ULCC,"Frontier Group Holdings, Inc.",NASDAQ,,False,2026-10-04 09:08:42
ULH,"Universal Logistics Holdings, Inc.",NASDAQ,,False,2026-10-04 09:08:42
ULTA,"Ulta Beauty, Inc.",NASDAQ,,False,2026-10-04 09:08:42
UMBF,UMB Financial Corporation,NASDAQ,,False,2026-10-04 09:08:42
UMBFO,UMB Financial Corporation,NASDAQ,,False,2026-10-04 09:08:42
UNIT,Uniti Group Inc.,NASDAQ,,False,2026-10-04 09:08:42
UNTY,"Unity Bancorp, Inc.",NASDAQ,,False,2026-10-04 09:08:42
UONE,"Urban One, Inc.",NASDAQ,,False,2026-10-04 09:08:42
UONEK,"Urban One, Inc.",NASDAQ,,False,2026-10-04 09:08:42
UPB,"Upstream Bio, Inc.",NASDAQ,,False,2026-10-04 09:08:42
UPBD,"Upbound Group, Inc.",NASDAQ,,False,2026-10-04 09:08:42
UPC,Universe Pharmaceuticals Inc,NASDAQ,,False,2026-10-04 09:08:42
UPLD,"Upland Software, Inc.",NASDAQ,,False,2026-10-04 09:08:42
UPST,"Upstart Holdings, Inc.",NASDAQ,,False,2026-10-04 09:08:42
UPWK,Upwork Inc.,NASDAQ,,False,2026-10-04 09:08:42
UPXI,"Upexi, Inc.",NASDAQ,,False,2026-10-04 09:08:42
URBN,"Urban Outfitters, Inc.",NASDAQ,,False,2026-10-04 09:08:42
URGN,UroGen Pharma Ltd.,NASDAQ,,False,2026-10-04 09:08:42
UROY,Uranium Royalty Corp.,NASDAQ,,False,2026-10-04 09:08:42
USAR,"USA Rare Earth, Inc.",NASDAQ,,False,2026-10-04 09:08:42
USAU,U.S. Gold Corp.,NASDAQ,,False,2026-10-04 09:08:42
USCB,"USCB Financial Holdings, Inc.",NASDAQ,,False,2026-10-04 09:08:42
USEA,United Maritime Corporation,NASDAQ,,False,2026-10-04 09:08:42
USEG,U.S. Energy Corp.,NASDAQ,,False,2026-10-04 09:08:42
USIO,"Usio, Inc.",NASDAQ,,False,2026-10-04 09:08:42
USLM,"United States Lime & Minerals, Inc.",NASDAQ,,False,2026-10-04 09:08:42
UTHR,United Therapeutics Corporation,NASDAQ,,False,2026-10-04 09:08:42
UTMD,"Utah Medical Products, Inc.",NASDAQ,,False,2026-10-04 09:08:42
UTSI,UTStarcom Holdings Corp,NASDAQ,,False,2026-10-04 09:08:42
UVSP,Univest Financial Corporation,NASDAQ,,False,2026-10-04 09:08:42
UXIN,Uxin Limited,NASDAQ,,False,2026-10-04 09:08:42
UYSC,UY Scuti Acquisition Corp.,NASDAQ,,False,2026-10-04 09:08:42
VABK,Virginia National Bankshares Corporation,NASDAQ,,False,2026-10-04 09:08:42
VACH,Voyager Acquisition Corp,NASDAQ,,False,2026-10-04 09:08:42
VALN,Valneva SE,NASDAQ,,False,2026-10-04 09:08:42
VALU,"Value Line, Inc.",NASDAQ,,False,2026-10-04 09:08:42
VANI,"Vivani Medical, Inc.",NASDAQ,,False,2026-10-04 09:08:42
VC,Visteon Corporation,NASDAQ,,False,2026-10-04 09:08:42
VCEL,Vericel Corporation,NASDAQ,,False,2026-10-04 09:08:42
VCIC,Vine Hill Capital Investment Corp.,NASDAQ,,False,2026-10-04 09:08:42
VCIG,VCI Global Limited,NASDAQ,,False,2026-10-04 09:08:42
VCTR,"Victory Capital Holdings, Inc.",NASDAQ,,False,2026-10-04 09:08:42
VCYT,"Veracyte, Inc.",NASDAQ,,False,2026-10-04 09:08:42
VECO,Veeco Instruments Inc.,NASDAQ,,False,2026-10-04 09:08:42
VEEA,Veea Inc.,NASDAQ,,False,2026-10-04 09:08:42
VEEE,Twin Vee PowerCats Co.,NASDAQ,,False,2026-10-04 09:08:42
VELO,"Velo3D, Inc.",NASDAQ,,False,2026-10-04 09:08:42
VEON,VEON Ltd.,NASDAQ,,False,2026-10-04 09:08:42
VERA,"Vera Therapeutics, Inc.",NASDAQ,,False,2026-10-04 09:08:42
VERI,"Veritone, Inc.",NASDAQ,,False,2026-10-04 09:08:42
VERU,Veru Inc.,NASDAQ,,False,2026-10-04 09:08:42
VERX,"Vertex, Inc.",NASDAQ,,False,2026-10-04 09:08:42
VFF,"Village Farms International, Inc.",NASDAQ,,False,2026-10-04 09:08:42
VFS,VinFast Auto Ltd.,NASDAQ,,False,2026-10-04 09:08:42
VGAS,"Verde Clean Fuels, Inc.",NASDAQ,,False,2026-10-04 09:08:42
VHC,VirnetX Holding Corp,NASDAQ,,False,2026-10-04 09:08:42
VHCP,Vine Hill Capital Investment Corp. II,NASDAQ,,False,2026-10-04 09:08:42
VHUB,"VenHub Global, Inc.",NASDAQ,,False,2026-10-04 09:08:42
VIAV,Viavi Solutions Inc.,NASDAQ,,False,2026-10-04 09:08:42
VICR,Vicor Corporation,NASDAQ,,False,2026-10-04 09:08:42
VINP,Vinci Compass Investments Ltd.,NASDAQ,,False,2026-10-04 09:08:42
VIOT,"Viomi Technology Co., Ltd",NASDAQ,,False,2026-10-04 09:08:42
VIR,"Vir Biotechnology, Inc.",NASDAQ,,False,2026-10-04 09:08:42
VIRC,Virco Manufacturing Corporation,NASDAQ,,False,2026-10-04 09:08:42
VISN,"Vistance Networks, Inc.",NASDAQ,,False,2026-10-04 09:08:42
VITL,"Vital Farms, Inc.",NASDAQ,,False,2026-10-04 09:08:42
VIVO,VivoPower PLC,NASDAQ,,False,2026-10-04 09:08:42
VIVS,"VivoSim Labs, Inc.",NASDAQ,,False,2026-10-04 09:08:42
VKTX,"Viking Therapeutics, Inc.",NASDAQ,,False,2026-10-04 09:08:42
VLGEA,"Village Super Market, Inc.",NASDAQ,,False,2026-10-04 09:08:42
VLY,Valley National Bancorp,NASDAQ,,False,2026-10-04 09:08:42
VLYPN,Valley National Bancorp,NASDAQ,,False,2026-10-04 09:08:42
VLYPO,Valley National Bancorp,NASDAQ,,False,2026-10-04 09:08:42
VMAR,Vision Marine Technologies Inc.,NASDAQ,,False,2026-10-04 09:08:42
VNCE,Vince Holding Corp.,NASDAQ,,False,2026-10-04 09:08:42
VNET,"VNET Group, Inc.",NASDAQ,,False,2026-10-04 09:08:42
VNME,Vendome Acquisition Corporation I,NASDAQ,,False,2026-10-04 09:08:42
VNOM,"Viper Energy, Inc.",NASDAQ,,False,2026-10-04 09:08:42
VOD,Vodafone Group Plc,NASDAQ,,False,2026-10-04 09:08:42
VOR,Vor Biopharma Inc.,NASDAQ,,False,2026-10-04 09:08:42
VOXR,Vox Royalty Corp.,NASDAQ,,False,2026-10-04 09:08:42
VRA,"Vera Bradley, Inc.",NASDAQ,,False,2026-10-04 09:08:42
VRAX,Virax Biolabs Group Limited,NASDAQ,,False,2026-10-04 09:08:42
VRCA,Verrica Pharmaceuticals Inc.,NASDAQ,,False,2026-10-04 09:08:42
VRDN,"Viridian Therapeutics, Inc.",NASDAQ,,False,2026-10-04 09:08:42
VREX,Varex Imaging Corporation,NASDAQ,,False,2026-10-04 09:08:42
VRNS,"Varonis Systems, Inc.",NASDAQ,,False,2026-10-04 09:08:42
VRRM,Verra Mobility Corporation,NASDAQ,,False,2026-10-04 09:08:42
VRSK,"Verisk Analytics, Inc.",NASDAQ,,False,2026-10-04 09:08:42
VRTX,Vertex Pharmaceuticals Incorporated,NASDAQ,,False,2026-10-04 09:08:42
VS,Versus Systems Inc.,NASDAQ,,False,2026-10-04 09:08:42
VSA,VisionSys AI Inc.,NASDAQ,,False,2026-10-04 09:08:42
VSAT,"ViaSat, Inc.",NASDAQ,,False,2026-10-04 09:08:42
VSEC,VSE Corporation,NASDAQ,,False,2026-10-04 09:08:42
VSME,VS Media Holdings Limited,NASDAQ,,False,2026-10-04 09:08:42
VSNT,"Versant Media Group, Inc.",NASDAQ,,False,2026-10-04 09:08:42
VSTM,"Verastem, Inc.",NASDAQ,,False,2026-10-04 09:08:42
VTGN,"Vistagen Therapeutics, Inc.",NASDAQ,,False,2026-10-04 09:08:42
VTSI,"VirTra, Inc.",NASDAQ,,False,2026-10-04 09:08:42
VTVT,vTv Therapeutics Inc.,NASDAQ,,False,2026-10-04 09:08:42
VUZI,Vuzix Corporation,NASDAQ,,False,2026-10-04 09:08:42
VVOS,"Vivos Therapeutics, Inc.",NASDAQ,,False,2026-10-04 09:08:42
VWAV,"VisionWave Holdings, Inc.",NASDAQ,,False,2026-10-04 09:08:42
VYGR,"Voyager Therapeutics, Inc.",NASDAQ,,False,2026-10-04 09:08:42
VYNE,VYNE Therapeutics Inc.,NASDAQ,,False,2026-10-04 09:08:42
WABC,Westamerica Bancorporation,NASDAQ,,False,2026-10-04 09:08:42
WAFD,"WaFd, Inc.",NASDAQ,,False,2026-10-04 09:08:42
WAFU,Wah Fu Education Group Limited,NASDAQ,,False,2026-10-04 09:08:42
WAI,Top KingWin Ltd,NASDAQ,,False,2026-10-04 09:08:42
WALD,Waldencast plc,NASDAQ,,False,2026-10-04 09:08:42
WASH,"Washington Trust Bancorp, Inc.",NASDAQ,,False,2026-10-04 09:08:42
WATT,Energous Corporation,NASDAQ,,False,2026-10-04 09:08:42
WAVE,Eco Wave Power Global AB (publ),NASDAQ,,False,2026-10-04 09:08:42
WB,Weibo Corporation,NASDAQ,,False,2026-10-04 09:08:42
WBD,"Warner Bros. Discovery, Inc.",NASDAQ,,False,2026-10-04 09:08:42
WBTN,WEBTOON Entertainment Inc.,NASDAQ,,False,2026-10-04 09:08:42
WBUY,WEBUY GLOBAL LTD.,NASDAQ,,False,2026-10-04 09:08:42
WCT,Wellchange Holdings Company Limited,NASDAQ,,False,2026-10-04 09:08:42
WDFC,WD-40 Company,NASDAQ,,False,2026-10-04 09:08:42
WERN,"Werner Enterprises, Inc.",NASDAQ,,False,2026-10-04 09:08:42
WEST,Westrock Coffee Company,NASDAQ,,False,2026-10-04 09:08:42
WETH,Wetouch Technology Inc.,NASDAQ,,False,2026-10-04 09:08:42
WETO,Wetour Robotics Limited,NASDAQ,,False,2026-10-04 09:08:42
WEYS,"Weyco Group, Inc.",NASDAQ,,False,2026-10-04 09:08:42
WFCF,"Where Food Comes From, Inc.",NASDAQ,,False,2026-10-04 09:08:42
WFF,WF Holding Limited,NASDAQ,,False,2026-10-04 09:08:42
WFRD,Weatherford International plc,NASDAQ,,False,2026-10-04 09:08:42
WGRX,"Wellgistics Health, Inc.",NASDAQ,,False,2026-10-04 09:08:42
WGS,GeneDx Holdings Corp.,NASDAQ,,False,2026-10-04 09:08:42
WHFCL,"WhiteHorse Finance, Inc.",NASDAQ,,False,2026-10-04 09:08:42
WHLR,"Wheeler Real Estate Investment Trust, Inc.",NASDAQ,,False,2026-10-04 09:08:42
WHLRD,"Wheeler Real Estate Investment Trust, Inc.",NASDAQ,,False,2026-10-04 09:08:42
WHLRL,"Wheeler Real Estate Investment Trust, Inc.",NASDAQ,,False,2026-10-04 09:08:42
WHWK,"Whitehawk Therapeutics, Inc.",NASDAQ,,False,2026-10-04 09:08:42
WILC,"G. Willi-Food International,  Ltd.",NASDAQ,,False,2026-10-04 09:08:42
WIMI,WiMi Hologram Cloud Inc.,NASDAQ,,False,2026-10-04 09:08:42
WINA,Winmark Corporation,NASDAQ,,False,2026-10-04 09:08:42
WKEY,WISeKey International Holding Ltd,NASDAQ,,False,2026-10-04 09:08:42
WKHS,"Workhorse Group, Inc.",NASDAQ,,False,2026-10-04 09:08:42
WKSP,"Worksport, Ltd.",NASDAQ,,False,2026-10-04 09:08:42
WLAC,Willow Lane Acquisition Corp.,NASDAQ,,False,2026-10-04 09:08:42
WLDN,"Willdan Group, Inc.",NASDAQ,,False,2026-10-04 09:08:42
WLDS,Wearable Devices Ltd.,NASDAQ,,False,2026-10-04 09:08:42
WLFC,Willis Lease Finance Corporation,NASDAQ,,False,2026-10-04 09:08:42
WMG,Warner Music Group Corp.,NASDAQ,,False,2026-10-04 09:08:42
WMT,Walmart Inc.,NASDAQ,,False,2026-10-04 09:08:42
WOK,WORK Medical Technology Group LTD,NASDAQ,,False,2026-10-04 09:08:42
WPRT,Westport Fuel Systems Inc,NASDAQ,,False,2026-10-04 09:08:42
WRAP,"Wrap Technologies, Inc.",NASDAQ,,False,2026-10-04 09:08:42
WRD,WeRide Inc.,NASDAQ,,False,2026-10-04 09:08:42
WRLD,World Acceptance Corporation,NASDAQ,,False,2026-10-04 09:08:42
WSBC,"WesBanco, Inc.",NASDAQ,,False,2026-10-04 09:08:42
WSBCO,"WesBanco, Inc.",NASDAQ,,False,2026-10-04 09:08:42
WSBF,"Waterstone Financial, Inc.",NASDAQ,,False,2026-10-04 09:08:42
WSBK,"Winchester Bancorp, Inc.",NASDAQ,,False,2026-10-04 09:08:42
WSC,WillScot Holdings Corporation,NASDAQ,,False,2026-10-04 09:08:42
WSFS,WSFS Financial Corporation,NASDAQ,,False,2026-10-04 09:08:42
WSHP,WeShop Holdings Limited,NASDAQ,,False,2026-10-04 09:08:42
WSTN,Westin Acquisition Corp,NASDAQ,,False,2026-10-04 09:08:42
WTBA,West Bancorporation,NASDAQ,,False,2026-10-04 09:08:42
WTF,Waton Financial Limited,NASDAQ,,False,2026-10-04 09:08:42
WTFC,Wintrust Financial Corporation,NASDAQ,,False,2026-10-04 09:08:42
WTO,UTime Limited,NASDAQ,,False,2026-10-04 09:08:42
WTW,Willis Towers Watson Public Limited Company,NASDAQ,,False,2026-10-04 09:08:42
WXM,WF International Limited,NASDAQ,,False,2026-10-04 09:08:42
WYFI,"WhiteFiber, Inc.",NASDAQ,,False,2026-10-04 09:08:42
WYHG,Wing Yip Food Holdings Group Limited,NASDAQ,,False,2026-10-04 09:08:42
WYNN,"Wynn Resorts, Limited",NASDAQ,,False,2026-10-04 09:08:42
XAIR,"Beyond Air, Inc.",NASDAQ,,False,2026-10-04 09:08:42
XBIO,"Xenetic Biosciences, Inc.",NASDAQ,,False,2026-10-04 09:08:42
XBIT,XBiotech Inc.,NASDAQ,,False,2026-10-04 09:08:42
XBP,"XBP Global Holdings, Inc.",NASDAQ,,False,2026-10-04 09:08:42
XCBE,X3 Acquisition Corp. Ltd.,NASDAQ,,False,2026-10-04 09:08:42
XCH,XCHG Limited,NASDAQ,,False,2026-10-04 09:08:42
XCUR,"Exicure, Inc.",NASDAQ,,False,2026-10-04 09:08:42
XEL,Xcel Energy Inc.,NASDAQ,,False,2026-10-04 09:08:42
XELB,"Xcel Brands, Inc",NASDAQ,,False,2026-10-04 09:08:42
XELLL,Xcel Energy Inc.,NASDAQ,,False,2026-10-04 09:08:42
XENE,Xenon Pharmaceuticals Inc.,NASDAQ,,False,2026-10-04 09:08:42
XERS,"Xeris Biopharma Holdings, Inc.",NASDAQ,,False,2026-10-04 09:08:42
XGN,Exagen Inc.,NASDAQ,,False,2026-10-04 09:08:42
XHG,XChange TEC.INC,NASDAQ,,False,2026-10-04 09:08:42
XHLD,"TEN Holdings, Inc.",NASDAQ,,False,2026-10-04 09:08:42
XMTR,"Xometry, Inc.",NASDAQ,,False,2026-10-04 09:08:42
XNCR,"Xencor, Inc.",NASDAQ,,False,2026-10-04 09:08:42
XNDU,Xanadu Quantum Technologies Limited,NASDAQ,,False,2026-10-04 09:08:42
XNET,Xunlei Limited,NASDAQ,,False,2026-10-04 09:08:42
XOMA,XOMA Royalty Corporation,NASDAQ,,False,2026-10-04 09:08:42
XOMAO,XOMA Royalty Corporation,NASDAQ,,False,2026-10-04 09:08:42
XP,XP Inc.,NASDAQ,,False,2026-10-04 09:08:42
XPEL,"XPEL, Inc.",NASDAQ,,False,2026-10-04 09:08:42
XPON,Expion360 Inc.,NASDAQ,,False,2026-10-04 09:08:42
XRPN,Armada Acquisition Corp. II,NASDAQ,,False,2026-10-04 09:08:42
XRTX,XORTX Therapeutics Inc.,NASDAQ,,False,2026-10-04 09:08:42
XRX,Xerox Holdings Corporation,NASDAQ,,False,2026-10-04 09:08:42
XSLL,Xsolla SPAC 1,NASDAQ,,False,2026-10-04 09:08:42
XTIA,"XTI Aerospace, Inc. Common Stock",NASDAQ,,False,2026-10-04 09:08:42
XTKG,"X3 Holdings Co., Ltd.",NASDAQ,,False,2026-10-04 09:08:42
XTLB,XTL Biopharmaceuticals Ltd.,NASDAQ,,False,2026-10-04 09:08:42
XWEL,"XWELL, Inc.",NASDAQ,,False,2026-10-04 09:08:42
XWIN,"XMAX, Inc.",NASDAQ,,False,2026-10-04 09:08:42
XXII,"22nd Century Group, Inc",NASDAQ,,False,2026-10-04 09:08:42
YAAS,Youxin Technology Ltd,NASDAQ,,False,2026-10-04 09:08:42
YB,Yuanbao Inc.,NASDAQ,,False,2026-10-04 09:08:42
YDDL,One and One Green Technologies. INC,NASDAQ,,False,2026-10-04 09:08:42
YDES,YD Bio Limited,NASDAQ,,False,2026-10-04 09:08:42
YDKG,Yueda Digital Holding,NASDAQ,,False,2026-10-04 09:08:42
YHC,LQR House Inc.,NASDAQ,,False,2026-10-04 09:08:42
YHGJ,Yunhong Green CTI Ltd.,NASDAQ,,False,2026-10-04 09:08:42
YHNA,YHN Acquisition I Limited,NASDAQ,,False,2026-10-04 09:08:42
YI,"111, Inc.",NASDAQ,,False,2026-10-04 09:08:42
YMAT,"J-Star Holding Co., Ltd.",NASDAQ,,False,2026-10-04 09:08:42
YMT,Yimutian Inc.,NASDAQ,,False,2026-10-04 09:08:42
YORW,The York Water Company,NASDAQ,,False,2026-10-04 09:08:42
YOUL,Youlife Group Inc.,NASDAQ,,False,2026-10-04 09:08:42
YQ,17 Education & Technology Group Inc.,NASDAQ,,False,2026-10-04 09:08:42
YTRA,"Yatra Online, Inc.",NASDAQ,,False,2026-10-04 09:08:42
YXT,YXT.COM GROUP HOLDING LIMITED,NASDAQ,,False,2026-10-04 09:08:42
YYAI,AiRWA Inc.,NASDAQ,,False,2026-10-04 09:08:42
YYGH,YY Group Holding Limited,NASDAQ,,False,2026-10-04 09:08:42
Z,"Zillow Group, Inc.",NASDAQ,,False,2026-10-04 09:08:42
ZBAI,ATIF Holdings Limited,NASDAQ,,False,2026-10-04 09:08:42
ZBIO,"Zenas BioPharma, Inc.",NASDAQ,,False,2026-10-04 09:08:42
ZBRA,Zebra Technologies Corporation,NASDAQ,,False,2026-10-04 09:08:42
ZCMD,Zhongchao Inc.,NASDAQ,,False,2026-10-04 09:08:42
ZD,"Ziff Davis, Inc.",NASDAQ,,False,2026-10-04 09:08:42
ZENA,"ZenaTech, Inc.",NASDAQ,,False,2026-10-04 09:08:42
ZEO,Zeo Energy Corporation,NASDAQ,,False,2026-10-04 09:08:42
ZGM,Zenta Group Company Limited,NASDAQ,,False,2026-10-04 09:08:42
ZION,Zions Bancorporation N.A.,NASDAQ,,False,2026-10-04 09:08:42
ZJK,"ZJK Industrial Co., Ltd.",NASDAQ,,False,2026-10-04 09:08:42
ZJYL,JIN MEDICAL INTERNATIONAL LTD.,NASDAQ,,False,2026-10-04 09:08:42
ZKIN,"ZK International Group Co., Ltd",NASDAQ,,False,2026-10-04 09:08:42
ZKP,Lafayette Digital Acquisition Corp. I,NASDAQ,,False,2026-10-04 09:08:42
ZKPU,Lafayette Digital Acquisition Corp. I,NASDAQ,,False,2026-10-04 09:08:42
ZKPW,Lafayette Digital Acquisition Corp. I,NASDAQ,,False,2026-10-04 09:08:42
ZLAB,Zai Lab Limited,NASDAQ,,False,2026-10-04 09:08:42
ZNB,Zeta Network Group,NASDAQ,,False,2026-10-04 09:08:42
ZS,"Zscaler, Inc.",NASDAQ,,False,2026-10-04 09:08:42
ZSTK,ZeroStack Corp.,NASDAQ,,False,2026-10-04 09:08:42
ZTEK,Zentek Ltd.,NASDAQ,,False,2026-10-04 09:08:42
ZUMZ,Zumiez Inc.,NASDAQ,,False,2026-10-04 09:08:42
ZURA,Zura Bio Limited,NASDAQ,,False,2026-10-04 09:08:42
ZVRA,"Zevra Therapeutics, Inc.",NASDAQ,,False,2026-10-04 09:08:42
ZYBT,Zhengye Biotechnology Holding Limited,NASDAQ,,False,2026-10-04 09:08:42
FILE CREATION TIME: 0331202621:31,,NASDAQ,,False,2026-10-04 09:08:42
A,"Agilent Technologies, Inc. Common Stock",NYSE,,False,2026-10-04 09:08:42
AA,Alcoa Corporation Common Stock,NYSE,,False,2026-10-04 09:08:42
AAMI,Acadian Asset Management Inc. Common Stock,NYSE,,False,2026-10-04 09:08:42
AAP,Advance Auto Parts Inc.,NYSE,,False,2026-10-04 09:08:42
AAT,"American Assets Trust, Inc. Common Stock",NYSE,,False,2026-10-04 09:08:42
AAUC,Allied Gold Corporation Common Shares,NYSE,,False,2026-10-04 09:08:42
ABBV,AbbVie Inc. Common Stock,NYSE,,False,2026-10-04 09:08:42
ABCB,Ameris Bancorp Common Stock,NYSE,,False,2026-10-04 09:08:42
ABEV,Ambev S.A. American Depositary Shares (Each representing 1 Common Share),NYSE,,False,2026-10-04 09:08:42
ABG,Asbury Automotive Group Inc Common Stock,NYSE,,False,2026-10-04 09:08:42
ABM,ABM Industries Incorporated Common Stock,NYSE,,False,2026-10-04 09:08:42
ABR,Arbor Realty Trust Common Stock,NYSE,,False,2026-10-04 09:08:42
ABT,Abbott Laboratories Common Stock,NYSE,,False,2026-10-04 09:08:42
ABX,"Abacus Global Management, Inc. Class A Common Stock",NYSE,,False,2026-10-04 09:08:42
ACA,"Arcosa, Inc. Common Stock",NYSE,,False,2026-10-04 09:08:42
ACCO,Acco Brands Corporation Common Stock,NYSE,,False,2026-10-04 09:08:42
ACEL,"Accel Entertainment, Inc.",NYSE,,False,2026-10-04 09:08:42
ACH,"Accendra Health, Inc. Common Stock",NYSE,,False,2026-10-04 09:08:42
ACHR,Archer Aviation Inc. Class A Common Stock,NYSE,,False,2026-10-04 09:08:42
ACI,"Albertsons Companies, Inc. Class A Common Stock",NYSE,,False,2026-10-04 09:08:42
ACLO,TCW AAA CLO ETF,NYSE,,False,2026-10-04 09:08:42
ACM,AECOM Common Stock,NYSE,,False,2026-10-04 09:08:42
ACN,Accenture plc Class A Ordinary Shares (Ireland),NYSE,,False,2026-10-04 09:08:42
ACP,abrdn Income Credit Strategies Fund Common Shares,NYSE,,False,2026-10-04 09:08:42
ACR,ACRES Commercial Realty Corp. Common Stock,NYSE,,False,2026-10-04 09:08:42
ACRE,Ares Commercial Real Estate Corporation Common Stock,NYSE,,False,2026-10-04 09:08:42
ACV,Virtus Diversified Income & Convertible Fund Common Shares of Beneficial Interest,NYSE,,False,2026-10-04 09:08:42
ACVA,ACV Auctions Inc. Class A Common Stock,NYSE,,False,2026-10-04 09:08:42
AD,"Array Digital Infrastructure, Inc. Common Shares",NYSE,,False,2026-10-04 09:08:42
ADC,Agree Realty Corporation Common Stock,NYSE,,False,2026-10-04 09:08:42
ADCT,ADC Therapeutics SA Common Shares,NYSE,,False,2026-10-04 09:08:42
ADM,Archer,NYSE,,False,2026-10-04 09:08:42
ADNT,Adient plc Ordinary Shares,NYSE,,False,2026-10-04 09:08:42
ADT,ADT Inc. Common Stock,NYSE,,False,2026-10-04 09:08:42
ADX,Adams Diversified Equity Fund Inc.,NYSE,,False,2026-10-04 09:08:42
AEE,Ameren Corporation Common Stock,NYSE,,False,2026-10-04 09:08:42
AEG,Aegon Ltd. New York Registry Shares,NYSE,,False,2026-10-04 09:08:42
AEM,Agnico Eagle Mines Limited Common Stock,NYSE,,False,2026-10-04 09:08:42
AEO,"American Eagle Outfitters, Inc. Common Stock",NYSE,,False,2026-10-04 09:08:42
AER,AerCap Holdings N.V. Ordinary Shares,NYSE,,False,2026-10-04 09:08:42
AERO,"Grupo Aeromexico, S.A.B. de C.V. American Depositary Shares (each representing ten (10) Common Shares)",NYSE,,False,2026-10-04 09:08:42
AES,The AES Corporation Common Stock,NYSE,,False,2026-10-04 09:08:42
AESI,Atlas Energy Solutions Inc. Common Stock,NYSE,,False,2026-10-04 09:08:42
AEXA,American Exceptionalism Acquisition Corp. A Class A Ordinary Shares,NYSE,,False,2026-10-04 09:08:42
AFB,AllianceBernstein National Municipal Income Fund Inc,NYSE,,False,2026-10-04 09:08:42
AFG,"American Financial Group, Inc. Common Stock",NYSE,,False,2026-10-04 09:08:42
AFGB,"American Financial Group, Inc. 5.875% Subordinated Debentures due 2059",NYSE,,False,2026-10-04 09:08:42
AFGC,"American Financial Group, Inc. 5.125% Subordinated Debentures due 2059",NYSE,,False,2026-10-04 09:08:42
AFGD,"American Financial Group, Inc. 5.625% Subordinated Debentures due 2060",NYSE,,False,2026-10-04 09:08:42
AFGE,"American Financial Group, Inc. 4.500% Subordinated Debentures due 2060",NYSE,,False,2026-10-04 09:08:42
AFL,AFLAC Incorporated Common Stock,NYSE,,False,2026-10-04 09:08:42
AG,First Majestic Silver Corp. Ordinary Shares (Canada),NYSE,,False,2026-10-04 09:08:42
AGBK,AGI Inc Class A Common Shares,NYSE,,False,2026-10-04 09:08:42
AGCO,AGCO Corporation Common Stock,NYSE,,False,2026-10-04 09:08:42
AGD,abrdn Global Dynamic Dividend Fund Common Shares of Beneficial Interest,NYSE,,False,2026-10-04 09:08:42
AGI,Alamos Gold Inc. Class A Common Shares,NYSE,,False,2026-10-04 09:08:42
AGL,"agilon health, inc. Common Stock",NYSE,,False,2026-10-04 09:08:42
AGM,Federal Agricultural Mortgage Corporation Common Stock,NYSE,,False,2026-10-04 09:08:42
AGM-A,Federal Agricultural Mortgage Corporation Common Stock,NYSE,,False,2026-10-04 09:08:42
AGO,Assured Guaranty Ltd. Common Stock,NYSE,,False,2026-10-04 09:08:42
AGRO,Adecoagro S.A. Common Shares,NYSE,,False,2026-10-04 09:08:42
AGX,"Argan, Inc. Common Stock",NYSE,,False,2026-10-04 09:08:42
AHR,"American Healthcare REIT, Inc. Common Stock",NYSE,,False,2026-10-04 09:08:42
AHRT,"AH Realty Trust, Inc. Common Stock",NYSE,,False,2026-10-04 09:08:42
AHT,Ashford Hospitality Trust Inc Common Stock,NYSE,,False,2026-10-04 09:08:42
AI,"C3.ai, Inc. Class A Common Stock",NYSE,,False,2026-10-04 09:08:42
AIG,"American International Group, Inc. New Common Stock",NYSE,,False,2026-10-04 09:08:42
AII,"American Integrity Insurance Group, Inc. Common Stock",NYSE,,False,2026-10-04 09:08:42
AIIA,AI Infrastructure Acquisition Corp. Class A Ordinary Shares,NYSE,,False,2026-10-04 09:08:42
AIN,Albany International Corporation Common Stock,NYSE,,False,2026-10-04 09:08:42
AIO,Virtus Artificial Intelligence & Technology Opportunities Fund Common Shares of Beneficial Interest,NYSE,,False,2026-10-04 09:08:42
AIR,AAR Corp. Common Stock,NYSE,,False,2026-10-04 09:08:42
AIT,"Applied Industrial Technologies, Inc. Common Stock",NYSE,,False,2026-10-04 09:08:42
AIV,Apartment Investment and Management Company Common Stock,NYSE,,False,2026-10-04 09:08:42
AIZ,"Assurant, Inc. Common Stock",NYSE,,False,2026-10-04 09:08:42
AJG,Arthur J. Gallagher & Co. Common Stock,NYSE,,False,2026-10-04 09:08:42
AKA,a.k.a. Brands Holding Corp. Common Stock,NYSE,,False,2026-10-04 09:08:42
AKAF,The Frontier Economic Fund,NYSE,,False,2026-10-04 09:08:42
AKO-A,Embotelladora Andina S.A. Common Stock,NYSE,,False,2026-10-04 09:08:42
AKO-B,Embotelladora Andina S.A. Common Stock,NYSE,,False,2026-10-04 09:08:42
AKR,Acadia Realty Trust Common Stock,NYSE,,False,2026-10-04 09:08:42
ALB,Albemarle Corporation Common Stock,NYSE,,False,2026-10-04 09:08:42
ALC,Alcon Inc. Ordinary Shares,NYSE,,False,2026-10-04 09:08:42
ALG,"Alamo Group, Inc. Common Stock",NYSE,,False,2026-10-04 09:08:42
ALH,Alliance Laundry Holdings Inc. Common Stock,NYSE,,False,2026-10-04 09:08:42
ALIT,"Alight, Inc. Class A Common Stock",NYSE,,False,2026-10-04 09:08:42
ALK,"Alaska Air Group, Inc. Common Stock",NYSE,,False,2026-10-04 09:08:42
ALL,Allstate Corporation (The) Common Stock,NYSE,,False,2026-10-04 09:08:42
ALLE,Allegion plc Ordinary Shares,NYSE,,False,2026-10-04 09:08:42
ALLY,Ally Financial Inc. Common Stock,NYSE,,False,2026-10-04 09:08:42
ALSN,"Allison Transmission Holdings, Inc. Common Stock",NYSE,,False,2026-10-04 09:08:42
ALTG,Alta Equipment Group Inc. Class A Common Stock,NYSE,,False,2026-10-04 09:08:42
ALUB,Alussa Energy Acquisition Corp. II Class A Ordinary Shares,NYSE,,False,2026-10-04 09:08:42
ALV,"Autoliv, Inc. Common Stock",NYSE,,False,2026-10-04 09:08:42
ALX,"Alexander's, Inc. Common Stock",NYSE,,False,2026-10-04 09:08:42
AM,Antero Midstream Corporation Common Stock,NYSE,,False,2026-10-04 09:08:42
AMBP,Ardagh Metal Packaging S.A. Ordinary Shares,NYSE,,False,2026-10-04 09:08:42
AMBQ,"Ambiq Micro, Inc. Common Stock",NYSE,,False,2026-10-04 09:08:42
AMC,"AMC Entertainment Holdings, Inc. Class A Common Stock",NYSE,,False,2026-10-04 09:08:42
AMCR,Amcor plc Ordinary Shares,NYSE,,False,2026-10-04 09:08:42
AME,"AMETEK, Inc.",NYSE,,False,2026-10-04 09:08:42
AMG,"Affiliated Managers Group, Inc. Common Stock",NYSE,,False,2026-10-04 09:08:42
AMH,American Homes 4 Rent Common Shares of Beneficial Interest,NYSE,,False,2026-10-04 09:08:42
AMN,AMN Healthcare Services Inc,NYSE,,False,2026-10-04 09:08:42
AMP,"Ameriprise Financial, Inc. Common Stock",NYSE,,False,2026-10-04 09:08:42
AMPX,"Amprius Technologies, Inc. Common Stock",NYSE,,False,2026-10-04 09:08:42
AMPY,Amplify Energy Corp. Common Stock,NYSE,,False,2026-10-04 09:08:42
AMR,"Alpha Metallurgical Resources, Inc. Common Stock",NYSE,,False,2026-10-04 09:08:42
AMRC,"Ameresco, Inc. Class A Common Stock",NYSE,,False,2026-10-04 09:08:42
AMRZ,Amrize Ltd Ordinary Shares,NYSE,,False,2026-10-04 09:08:42
AMT,American Tower Corporation (REIT) Common Stock,NYSE,,False,2026-10-04 09:08:42
AMTB,Amerant Bancorp Inc. Class A Common Stock,NYSE,,False,2026-10-04 09:08:42
AMTD,"AMTD IDEA Group American Depositary Shares, each representing six (6) Class A Ordinary Shares",NYSE,,False,2026-10-04 09:08:42
AMTM,"Amentum Holdings, Inc. Common Stock",NYSE,,False,2026-10-04 09:08:42
AMWL,American Well Corporation Class A Common Stock,NYSE,,False,2026-10-04 09:08:42
AN,"AutoNation, Inc. Common Stock",NYSE,,False,2026-10-04 09:08:42
ANDG,Andersen Group Inc. Class A Common Stock,NYSE,,False,2026-10-04 09:08:42
ANET,"Arista Networks, Inc. Common Stock",NYSE,,False,2026-10-04 09:08:42
ANF,Abercrombie & Fitch Company Common Stock,NYSE,,False,2026-10-04 09:08:42
ANGX,"Angel Studios, Inc. Class A Common Stock",NYSE,,False,2026-10-04 09:08:42
ANRO,"Alto Neuroscience, Inc. Common Stock",NYSE,,False,2026-10-04 09:08:42
ANVS,"Annovis Bio, Inc. Common Stock",NYSE,,False,2026-10-04 09:08:42
AOD,abrdn Total Dynamic Dividend Fund Common Shares of Beneficial Interest,NYSE,,False,2026-10-04 09:08:42
AOMR,"Angel Oak Mortgage REIT, Inc. Common Stock",NYSE,,False,2026-10-04 09:08:42
AON,Aon plc Class A Ordinary Shares (Ireland),NYSE,,False,2026-10-04 09:08:42
AORT,"Artivion, Inc. Common Stock",NYSE,,False,2026-10-04 09:08:42
AOS,A.O. Smith Corporation Common Stock,NYSE,,False,2026-10-04 09:08:42
AP,Ampco,NYSE,,False,2026-10-04 09:08:42
APAM,Artisan Partners Asset Management Inc. Class A Common Stock,NYSE,,False,2026-10-04 09:08:42
APD,"Air Products and Chemicals, Inc. Common Stock",NYSE,,False,2026-10-04 09:08:42
APG,APi Group Corporation Common Stock,NYSE,,False,2026-10-04 09:08:42
APH,Amphenol Corporation Common Stock,NYSE,,False,2026-10-04 09:08:42
APLE,"Apple Hospitality REIT, Inc. Common Shares",NYSE,,False,2026-10-04 09:08:42
APO,"Apollo Global Management, Inc. (New) Common Stock",NYSE,,False,2026-10-04 09:08:42
APOS,"Apollo Global Management, Inc. 7.625% Fixed",NYSE,,False,2026-10-04 09:08:42
APTV,Aptiv PLC Ordinary Shares,NYSE,,False,2026-10-04 09:08:42
AQN,Algonquin Power & Utilities Corp. Common Shares,NYSE,,False,2026-10-04 09:08:42
AQNB,Algonquin Power & Utilities Corp. 6.20% Fixed,NYSE,,False,2026-10-04 09:08:42
AR,Antero Resources Corporation Common Stock,NYSE,,False,2026-10-04 09:08:42
ARCO,Arcos Dorados Holdings Inc. Class A Shares,NYSE,,False,2026-10-04 09:08:42
ARDC,"Ares Dynamic Credit Allocation Fund, Inc. Common Shares",NYSE,,False,2026-10-04 09:08:42
ARDT,"Ardent Health, Inc. Common Stock",NYSE,,False,2026-10-04 09:08:42
ARE,"Alexandria Real Estate Equities, Inc. Common Stock",NYSE,,False,2026-10-04 09:08:42
ARES,Ares Management Corporation Class A Common Stock,NYSE,,False,2026-10-04 09:08:42
ARI,"Apollo Commercial Real Estate Finance, Inc",NYSE,,False,2026-10-04 09:08:42
ARIS,Aris Mining Corporation Common Shares,NYSE,,False,2026-10-04 09:08:42
ARL,"American Realty Investors, Inc. Common Stock",NYSE,,False,2026-10-04 09:08:42
ARLO,"Arlo Technologies, Inc. Common Stock",NYSE,,False,2026-10-04 09:08:42
ARMK,Aramark Common Stock,NYSE,,False,2026-10-04 09:08:42
AROC,"Archrock, Inc. Common Stock",NYSE,,False,2026-10-04 09:08:42
ARR,"ARMOUR Residential REIT, Inc.",NYSE,,False,2026-10-04 09:08:42
ARW,"Arrow Electronics, Inc. Common Stock",NYSE,,False,2026-10-04 09:08:42
ARX,Accelerant Holdings Class A Common Shares,NYSE,,False,2026-10-04 09:08:42
AS,"Amer Sports, Inc. Ordinary Shares",NYSE,,False,2026-10-04 09:08:42
ASA,ASA  Gold and Precious Metals Limited,NYSE,,False,2026-10-04 09:08:42
ASAN,"Asana, Inc. Class A Common Stock",NYSE,,False,2026-10-04 09:08:42
ASB,Associated Banc,NYSE,,False,2026-10-04 09:08:42
ASBA,Associated Banc,NYSE,,False,2026-10-04 09:08:42
ASC,Ardmore Shipping Corporation Common Stock,NYSE,,False,2026-10-04 09:08:42
ASG,Liberty All,NYSE,,False,2026-10-04 09:08:42
ASGI,abrdn Global Infrastructure Income Fund Common Shares of Beneficial Interest,NYSE,,False,2026-10-04 09:08:42
ASGN,ASGN Incorporated Common Stock,NYSE,,False,2026-10-04 09:08:42
ASH,Ashland Inc. Common Stock,NYSE,,False,2026-10-04 09:08:42
ASIC,Ategrity Specialty Insurance Company Holdings Common Stock,NYSE,,False,2026-10-04 09:08:42
ASIX,AdvanSix Inc. Common Stock,NYSE,,False,2026-10-04 09:08:42
ASPN,"Aspen Aerogels, Inc. Common Stock",NYSE,,False,2026-10-04 09:08:42
ASR,"Grupo Aeroportuario del Sureste, S.A. de C.V. Common Stock",NYSE,,False,2026-10-04 09:08:42
ASX,"ASE Technology Holding Co., Ltd. American Depositary Shares (each representing Two Common Shares)",NYSE,,False,2026-10-04 09:08:42
ATEN,"A10 Networks, Inc. Common Stock",NYSE,,False,2026-10-04 09:08:42
ATHM,"Autohome Inc. American Depositary Shares, each representing four class A ordinary shares.",NYSE,,False,2026-10-04 09:08:42
ATHS,Athene Holding Ltd. 7.250% Fixed,NYSE,,False,2026-10-04 09:08:42
ATI,ATI Inc. Common Stock,NYSE,,False,2026-10-04 09:08:42
ATKR,Atkore Inc. Common Stock,NYSE,,False,2026-10-04 09:08:42
ATMU,Atmus Filtration Technologies Inc. Common Stock,NYSE,,False,2026-10-04 09:08:42
ATO,Atmos Energy Corporation Common Stock,NYSE,,False,2026-10-04 09:08:42
ATR,"AptarGroup, Inc. Common Stock",NYSE,,False,2026-10-04 09:08:42
ATS,ATS Corporation Common Shares,NYSE,,False,2026-10-04 09:08:42
AU,AngloGold Ashanti PLC Ordinary Shares,NYSE,,False,2026-10-04 09:08:42
AUB,Atlantic Union Bankshares Corporation Common Stock,NYSE,,False,2026-10-04 09:08:42
AUNA,Auna SA Class A Ordinary Shares,NYSE,,False,2026-10-04 09:08:42
AVA,Avista Corporation Common Stock,NYSE,,False,2026-10-04 09:08:42
AVB,"AvalonBay Communities, Inc. Common Stock",NYSE,,False,2026-10-04 09:08:42
AVBC,"Avidia Bancorp, Inc. Common Stock",NYSE,,False,2026-10-04 09:08:42
AVD,American Vanguard Corporation Common Stock ($0.10 Par Value),NYSE,,False,2026-10-04 09:08:42
AVK,Advent Convertible and Income Fund,NYSE,,False,2026-10-04 09:08:42
AVNS,"Avanos Medical, Inc. Common Stock",NYSE,,False,2026-10-04 09:08:42
AVNT,Avient Corporation Common Stock,NYSE,,False,2026-10-04 09:08:42
AVTR,"Avantor, Inc. Common Stock",NYSE,,False,2026-10-04 09:08:42
AVY,Avery Dennison Corporation Common Stock,NYSE,,False,2026-10-04 09:08:42
AWF,Alliancebernstein Global High Income Fund,NYSE,,False,2026-10-04 09:08:42
AWI,Armstrong World Industries Inc Common Stock,NYSE,,False,2026-10-04 09:08:42
AWK,"American Water Works Company, Inc. Common Stock",NYSE,,False,2026-10-04 09:08:42
AWP,abrdn Global Premier Properties Fund Common Shares of Beneficial Interest,NYSE,,False,2026-10-04 09:08:42
AWR,American States Water Company Common Stock,NYSE,,False,2026-10-04 09:08:42
AX,"Axos Financial, Inc. Common Stock",NYSE,,False,2026-10-04 09:08:42
AXIA,AXIA Energia American Depositary Shares (Each representing one Common Share),NYSE,,False,2026-10-04 09:08:42
AXP,American Express Company Common Stock,NYSE,,False,2026-10-04 09:08:42
AXR,AMREP Corporation Common Stock,NYSE,,False,2026-10-04 09:08:42
AXS,Axis Capital Holdings Limited Common Stock,NYSE,,False,2026-10-04 09:08:42
AXTA,Axalta Coating Systems Ltd. Common Shares,NYSE,,False,2026-10-04 09:08:42
AYI,Acuity Inc. Common Stock,NYSE,,False,2026-10-04 09:08:42
AZN,AstraZeneca PLC Ordinary Shares,NYSE,,False,2026-10-04 09:08:42
AZO,"AutoZone, Inc. Common Stock",NYSE,,False,2026-10-04 09:08:42
AZZ,AZZ Inc.,NYSE,,False,2026-10-04 09:08:42
B,Barrick Mining Corporation Common Shares,NYSE,,False,2026-10-04 09:08:42
BA,Boeing Company (The) Common Stock,NYSE,,False,2026-10-04 09:08:42
BABA,Alibaba Group Holding Limited American Depositary Shares each representing eight Ordinary share,NYSE,,False,2026-10-04 09:08:42
BAC,Bank of America Corporation Common Stock,NYSE,,False,2026-10-04 09:08:42
BAH,Booz Allen Hamilton Holding Corporation Common Stock,NYSE,,False,2026-10-04 09:08:42
BAK,Braskem SA ADR,NYSE,,False,2026-10-04 09:08:42
BALL,Ball Corporation Common Stock,NYSE,,False,2026-10-04 09:08:42
BALY,Bally's Corporation Common Stock,NYSE,,False,2026-10-04 09:08:42
BAM,Brookfield Asset Management Inc Class A Limited Voting Shares,NYSE,,False,2026-10-04 09:08:42
BANC,"Banc of California, Inc. Common Stock",NYSE,,False,2026-10-04 09:08:42
BAP,Credicorp Ltd. Common Stock,NYSE,,False,2026-10-04 09:08:42
BARK,"BARK, Inc. Class A Common Stock",NYSE,,False,2026-10-04 09:08:42
BAX,Baxter International Inc. Common Stock,NYSE,,False,2026-10-04 09:08:42
BB,BlackBerry Limited Common Stock,NYSE,,False,2026-10-04 09:08:42
BBAI,"BigBear.ai, Inc. Common Stock",NYSE,,False,2026-10-04 09:08:42
BBAR,Banco BBVA Argentina S.A. ADS,NYSE,,False,2026-10-04 09:08:42
BBBY,"Bed Bath & Beyond, Inc. Common Stock",NYSE,,False,2026-10-04 09:08:42
BBD,Banco Bradesco Sa American Depositary Shares,NYSE,,False,2026-10-04 09:08:42
BBDC,"Barings BDC, Inc. Common Stock",NYSE,,False,2026-10-04 09:08:42
BBDO,Banco Bradesco Sa American Depositary Shares (each representing one Common Share),NYSE,,False,2026-10-04 09:08:42
BBT,Beacon Financial Corporation Common stock,NYSE,,False,2026-10-04 09:08:42
BBUC,Brookfield Business Corporation Class A Subordinate Voting Shares,NYSE,,False,2026-10-04 09:08:42
BBVA,Banco Bilbao Vizcaya Argentaria S.A. Common Stock,NYSE,,False,2026-10-04 09:08:42
BBW,Build,NYSE,,False,2026-10-04 09:08:42
BBWI,"Bath & Body Works, Inc.",NYSE,,False,2026-10-04 09:08:42
BBY,"Best Buy Co., Inc. Common Stock",NYSE,,False,2026-10-04 09:08:42
BC,Brunswick Corporation Common Stock,NYSE,,False,2026-10-04 09:08:42
BCAT,BlackRock Capital Allocation Term Trust Common Shares of Beneficial Interest,NYSE,,False,2026-10-04 09:08:42
BCC,"Boise Cascade, L.L.C. Common Stock",NYSE,,False,2026-10-04 09:08:42
BCE,"BCE, Inc. Common Stock",NYSE,,False,2026-10-04 09:08:42
BCEM,Baron Emerging Markets Select ETF,NYSE,,False,2026-10-04 09:08:42
BCGD,Baron Global Durable Advantage ETF,NYSE,,False,2026-10-04 09:08:42
BCH,Banco De Chile ADS,NYSE,,False,2026-10-04 09:08:42
BCO,Brinks Company (The) Common Stock,NYSE,,False,2026-10-04 09:08:42
BCS,Barclays PLC Common Stock,NYSE,,False,2026-10-04 09:08:42
BCSF,"Bain Capital Specialty Finance, Inc. Common Stock",NYSE,,False,2026-10-04 09:08:42
BCSM,Baron SMID Cap ETF,NYSE,,False,2026-10-04 09:08:42
BCSS,Bain Capital GSS Investment Corp. Class A Ordinary Shares,NYSE,,False,2026-10-04 09:08:42
BCX,BlackRock Resources Common Shares of Beneficial Interest,NYSE,,False,2026-10-04 09:08:42
BDC,Belden Inc Common Stock,NYSE,,False,2026-10-04 09:08:42
BDJ,Blackrock Enhanced Equity Dividend Trust,NYSE,,False,2026-10-04 09:08:42
BDN,Brandywine Realty Trust Common Stock,NYSE,,False,2026-10-04 09:08:42
BDX,"Becton, Dickinson and Company Common Stock",NYSE,,False,2026-10-04 09:08:42
BE,Bloom Energy Corporation Class A Common Stock,NYSE,,False,2026-10-04 09:08:42
BEBE,TGE Value Creative Solutions Corp Class A Ordinary Shares,NYSE,,False,2026-10-04 09:08:42
BEKE,KE Holdings Inc American Depositary Shares (each representing three Class A Ordinary Shares),NYSE,,False,2026-10-04 09:08:42
BEN,"Franklin Resources, Inc. Common Stock",NYSE,,False,2026-10-04 09:08:42
BEPC,Brookfield Renewable Corporation Brookfield Renewable Corporation Class A Subordinate Voting Shares,NYSE,,False,2026-10-04 09:08:42
BETA,"Beta Technologies, Inc. Class A Common Stock",NYSE,,False,2026-10-04 09:08:42
BF-A,Brown Forman Inc Class A Common Stock,NYSE,,False,2026-10-04 09:08:42
BF-B,Brown Forman Inc Class B Common Stock,NYSE,,False,2026-10-04 09:08:42
BFAM,Bright Horizons Family Solutions Inc. Common Stock,NYSE,,False,2026-10-04 09:08:42
BFH,"Bread Financial Holdings, Inc. Common Stock",NYSE,,False,2026-10-04 09:08:42
BFLY,"Butterfly Network, Inc. Class A Common Stock",NYSE,,False,2026-10-04 09:08:42
BFS,"Saul Centers, Inc. Common Stock",NYSE,,False,2026-10-04 09:08:42
BG,Bunge Limited Common Shares,NYSE,,False,2026-10-04 09:08:42
BGB,Blackstone Strategic Credit 2027 Term Fund Common Shares of Beneficial Interest,NYSE,,False,2026-10-04 09:08:42
BGH,Barings Global Short Duration High Yield Fund Common Shares of Beneficial Interests,NYSE,,False,2026-10-04 09:08:42
BGR,BlackRock Energy and Resources Trust,NYSE,,False,2026-10-04 09:08:42
BGS,"B&G Foods, Inc. Common Stock",NYSE,,False,2026-10-04 09:08:42
BGSF,"BGSF, Inc. Common Stock",NYSE,,False,2026-10-04 09:08:42
BGSI,Boyd Group Services Inc. Common Shares,NYSE,,False,2026-10-04 09:08:42
BGT,BlackRock Floating Rate Income Trust,NYSE,,False,2026-10-04 09:08:42
BGX,Blackstone Long Short Credit Income Fund Common Shares,NYSE,,False,2026-10-04 09:08:42
BGY,Blackrock Enhanced International Dividend Trust,NYSE,,False,2026-10-04 09:08:42
BH,Biglari Holdings Inc. Class B Common Stock,NYSE,,False,2026-10-04 09:08:42
BH-A,Biglari Holdings Inc. Class A Common Stock,NYSE,,False,2026-10-04 09:08:42
BHC,Bausch Health Companies Inc. Common Stock,NYSE,,False,2026-10-04 09:08:42
BHE,"Benchmark Electronics, Inc. Common Stock",NYSE,,False,2026-10-04 09:08:42
BHP,BHP Group Limited American Depositary Shares (Each representing two Ordinary Shares),NYSE,,False,2026-10-04 09:08:42
BHR,Braemar Hotels & Resorts Inc. Common Stock,NYSE,,False,2026-10-04 09:08:42
BHVN,Biohaven Ltd. Common Shares,NYSE,,False,2026-10-04 09:08:42
BIII,Black Spade Acquisition III Co Class A Ordinary Shares,NYSE,,False,2026-10-04 09:08:42
BILL,"BILL Holdings, Inc. Common Stock",NYSE,,False,2026-10-04 09:08:42
BIO,Bio,NYSE,,False,2026-10-04 09:08:42
BIO-B,Bio,NYSE,,False,2026-10-04 09:08:42
BIPC,Brookfield Infrastructure Corporation Brookfield Infrastructure Corporation,NYSE,,False,2026-10-04 09:08:42
BIRK,Birkenstock Holding plc Ordinary Shares,NYSE,,False,2026-10-04 09:08:42
BIT,BlackRock Multi,NYSE,,False,2026-10-04 09:08:42
BJ,"BJ's Wholesale Club Holdings, Inc. Common Stock",NYSE,,False,2026-10-04 09:08:42
BK,The Bank of New York Mellon Corporation Common Stock,NYSE,,False,2026-10-04 09:08:42
BKD,Brookdale Senior Living Inc. Common Stock,NYSE,,False,2026-10-04 09:08:42
BKE,"Buckle, Inc. (The) Common Stock",NYSE,,False,2026-10-04 09:08:42
BKH,Black Hills Corporation Common Stock,NYSE,,False,2026-10-04 09:08:42
BKKT,"Bakkt, Inc. Class A Common Stock",NYSE,,False,2026-10-04 09:08:42
BKSY,BlackSky Technology Inc. Class A Common Stock,NYSE,,False,2026-10-04 09:08:42
BKT,BlackRock Income Trust Inc. (The),NYSE,,False,2026-10-04 09:08:42
BKU,"BankUnited, Inc. Common Stock",NYSE,,False,2026-10-04 09:08:42
BKV,BKV Corporation Common Stock,NYSE,,False,2026-10-04 09:08:42
BLCO,Bausch + Lomb Corporation Common Shares,NYSE,,False,2026-10-04 09:08:42
BLD,TopBuild Corp. Common Stock,NYSE,,False,2026-10-04 09:08:42
BLDR,"Builders FirstSource, Inc. Common Stock",NYSE,,False,2026-10-04 09:08:42
BLK,"BlackRock, Inc. Common Stock",NYSE,,False,2026-10-04 09:08:42
BLND,"Blend Labs, Inc. Class A Common Stock",NYSE,,False,2026-10-04 09:08:42
BLSH,Bullish Ordinary Shares,NYSE,,False,2026-10-04 09:08:42
BLW,Blackrock Limited Duration Income Trust,NYSE,,False,2026-10-04 09:08:42
BLX,"Banco Latinoamericano de Comercio Exterior, S.A.",NYSE,,False,2026-10-04 09:08:42
BMA,Banco Macro S.A.  ADR (representing Ten Class B Common Shares),NYSE,,False,2026-10-04 09:08:42
BME,Blackrock Health Sciences Trust,NYSE,,False,2026-10-04 09:08:42
BMEZ,BlackRock Health Sciences Term Trust Common Shares of Beneficial Interest,NYSE,,False,2026-10-04 09:08:42
BMI,"Badger Meter, Inc. Common Stock",NYSE,,False,2026-10-04 09:08:42
BMN,BlackRock 2037 Municipal Target Term Trust Common Shares of Beneficial Interest,NYSE,,False,2026-10-04 09:08:42
BMNR,"BitMine Immersion Technologies, Inc. Common Stock",NYSE,,False,2026-10-04 09:08:42
BMO,Bank Of Montreal Common Stock,NYSE,,False,2026-10-04 09:08:42
BMY,Bristol,NYSE,,False,2026-10-04 09:08:42
BN,Brookfield Corporation Class A Limited Voting Shares,NYSE,,False,2026-10-04 09:08:42
BNED,"Barnes & Noble Education, Inc Common Stock",NYSE,,False,2026-10-04 09:08:42
BNL,"Broadstone Net Lease, Inc. Common Stock",NYSE,,False,2026-10-04 09:08:42
BNS,Bank Nova Scotia Halifax Pfd 3 Ordinary Shares,NYSE,,False,2026-10-04 09:08:42
BNT,Brookfield Wealth Solutions Ltd. Class A Exchangeable Limited Voting Shares,NYSE,,False,2026-10-04 09:08:42
BOBS,"Bob's Discount Furniture, Inc. Common Stock",NYSE,,False,2026-10-04 09:08:42
BOC,Boston Omaha Corporation Class A Common Stock,NYSE,,False,2026-10-04 09:08:42
BOE,Blackrock Enhanced Global Dividend Trust Common Shares of Beneficial Interest,NYSE,,False,2026-10-04 09:08:42
BOH,Bank of Hawaii Corporation Common Stock,NYSE,,False,2026-10-04 09:08:42
BOOT,"Boot Barn Holdings, Inc. Common Stock",NYSE,,False,2026-10-04 09:08:42
BORR,Borr Drilling Limited Common Shares,NYSE,,False,2026-10-04 09:08:42
BOW,Bowhead Specialty Holdings Inc. Common Stock,NYSE,,False,2026-10-04 09:08:42
BOX,"Box, Inc. Class A Common Stock",NYSE,,False,2026-10-04 09:08:42
BP,BP p.l.c. Common Stock,NYSE,,False,2026-10-04 09:08:42
BPRE,Bluerock Private Real Estate Fund Common Shares of Beneficial Interest,NYSE,,False,2026-10-04 09:08:42
BR,"Broadridge Financial Solutions, Inc. Common Stock",NYSE,,False,2026-10-04 09:08:42
BRBR,"BellRing Brands, Inc. Common Stock",NYSE,,False,2026-10-04 09:08:42
BRC,Brady Corporation Common Stock,NYSE,,False,2026-10-04 09:08:42
BRCC,BRC Inc. Class A Common Stock,NYSE,,False,2026-10-04 09:08:42
BRCE,MFS Blended Research Core Equity ETF,NYSE,,False,2026-10-04 09:08:42
BREE,MFS Blended Research Emerging Markets Equity ETF,NYSE,,False,2026-10-04 09:08:42
BRIE,MFS Blended Research International Equity ETF,NYSE,,False,2026-10-04 09:08:42
BRK-A,Berkshire Hathaway Inc. Common Stock,NYSE,,False,2026-10-04 09:08:42
BRK-B,Berkshire Hathaway Inc. New Common Stock,NYSE,,False,2026-10-04 09:08:42
BRO,"Brown & Brown, Inc. Common Stock",NYSE,,False,2026-10-04 09:08:42
BROS,Dutch Bros Inc. Class A Common Stock,NYSE,,False,2026-10-04 09:08:42
BRSL,"Brightstar Lottery PLC Trading under the Legal Name to begin at the market open on July 21, 2025. Ordinary Shares",NYSE,,False,2026-10-04 09:08:42
BRSP,"BrightSpire Capital, Inc. Class A Common Stock",NYSE,,False,2026-10-04 09:08:42
BRT,BRT Apartments Corp. (MD) Common Stock,NYSE,,False,2026-10-04 09:08:42
BRW,Saba Capital Income & Opportunities Fund SBI,NYSE,,False,2026-10-04 09:08:42
BRX,Brixmor Property Group Inc. Common Stock,NYSE,,False,2026-10-04 09:08:42
BSAC,Banco Santander,NYSE,,False,2026-10-04 09:08:42
BSL,Blackstone Senior Floating Rate 2027 Term Fund Common Shares of Beneficial Interest,NYSE,,False,2026-10-04 09:08:42
BST,BlackRock Science and Technology Trust Common Shares of Beneficial Interest,NYSE,,False,2026-10-04 09:08:42
BSTZ,BlackRock Science and Technology Term Trust Common Shares of Beneficial Interest,NYSE,,False,2026-10-04 09:08:42
BSX,Boston Scientific Corporation Common Stock,NYSE,,False,2026-10-04 09:08:42
BTE,Baytex Energy Corp Common Shares,NYSE,,False,2026-10-04 09:08:42
BTGO,"BitGo Holdings, Inc. Class A Common Stock",NYSE,,False,2026-10-04 09:08:42
BTI,"British American Tobacco  Industries, p.l.c. Common Stock ADR",NYSE,,False,2026-10-04 09:08:42
BTO,John Hancock Financial Opportunities Fund Common Stock,NYSE,,False,2026-10-04 09:08:42
BTT,BlackRock Municipal 2030 Target Term Trust,NYSE,,False,2026-10-04 09:08:42
BTU,Peabody Energy Corporation Common Stock,NYSE,,False,2026-10-04 09:08:42
BTX,BlackRock Technology and Private Equity Term Trust Common Shares of Beneficial Interest,NYSE,,False,2026-10-04 09:08:42
BTZ,BlackRock Credit Allocation Income Trust,NYSE,,False,2026-10-04 09:08:42
BUD,Anheuser,NYSE,,False,2026-10-04 09:08:42
BUI,"BlackRock Utility, Infrastructure & Power Opportunities Trust",NYSE,,False,2026-10-04 09:08:42
BUR,Burford Capital Limited Ordinary Shares,NYSE,,False,2026-10-04 09:08:42
BURL,"Burlington Stores, Inc. Common Stock",NYSE,,False,2026-10-04 09:08:42
BUXX,Strive Enhanced Income Short Maturity ETF,NYSE,,False,2026-10-04 09:08:42
BV,"BrightView Holdings, Inc. Common Stock",NYSE,,False,2026-10-04 09:08:42
BVN,Buenaventura Mining Company Inc.,NYSE,,False,2026-10-04 09:08:42
BW,"Babcock & Wilcox Enterprises, Inc. Common Stock",NYSE,,False,2026-10-04 09:08:42
BWA,BorgWarner Inc. Common Stock,NYSE,,False,2026-10-04 09:08:42
BWG,BrandywineGLOBAL Global Income Opportunities Fund Inc.,NYSE,,False,2026-10-04 09:08:42
BWLP,BW LPG Limited Common Shares,NYSE,,False,2026-10-04 09:08:42
BWMX,"Betterware de Mexico, S.A.P.I. de C.V. Ordinary Shares",NYSE,,False,2026-10-04 09:08:42
BWXT,"BWX Technologies, Inc. Common Stock",NYSE,,False,2026-10-04 09:08:42
BX,Blackstone Inc. Common Stock,NYSE,,False,2026-10-04 09:08:42
BXC,Bluelinx Holdings Inc. Common Stock,NYSE,,False,2026-10-04 09:08:42
BXMT,"Blackstone Mortgage Trust, Inc. Common Stock",NYSE,,False,2026-10-04 09:08:42
BXP,"BXP, Inc. Common Stock",NYSE,,False,2026-10-04 09:08:42
BXSL,Blackstone Secured Lending Fund Common Shares of Beneficial Interest,NYSE,,False,2026-10-04 09:08:42
BY,"Byline Bancorp, Inc. Common Stock",NYSE,,False,2026-10-04 09:08:42
BYD,Boyd Gaming Corporation Common Stock,NYSE,,False,2026-10-04 09:08:42
BZH,"Beazer Homes USA, Inc. Common Stock",NYSE,,False,2026-10-04 09:08:42
C,"Citigroup, Inc. Common Stock",NYSE,,False,2026-10-04 09:08:42
CAAP,Corporacion America Airports SA Common Shares,NYSE,,False,2026-10-04 09:08:42
CABO,"Cable One, Inc. Common Stock",NYSE,,False,2026-10-04 09:08:42
CACI,"CACI International, Inc. Class A Common Stock",NYSE,,False,2026-10-04 09:08:42
CAE,CAE Inc. Ordinary Shares,NYSE,,False,2026-10-04 09:08:42
CAF,Morgan Stanley China A Share Fund Inc. Common Stock,NYSE,,False,2026-10-04 09:08:42
CAG,"ConAgra Brands, Inc. Common Stock",NYSE,,False,2026-10-04 09:08:42
CAH,"Cardinal Health, Inc. Common Stock",NYSE,,False,2026-10-04 09:08:42
CAL,"Caleres, Inc. Common Stock",NYSE,,False,2026-10-04 09:08:42
CALX,"Calix, Inc Common Stock",NYSE,,False,2026-10-04 09:08:42
CALY,Callaway Golf Company Common Stock,NYSE,,False,2026-10-04 09:08:42
CANG,Cango Inc. Class A Ordinary Shares,NYSE,,False,2026-10-04 09:08:42
CARR,Carrier Global Corporation Common Stock,NYSE,,False,2026-10-04 09:08:42
CARS,Cars.com Inc. Common Stock,NYSE,,False,2026-10-04 09:08:42
CAT,"Caterpillar, Inc. Common Stock",NYSE,,False,2026-10-04 09:08:42
CATO,Cato Corporation (The) Class A Common Stock,NYSE,,False,2026-10-04 09:08:42
CAVA,"CAVA Group, Inc. Common Stock",NYSE,,False,2026-10-04 09:08:42
CB,Chubb Limited  Common Stock,NYSE,,False,2026-10-04 09:08:42
CBAN,"Colony Bankcorp, Inc. Common Stock",NYSE,,False,2026-10-04 09:08:42
CBL,"CBL & Associates Properties, Inc. Common Stock",NYSE,,False,2026-10-04 09:08:42
CBNA,"Chain Bridge Bancorp, Inc. Class A Common Stock",NYSE,,False,2026-10-04 09:08:42
CBRE,CBRE Group Inc Common Stock Class A,NYSE,,False,2026-10-04 09:08:42
CBT,Cabot Corporation Common Stock,NYSE,,False,2026-10-04 09:08:42
CBU,"Community Financial System, Inc. Common Stock",NYSE,,False,2026-10-04 09:08:42
CBZ,"CBIZ, Inc. Common Stock",NYSE,,False,2026-10-04 09:08:42
CC,Chemours Company (The) Common Stock,NYSE,,False,2026-10-04 09:08:42
CCI,Crown Castle Inc. Common Stock,NYSE,,False,2026-10-04 09:08:42
CCIF,Carlyle Credit Income Fund Shares of Beneficial Interest,NYSE,,False,2026-10-04 09:08:42
CCJ,Cameco Corporation Common Stock,NYSE,,False,2026-10-04 09:08:42
CCK,"Crown Holdings, Inc.",NYSE,,False,2026-10-04 09:08:42
CCL,Carnival Corporation Common Stock,NYSE,,False,2026-10-04 09:08:42
CCM,Concord Medical Services Holdings Limited American Depositary Shares (Each represents thirty (30) Class A ordinary shares),NYSE,,False,2026-10-04 09:08:42
CCO,"Clear Channel Outdoor Holdings, Inc. Common Stock",NYSE,,False,2026-10-04 09:08:42
CCS,"Century Communities, Inc. Common Stock",NYSE,,False,2026-10-04 09:08:42
CCU,"Compania Cervecerias Unidas, S.A. Common Stock",NYSE,,False,2026-10-04 09:08:42
CCZ,Comcast Holdings ZONES,NYSE,,False,2026-10-04 09:08:42
CDE,"Coeur Mining, Inc. Common Stock",NYSE,,False,2026-10-04 09:08:42
CDLR,Cadeler A/S American Depositary Share (each representing four (4) Ordinary Shares),NYSE,,False,2026-10-04 09:08:42
CDP,COPT Defense Properties Common Shares of Beneficial Interest,NYSE,,False,2026-10-04 09:08:42
CDRE,"Cadre Holdings, Inc. Common Stock",NYSE,,False,2026-10-04 09:08:42
CE,Celanese Corporation Common Stock,NYSE,,False,2026-10-04 09:08:42
CEE,"The Central and Eastern Europe Fund, Inc. (The) Common Stock",NYSE,,False,2026-10-04 09:08:42
CEPU,Central Puerto S.A. American Depositary Shares (each represents ten Common Shares),NYSE,,False,2026-10-04 09:08:42
CF,"CF Industries Holdings, Inc. Common Stock",NYSE,,False,2026-10-04 09:08:42
CFG,"Citizens Financial Group, Inc. Common Stock",NYSE,,False,2026-10-04 09:08:42
CFND,C1 Fund Inc. Common Stock,NYSE,,False,2026-10-04 09:08:42
CFR,"Cullen/Frost Bankers, Inc. Common Stock",NYSE,,False,2026-10-04 09:08:42
CGAU,Centerra Gold Inc. Common Shares,NYSE,,False,2026-10-04 09:08:42
CGV,Conductor Global Equity Value ETF,NYSE,,False,2026-10-04 09:08:42
CHCT,Community Healthcare Trust Incorporated Common Stock,NYSE,,False,2026-10-04 09:08:42
CHD,"Church & Dwight Company, Inc. Common Stock",NYSE,,False,2026-10-04 09:08:42
CHE,Chemed Corp,NYSE,,False,2026-10-04 09:08:42
CHGG,"Chegg, Inc. Common Stock",NYSE,,False,2026-10-04 09:08:42
CHH,"Choice Hotels International, Inc. Common Stock",NYSE,,False,2026-10-04 09:08:42
CHMI,Cherry Hill Mortgage Investment Corporation Common Stock,NYSE,,False,2026-10-04 09:08:42
CHPT,"ChargePoint Holdings, Inc. Common Stock",NYSE,,False,2026-10-04 09:08:42
CHT,"Chunghwa Telecom Co., Ltd.",NYSE,,False,2026-10-04 09:08:42
CHWY,"Chewy, Inc. Class A Common Stock",NYSE,,False,2026-10-04 09:08:42
CI,The Cigna Group Common Stock,NYSE,,False,2026-10-04 09:08:42
CIA,"Citizens, Inc. Class A Common Stock ($1.00 Par)",NYSE,,False,2026-10-04 09:08:42
CIEN,Ciena Corporation Common Stock,NYSE,,False,2026-10-04 09:08:42
CIF,MFS Intermediate High Income Fund Common Stock,NYSE,,False,2026-10-04 09:08:42
CIG,Comp En De Mn Cemig ADS American Depositary Shares,NYSE,,False,2026-10-04 09:08:42
CIG-C,Comp En De Mn Cemig ADS American Depositary Receipts,NYSE,,False,2026-10-04 09:08:42
CII,"BlackRock Enhanced Large Cap Core Fund, Inc. Common Stock",NYSE,,False,2026-10-04 09:08:42
CIM,Chimera Investment Corporation Common Stock,NYSE,,False,2026-10-04 09:08:42
CINT,CI&T Inc Class A Common Shares,NYSE,,False,2026-10-04 09:08:42
CION,CION Investment Corporation Common Stock,NYSE,,False,2026-10-04 09:08:42
CL,Colgate,NYSE,,False,2026-10-04 09:08:42
CLB,Core Laboratories Inc. Common Stock,NYSE,,False,2026-10-04 09:08:42
CLBR,Colombier Acquisition Corp. III Class A Ordinary Shares,NYSE,,False,2026-10-04 09:08:42
CLDT,Chatham Lodging Trust (REIT) Common Shares of Beneficial Interest,NYSE,,False,2026-10-04 09:08:42
CLF,Cleveland,NYSE,,False,2026-10-04 09:08:42
CLH,"Clean Harbors, Inc. Common Stock",NYSE,,False,2026-10-04 09:08:42
CLPR,Clipper Realty Inc. Common Stock,NYSE,,False,2026-10-04 09:08:42
CLS,"Celestica, Inc. Common Stock",NYSE,,False,2026-10-04 09:08:42
CLVT,Clarivate Plc Ordinary Shares,NYSE,,False,2026-10-04 09:08:42
CLW,Clearwater Paper Corporation Common Stock,NYSE,,False,2026-10-04 09:08:42
CLX,Clorox Company (The) Common Stock,NYSE,,False,2026-10-04 09:08:42
CM,Canadian Imperial Bank of Commerce Common Stock,NYSE,,False,2026-10-04 09:08:42
CMBT,CMB.TECH NV Ordinary Shares,NYSE,,False,2026-10-04 09:08:42
CMC,Commercial Metals Company Common Stock,NYSE,,False,2026-10-04 09:08:42
CMCM,"Cheetah Mobile Inc. American Depositary Shares, each representing fifty (50) Class A Ordinary Shares",NYSE,,False,2026-10-04 09:08:42
CMDB,Costamare Bulkers Holdings Limited Common Stock,NYSE,,False,2026-10-04 09:08:42
CMG,"Chipotle Mexican Grill, Inc. Common Stock",NYSE,,False,2026-10-04 09:08:42
CMI,Cummins Inc. Common Stock,NYSE,,False,2026-10-04 09:08:42
CMP,Compass Minerals Intl Inc Common Stock,NYSE,,False,2026-10-04 09:08:42
CMRE,Costamare Inc. Common Stock $0.0001 par value,NYSE,,False,2026-10-04 09:08:42
CMS,CMS Energy Corporation Common Stock,NYSE,,False,2026-10-04 09:08:42
CMTG,"Claros Mortgage Trust, Inc. Common Stock",NYSE,,False,2026-10-04 09:08:42
CMU,MFS Municipal Income Trust Common Stock,NYSE,,False,2026-10-04 09:08:42
CNA,CNA Financial Corporation Common Stock,NYSE,,False,2026-10-04 09:08:42
CNC,Centene Corporation Common Stock,NYSE,,False,2026-10-04 09:08:42
CNF,"CNFinance Holdings Limited American Depositary Shares, each representing two hundred (200) Ordinary Shares",NYSE,,False,2026-10-04 09:08:42
CNH,CNH Industrial N.V. Common Shares,NYSE,,False,2026-10-04 09:08:42
CNI,Canadian National Railway Company Common Stock,NYSE,,False,2026-10-04 09:08:42
CNK,"Cinemark Holdings Inc Cinemark Holdings, Inc. Common Stock",NYSE,,False,2026-10-04 09:08:42
CNM,"Core & Main, Inc. Class A Common Stock",NYSE,,False,2026-10-04 09:08:42
CNMD,CONMED Corporation Common Stock,NYSE,,False,2026-10-04 09:08:42
CNNE,"Cannae Holdings, Inc. Common Stock",NYSE,,False,2026-10-04 09:08:42
CNO,"CNO Financial Group, Inc. Common Stock",NYSE,,False,2026-10-04 09:08:42
CNP,"CenterPoint Energy, Inc (Holding Co) Common Stock",NYSE,,False,2026-10-04 09:08:42
CNQ,Canadian Natural Resources Limited Common Stock,NYSE,,False,2026-10-04 09:08:42
CNR,"Core Natural Resources, Inc. Common Stock",NYSE,,False,2026-10-04 09:08:42
CNS,Cohen & Steers Inc Common Stock,NYSE,,False,2026-10-04 09:08:42
CNX,CNX Resources Corporation Common Stock,NYSE,,False,2026-10-04 09:08:42
CODI,D/B/A Compass Diversified Holdings Shares of Beneficial Interest,NYSE,,False,2026-10-04 09:08:42
COF,Capital One Financial Corporation Common Stock,NYSE,,False,2026-10-04 09:08:42
COHR,Coherent Corp. Common Stock,NYSE,,False,2026-10-04 09:08:42
COLD,"Americold Realty Trust, Inc. Common Stock",NYSE,,False,2026-10-04 09:08:42
COMP,"Compass, Inc. Class A Common Stock",NYSE,,False,2026-10-04 09:08:42
CON,"Concentra Group Holdings Parent, Inc. Common Stock",NYSE,,False,2026-10-04 09:08:42
COOK,"Traeger, Inc. Common Stock",NYSE,,False,2026-10-04 09:08:42
COP,ConocoPhillips Common Stock,NYSE,,False,2026-10-04 09:08:42
COPL,Copley Acquisition Corp Ordinary Shares,NYSE,,False,2026-10-04 09:08:42
COR,"Cencora, Inc. Common Stock",NYSE,,False,2026-10-04 09:08:42
COSO,"CoastalSouth Bancshares, Inc. Common Stock",NYSE,,False,2026-10-04 09:08:42
COTY,Coty Inc. Class A Common Stock,NYSE,,False,2026-10-04 09:08:42
COUR,"Coursera, Inc. Common Stock",NYSE,,False,2026-10-04 09:08:42
CP,Canadian Pacific Kansas City Limited Common Shares,NYSE,,False,2026-10-04 09:08:42
CPA,"Copa Holdings, S.A. Class A Common Stock",NYSE,,False,2026-10-04 09:08:42
CPAC,Cementos Pacasmayo S.A.A. American Depositary Shares (Each representing five Common Shares),NYSE,,False,2026-10-04 09:08:42
CPAI,Counterpoint Quantitative Equity ETF,NYSE,,False,2026-10-04 09:08:42
CPAY,"Corpay, Inc. Common Stock",NYSE,,False,2026-10-04 09:08:42
CPF,Central Pacific Financial Corp New,NYSE,,False,2026-10-04 09:08:42
CPK,Chesapeake Utilities Corporation Common Stock,NYSE,,False,2026-10-04 09:08:42
CPNG,"Coupang, Inc. Class A Common Stock",NYSE,,False,2026-10-04 09:08:42
CPRI,Capri Holdings Limited Ordinary Shares,NYSE,,False,2026-10-04 09:08:42
CPS,Cooper,NYSE,,False,2026-10-04 09:08:42
CPT,Camden Property Trust Common Stock,NYSE,,False,2026-10-04 09:08:42
CR,Crane Company Common Stock,NYSE,,False,2026-10-04 09:08:42
CRBG,Corebridge Financial Inc. Common Stock,NYSE,,False,2026-10-04 09:08:42
CRC,California Resources Corporation Common Stock,NYSE,,False,2026-10-04 09:08:42
CRCL,"Circle Internet Group, Inc. Class A Common Stock",NYSE,,False,2026-10-04 09:08:42
CRD-A,Crawford & Company Common Stock,NYSE,,False,2026-10-04 09:08:42
CRD-B,Crawford & Company Common Stock,NYSE,,False,2026-10-04 09:08:42
CRGY,Crescent Energy Company Class A Common Stock,NYSE,,False,2026-10-04 09:08:42
CRH,CRH PLC Ordinary Shares,NYSE,,False,2026-10-04 09:08:42
CRI,"Carter's, Inc. Common Stock",NYSE,,False,2026-10-04 09:08:42
CRK,"Comstock Resources, Inc. Common Stock",NYSE,,False,2026-10-04 09:08:42
CRL,"Charles River Laboratories International, Inc. Common Stock",NYSE,,False,2026-10-04 09:08:42
CRM,"Salesforce, Inc. Common Stock",NYSE,,False,2026-10-04 09:08:42
CRS,Carpenter Technology Corporation Common Stock,NYSE,,False,2026-10-04 09:08:42
CRT,Cross Timbers Royalty Trust Common Stock,NYSE,,False,2026-10-04 09:08:42
CSAN,Cosan S.A. ADS,NYSE,,False,2026-10-04 09:08:42
CSL,Carlisle Companies Incorporated Common Stock,NYSE,,False,2026-10-04 09:08:42
CSR,D/B/A Centerspace Common Stock,NYSE,,False,2026-10-04 09:08:42
CSTM,Constellium SE Ordinary Shares (France),NYSE,,False,2026-10-04 09:08:42
CSV,"Carriage Services, Inc. Common Stock",NYSE,,False,2026-10-04 09:08:42
CSW,"CSW Industrials, Inc. Common Stock",NYSE,,False,2026-10-04 09:08:42
CTEV,Claritev Corporation Class A Common Stock,NYSE,,False,2026-10-04 09:08:42
CTO,"CTO Realty Growth, Inc. Common Stock",NYSE,,False,2026-10-04 09:08:42
CTOS,"Custom Truck One Source, Inc. Common Stock",NYSE,,False,2026-10-04 09:08:42
CTRA,Coterra Energy Inc. Common Stock,NYSE,,False,2026-10-04 09:08:42
CTRE,"CareTrust REIT, Inc. Common Stock",NYSE,,False,2026-10-04 09:08:42
CTRI,"Centuri Holdings, Inc. Common Stock",NYSE,,False,2026-10-04 09:08:42
CTS,CTS Corporation Common Stock,NYSE,,False,2026-10-04 09:08:42
CTVA,"Corteva, Inc. Common Stock",NYSE,,False,2026-10-04 09:08:42
CUBE,CubeSmart Common Shares,NYSE,,False,2026-10-04 09:08:42
CUBI,"Customers Bancorp, Inc Common Stock",NYSE,,False,2026-10-04 09:08:42
CUK,Carnival Plc ADS ADS,NYSE,,False,2026-10-04 09:08:42
CURB,Curbline Properties Corp. Common Stock,NYSE,,False,2026-10-04 09:08:42
CURV,Torrid Holdings Inc. Common Stock,NYSE,,False,2026-10-04 09:08:42
CUZ,Cousins Properties Incorporated Common Stock,NYSE,,False,2026-10-04 09:08:42
CVE,Cenovus Energy Inc Common Stock,NYSE,,False,2026-10-04 09:08:42
CVEO,Civeo Corporation (Canada) Common Shares,NYSE,,False,2026-10-04 09:08:42
CVI,CVR Energy Inc. Common Stock,NYSE,,False,2026-10-04 09:08:42
CVLG,"Covenant Logistics Group, Inc. Class A Common Stock",NYSE,,False,2026-10-04 09:08:42
CVNA,Carvana Co. Class A Common Stock,NYSE,,False,2026-10-04 09:08:42
CVS,CVS Health Corporation Common Stock,NYSE,,False,2026-10-04 09:08:42
CVSA,Covista Inc. Common Shares,NYSE,,False,2026-10-04 09:08:42
CVX,Chevron Corporation Common Stock,NYSE,,False,2026-10-04 09:08:42
CW,Curtiss,NYSE,,False,2026-10-04 09:08:42
CWAN,"Clearwater Analytics Holdings, Inc. Class A Common Stock",NYSE,,False,2026-10-04 09:08:42
CWEN,"Clearway Energy, Inc. Class C Common Stock",NYSE,,False,2026-10-04 09:08:42
CWEN-A,"Clearway Energy, Inc. Class A Common Stock",NYSE,,False,2026-10-04 09:08:42
CWH,"Camping World Holdings, Inc. Class A Common Stock",NYSE,,False,2026-10-04 09:08:42
CWK,Cushman & Wakefield Ltd. Common Shares,NYSE,,False,2026-10-04 09:08:42
CWT,California Water Service Group Common Stock,NYSE,,False,2026-10-04 09:08:42
CX,"Cemex, S.A.B. de C.V. Sponsored ADR",NYSE,,False,2026-10-04 09:08:42
CXE,MFS High Income Municipal Trust Common Stock,NYSE,,False,2026-10-04 09:08:42
CXH,MFS Investment Grade Municipal Trust Common Stock,NYSE,,False,2026-10-04 09:08:42
CXM,"Sprinklr, Inc. Class A Common Stock",NYSE,,False,2026-10-04 09:08:42
CXT,"Crane NXT, Co. Common Stock",NYSE,,False,2026-10-04 09:08:42
CXW,"CoreCivic, Inc. Common Stock",NYSE,,False,2026-10-04 09:08:42
CYD,China Yuchai International Limited Common Stock,NYSE,,False,2026-10-04 09:08:42
CYH,"Community Health Systems, Inc. Common Stock",NYSE,,False,2026-10-04 09:08:42
D,"Dominion Energy, Inc. Common Stock",NYSE,,False,2026-10-04 09:08:42
DAC,Danaos Corporation Common Stock,NYSE,,False,2026-10-04 09:08:42
DAL,"Delta Air Lines, Inc. Common Stock",NYSE,,False,2026-10-04 09:08:42
DAN,Dana Incorporated Common Stock,NYSE,,False,2026-10-04 09:08:42
DAO,"Youdao, Inc. American Depositary Shares, each representing one Class A Ordinary Share",NYSE,,False,2026-10-04 09:08:42
DAR,Darling Ingredients Inc. Common Stock,NYSE,,False,2026-10-04 09:08:42
DAVA,Endava plc American Depositary Shares (each representing one Class A Ordinary Share),NYSE,,False,2026-10-04 09:08:42
DB,Deutsche Bank AG Common Stock,NYSE,,False,2026-10-04 09:08:42
DBD,Diebold Nixdorf Incorporated Common stock,NYSE,,False,2026-10-04 09:08:42
DBI,Designer Brands Inc. Class A Common Stock,NYSE,,False,2026-10-04 09:08:42
DBL,DoubleLine Opportunistic Credit Fund Common Shares of Beneficial Interest,NYSE,,False,2026-10-04 09:08:42
DBRG,"DigitalBridge Group, Inc.",NYSE,,False,2026-10-04 09:08:42
DCBG,"Dime Community Bancshares, Inc. 9.000% Fixed",NYSE,,False,2026-10-04 09:08:42
DCH,Dauch Corporation Common Stock,NYSE,,False,2026-10-04 09:08:42
DCI,"Donaldson Company, Inc. Common Stock",NYSE,,False,2026-10-04 09:08:42
DCO,Ducommun Incorporated Common Stock,NYSE,,False,2026-10-04 09:08:42
DD,"DuPont de Nemours, Inc. Common Stock",NYSE,,False,2026-10-04 09:08:42
DDD,3D Systems Corporation Common Stock,NYSE,,False,2026-10-04 09:08:42
DDL,Dingdong (Cayman) Limited American Depositary Shares (each two representing three Ordinary Shares),NYSE,,False,2026-10-04 09:08:42
DDS,"Dillard's, Inc. Common Stock",NYSE,,False,2026-10-04 09:08:42
DDT,Dillard's Capital Trust I,NYSE,,False,2026-10-04 09:08:42
DE,Deere & Company Common Stock,NYSE,,False,2026-10-04 09:08:42
DEA,"Easterly Government Properties, Inc. Common Stock",NYSE,,False,2026-10-04 09:08:42
DEC,Diversified Energy Company Common Stock,NYSE,,False,2026-10-04 09:08:42
DECK,Deckers Outdoor Corporation Common Stock,NYSE,,False,2026-10-04 09:08:42
DEI,"Douglas Emmett, Inc. Common Stock",NYSE,,False,2026-10-04 09:08:42
DELL,Dell Technologies Inc. Class C Common Stock,NYSE,,False,2026-10-04 09:08:42
DEO,Diageo plc Common Stock,NYSE,,False,2026-10-04 09:08:42
DFH,"Dream Finders Homes, Inc. Class A Common Stock",NYSE,,False,2026-10-04 09:08:42
DFIN,"Donnelley Financial Solutions, Inc. Common Stock",NYSE,,False,2026-10-04 09:08:42
DG,Dollar General Corporation Common Stock,NYSE,,False,2026-10-04 09:08:42
DGX,Quest Diagnostics Incorporated Common Stock,NYSE,,False,2026-10-04 09:08:42
DHF,BNY Mellon High Yield Strategies Fund Common Stock,NYSE,,False,2026-10-04 09:08:42
DHI,"D.R. Horton, Inc. Common Stock",NYSE,,False,2026-10-04 09:08:42
DHR,Danaher Corporation Common Stock,NYSE,,False,2026-10-04 09:08:42
DHT,"DHT Holdings, Inc.",NYSE,,False,2026-10-04 09:08:42
DHX,"DHI Group, Inc. Common Stock",NYSE,,False,2026-10-04 09:08:42
DIN,"Dine Brands Global, Inc. Common Stock",NYSE,,False,2026-10-04 09:08:42
DINO,HF Sinclair Corporation Common Stock,NYSE,,False,2026-10-04 09:08:42
DIS,Walt Disney Company (The) Common Stock,NYSE,,False,2026-10-04 09:08:42
DIVY,Sound Equity Dividend Income ETF,NYSE,,False,2026-10-04 09:08:42
DK,"Delek US Holdings, Inc. Common Stock",NYSE,,False,2026-10-04 09:08:42
DKS,Dick's Sporting Goods Inc Common Stock,NYSE,,False,2026-10-04 09:08:42
DLB,Dolby Laboratories Common Stock,NYSE,,False,2026-10-04 09:08:42
DLR,"Digital Realty Trust, Inc. Common Stock",NYSE,,False,2026-10-04 09:08:42
DLX,Deluxe Corporation Common Stock,NYSE,,False,2026-10-04 09:08:42
DLY,DoubleLine Yield Opportunities Fund Common Shares of Beneficial Interest,NYSE,,False,2026-10-04 09:08:42
DMA,Destra Multi,NYSE,,False,2026-10-04 09:08:42
DMO,Western Asset Mortgage Opportunity Fund Inc. Common Stock,NYSE,,False,2026-10-04 09:08:42
DNA,"Ginkgo Bioworks Holdings, Inc. Class A Common Stock",NYSE,,False,2026-10-04 09:08:42
DNOW,DNOW Inc. Common Stock,NYSE,,False,2026-10-04 09:08:42
DNP,"DNP Select Income Fund, Inc. Common Stock",NYSE,,False,2026-10-04 09:08:42
DOC,"Healthpeak Properties, Inc. Common Stock",NYSE,,False,2026-10-04 09:08:42
DOCN,"DigitalOcean Holdings, Inc. Common Stock",NYSE,,False,2026-10-04 09:08:42
DOCS,"Doximity, Inc. Class A Common Stock",NYSE,,False,2026-10-04 09:08:42
DOLE,Dole plc Ordinary Shares,NYSE,,False,2026-10-04 09:08:42
DOUG,Douglas Elliman Inc. Common Stock,NYSE,,False,2026-10-04 09:08:42
DOV,Dover Corporation Common Stock,NYSE,,False,2026-10-04 09:08:42
DOW,Dow Inc. Common Stock,NYSE,,False,2026-10-04 09:08:42
DPG,Duff & Phelps Utility and Infrastructure Fund Inc.,NYSE,,False,2026-10-04 09:08:42
DQ,"DAQO New Energy Corp. American Depositary Shares, each representing five ordinary shares",NYSE,,False,2026-10-04 09:08:42
DRD,DRDGOLD Limited American Depositary Shares,NYSE,,False,2026-10-04 09:08:42
DRI,"Darden Restaurants, Inc. Common Stock",NYSE,,False,2026-10-04 09:08:42
DRLL,Strive U.S. Energy ETF,NYSE,,False,2026-10-04 09:08:42
DSL,DoubleLine Income Solutions Fund Common Shares of Beneficial Interests,NYSE,,False,2026-10-04 09:08:42
DSMC,Distillate Small/Mid Cash Flow ETF,NYSE,,False,2026-10-04 09:08:42
DSTX,Distillate International Fundamental Stability & Value ETF,NYSE,,False,2026-10-04 09:08:42
DSU,"Blackrock Debt Strategies Fund, Inc. Common Stock",NYSE,,False,2026-10-04 09:08:42
DSX,Diana Shipping inc. common stock,NYSE,,False,2026-10-04 09:08:42
DT,"Dynatrace, Inc. Common Stock",NYSE,,False,2026-10-04 09:08:42
DTB,DTE Energy Company 2020 Series G 4.375% Junior Subordinated Debentures due 2080,NYSE,,False,2026-10-04 09:08:42
DTE,DTE Energy Company Common Stock,NYSE,,False,2026-10-04 09:08:42
DTF,DTF Tax,NYSE,,False,2026-10-04 09:08:42
DTG,DTE Energy Company 2021 Series E 4.375% Junior Subordinated Debentures,NYSE,,False,2026-10-04 09:08:42
DTK,DTE Energy Company 2025 Series H 6.25% Junior Subordinated Debentures due 2085,NYSE,,False,2026-10-04 09:08:42
DTM,"DT Midstream, Inc. Common Stock",NYSE,,False,2026-10-04 09:08:42
DTW,DTE Energy Company 2017 Series E 5.25% Junior Subordinated Debentures due 2077,NYSE,,False,2026-10-04 09:08:42
DUK,Duke Energy Corporation (Holding Company) Common Stock,NYSE,,False,2026-10-04 09:08:42
DUKB,Duke Energy Corporation 5.625% Junior Subordinated Debentures due 2078,NYSE,,False,2026-10-04 09:08:42
DV,"DoubleVerify Holdings, Inc. Common Stock",NYSE,,False,2026-10-04 09:08:42
DVA,DaVita Inc. Common Stock,NYSE,,False,2026-10-04 09:08:42
DVN,Devon Energy Corporation Common Stock,NYSE,,False,2026-10-04 09:08:42
DX,"Dynex Capital, Inc. Common Stock",NYSE,,False,2026-10-04 09:08:42
DXC,DXC Technology Company Common Stock,NYSE,,False,2026-10-04 09:08:42
DXYZ,Destiny Tech100 Inc. Common Stock,NYSE,,False,2026-10-04 09:08:42
DY,"Dycom Industries, Inc. Common Stock",NYSE,,False,2026-10-04 09:08:42
E,ENI S.p.A. Common Stock,NYSE,,False,2026-10-04 09:08:42
EAF,GrafTech International Ltd. Common Stock,NYSE,,False,2026-10-04 09:08:42
EARN,Ellington Credit Company Common Shares of Beneficial Interest,NYSE,,False,2026-10-04 09:08:42
EAT,"Brinker International, Inc. Common Stock",NYSE,,False,2026-10-04 09:08:42
EBF,"Ennis, Inc. Common Stock",NYSE,,False,2026-10-04 09:08:42
EBS,Emergent BioSolutions Inc. Common Stock,NYSE,,False,2026-10-04 09:08:42
EC,Ecopetrol S.A. American Depositary Shares,NYSE,,False,2026-10-04 09:08:42
ECAT,BlackRock ESG Capital Allocation Term Trust Common Shares of Beneficial Interest,NYSE,,False,2026-10-04 09:08:42
ECC,Eagle Point Credit Company Inc. Common Stock,NYSE,,False,2026-10-04 09:08:42
ECG,"Everus Construction Group, Inc. Common Stock",NYSE,,False,2026-10-04 09:08:42
ECL,Ecolab Inc. Common Stock,NYSE,,False,2026-10-04 09:08:42
ECO,Okeanis Eco Tankers Corp. Common Stock,NYSE,,False,2026-10-04 09:08:42
ECVT,Ecovyst Inc. Common Stock,NYSE,,False,2026-10-04 09:08:42
ED,"Consolidated Edison, Inc. Common Stock",NYSE,,False,2026-10-04 09:08:42
EDD,"Morgan Stanley Emerging Markets Domestic Debt Fund, Inc. Common Stock",NYSE,,False,2026-10-04 09:08:42
EDF,Virtus Stone Harbor Emerging Markets Income Fund Common Shares of Beneficial Interest,NYSE,,False,2026-10-04 09:08:42
EDN,Empresa Distribuidora Y Comercializadora Norte S.A. (Edenor) American Depositary Shares,NYSE,,False,2026-10-04 09:08:42
EDU,"New Oriental Education & Technology Group, Inc. Sponsored ADR representing 10 Ordinary Share (Cayman Islands)",NYSE,,False,2026-10-04 09:08:42
EE,"Excelerate Energy, Inc. Class A Common Stock",NYSE,,False,2026-10-04 09:08:42
EEA,"The European Equity Fund, Inc. Common Stock",NYSE,,False,2026-10-04 09:08:42
EEX,"Emerald Holding, Inc. Common Stock",NYSE,,False,2026-10-04 09:08:42
EFC,Ellington Financial Inc. Common Stock,NYSE,,False,2026-10-04 09:08:42
EFR,Eaton Vance Senior Floating,NYSE,,False,2026-10-04 09:08:42
EFT,Eaton Vance Floating Rate Income Trust Common Shares of Beneficial Interest,NYSE,,False,2026-10-04 09:08:42
EFX,"Equifax, Inc. Common Stock",NYSE,,False,2026-10-04 09:08:42
EFXT,Enerflex Ltd Common Shares,NYSE,,False,2026-10-04 09:08:42
EG,"Everest Group, Ltd. Common Stock",NYSE,,False,2026-10-04 09:08:42
EGO,Eldorado Gold Corporation Ordinary Shares,NYSE,,False,2026-10-04 09:08:42
EGP,"EastGroup Properties, Inc. Common Stock",NYSE,,False,2026-10-04 09:08:42
EGY,"VAALCO Energy, Inc.  Common Stock",NYSE,,False,2026-10-04 09:08:42
EHAB,"Enhabit, Inc. Common Stock",NYSE,,False,2026-10-04 09:08:42
EHC,Encompass Health Corporation Common Stock,NYSE,,False,2026-10-04 09:08:42
EHI,Western Asset Global High Income Fund Inc Common Stock,NYSE,,False,2026-10-04 09:08:42
EIC,Eagle Point Income Company Inc. Common Stock,NYSE,,False,2026-10-04 09:08:42
EIG,Employers Holdings Inc Common Stock,NYSE,,False,2026-10-04 09:08:42
EIX,Edison International Common Stock,NYSE,,False,2026-10-04 09:08:42
EL,"Estee Lauder Companies, Inc. (The) Common Stock",NYSE,,False,2026-10-04 09:08:42
ELAN,Elanco Animal Health Incorporated Common Stock,NYSE,,False,2026-10-04 09:08:42
ELF,"e.l.f. Beauty, Inc. Common Stock",NYSE,,False,2026-10-04 09:08:42
ELME,Elme Communities Common Stock,NYSE,,False,2026-10-04 09:08:42
ELPC,Companhia Paranaense de Energia (COPEL) American Depositary Shares (each representing four (4) Common Shares),NYSE,,False,2026-10-04 09:08:42
ELS,"Equity Lifestyle Properties, Inc. Common Stock",NYSE,,False,2026-10-04 09:08:42
ELV,"Elevance Health, Inc. Common Stock",NYSE,,False,2026-10-04 09:08:42
EMA,Emera Incorporated Common Shares,NYSE,,False,2026-10-04 09:08:42
EMBJ,Embraer S.A. Common Stock,NYSE,,False,2026-10-04 09:08:42
EMD,Western Asset Emerging Markets Debt Fund Inc Common Stock,NYSE,,False,2026-10-04 09:08:42
EME,"EMCOR Group, Inc. Common Stock",NYSE,,False,2026-10-04 09:08:42
EMF,Templeton Emerging Markets Fund Common Stock,NYSE,,False,2026-10-04 09:08:42
EMN,Eastman Chemical Company Common Stock,NYSE,,False,2026-10-04 09:08:42
EMO,ClearBridge Energy Midstream Opportunity Fund Inc. Common Stock,NYSE,,False,2026-10-04 09:08:42
EMR,Emerson Electric Company Common Stock,NYSE,,False,2026-10-04 09:08:42
ENB,Enbridge Inc Common Stock,NYSE,,False,2026-10-04 09:08:42
ENIC,Enel Chile S.A. American Depositary Shares (Each representing 50 shares of Common Stock),NYSE,,False,2026-10-04 09:08:42
ENOV,Enovis Corporation Common Stock,NYSE,,False,2026-10-04 09:08:42
ENR,"Energizer Holdings, Inc. Common Stock",NYSE,,False,2026-10-04 09:08:42
ENS,EnerSys Common Stock,NYSE,,False,2026-10-04 09:08:42
ENVA,"Enova International, Inc. Common Stock",NYSE,,False,2026-10-04 09:08:42
EOD,Allspring Global Dividend Opportunity Fund Common Shares of Beneficial Interest,NYSE,,False,2026-10-04 09:08:42
EOG,"EOG Resources, Inc. Common Stock",NYSE,,False,2026-10-04 09:08:42
EOI,Eaton Vance Enhance Equity Income Fund Eaton Vance Enhanced Equity Income Fund Shares of Beneficial Interest,NYSE,,False,2026-10-04 09:08:42
EOS,Eaton Vance Enhance Equity Income Fund II Common Stock,NYSE,,False,2026-10-04 09:08:42
EOT,Eaton Vance Municipal Income Trust EATON VANCE NATIONAL MUNICIPAL OPPORTUNITIES TRUST,NYSE,,False,2026-10-04 09:08:42
EPAC,Enerpac Tool Group Corp. Common Stock,NYSE,,False,2026-10-04 09:08:42
EPAM,"EPAM Systems, Inc. Common Stock",NYSE,,False,2026-10-04 09:08:42
EPC,Edgewell Personal Care Company Common Stock,NYSE,,False,2026-10-04 09:08:42
EPD,Enterprise Products Partners L.P. Common Stock,NYSE,,False,2026-10-04 09:08:42
EPR,EPR Properties Common Stock,NYSE,,False,2026-10-04 09:08:42
EPRT,"Essential Properties Realty Trust, Inc. Common Stock",NYSE,,False,2026-10-04 09:08:42
EQBK,"Equity Bancshares, Inc. Class A Common Stock",NYSE,,False,2026-10-04 09:08:42
EQH,"Equitable Holdings, Inc. Common Stock",NYSE,,False,2026-10-04 09:08:42
EQNR,Equinor ASA,NYSE,,False,2026-10-04 09:08:42
EQR,Equity Residential Common Shares of Beneficial Interest,NYSE,,False,2026-10-04 09:08:42
EQS,"Equus Total Return, Inc. Common Stock",NYSE,,False,2026-10-04 09:08:42
EQT,EQT Corporation Common Stock,NYSE,,False,2026-10-04 09:08:42
ERO,Ero Copper Corp. Common Shares,NYSE,,False,2026-10-04 09:08:42
ES,Eversource Energy (D/B/A) Common Stock,NYSE,,False,2026-10-04 09:08:42
ESAB,ESAB Corporation Common Stock,NYSE,,False,2026-10-04 09:08:42
ESE,ESCO Technologies Inc. Common Stock,NYSE,,False,2026-10-04 09:08:42
ESI,Element Solutions Inc. Common Stock,NYSE,,False,2026-10-04 09:08:42
ESNT,Essent Group Ltd. Common Shares,NYSE,,False,2026-10-04 09:08:42
ESRT,"Empire State Realty Trust, Inc. Class A Common Stock",NYSE,,False,2026-10-04 09:08:42
ESS,"Essex Property Trust, Inc. Common Stock",NYSE,,False,2026-10-04 09:08:42
ESTC,Elastic N.V. Ordinary Shares,NYSE,,False,2026-10-04 09:08:42
ETB,Eaton Vance Tax,NYSE,,False,2026-10-04 09:08:42
ETD,Ethan Allen Interiors Inc. Common Stock,NYSE,,False,2026-10-04 09:08:42
ETG,Eaton Vance Tax,NYSE,,False,2026-10-04 09:08:42
ETJ,Eaton Vance Risk,NYSE,,False,2026-10-04 09:08:42
ETN,"Eaton Corporation, PLC Ordinary Shares",NYSE,,False,2026-10-04 09:08:42
ETO,Eaton Vance Tax,NYSE,,False,2026-10-04 09:08:42
ETR,Entergy Corporation Common Stock,NYSE,,False,2026-10-04 09:08:42
ETSY,"Etsy, Inc. Common Stock",NYSE,,False,2026-10-04 09:08:42
ETV,Eaton Vance Corporation Eaton Vance Tax,NYSE,,False,2026-10-04 09:08:42
ETW,Eaton Vance Corporation Eaton Vance Tax,NYSE,,False,2026-10-04 09:08:42
ETX,Eaton Vance Municipal Income 2028 Term Trust Common Shares of Beneficial Interest,NYSE,,False,2026-10-04 09:08:42
ETY,Eaton Vance Tax,NYSE,,False,2026-10-04 09:08:42
EVAC,EQV Ventures Acquisition Corp. II Class A Ordinary Shares,NYSE,,False,2026-10-04 09:08:42
EVC,Entravision Communications Corporation Common Stock,NYSE,,False,2026-10-04 09:08:42
EVEX,"Eve Holding, Inc. Common Stock",NYSE,,False,2026-10-04 09:08:42
EVF,Eaton Vance Senior Income Trust Common Stock,NYSE,,False,2026-10-04 09:08:42
EVG,Eaton Vance Short Diversified Income Fund Eaton Vance Short Duration Diversified Income Fund Common Shares of Beneficial Interest,NYSE,,False,2026-10-04 09:08:42
EVH,"Evolent Health, Inc Class A Common Stock",NYSE,,False,2026-10-04 09:08:42
EVMN,"Evommune, Inc. Common Stock",NYSE,,False,2026-10-04 09:08:42
EVN,Eaton Vance Municipal Income Trust Common Stock,NYSE,,False,2026-10-04 09:08:42
EVR,Evercore Inc. Class A Common Stock,NYSE,,False,2026-10-04 09:08:42
EVT,Eaton Vance Tax Advantaged Dividend Income Fund Common Shares of Beneficial Interest,NYSE,,False,2026-10-04 09:08:42
EVTC,"Evertec, Inc. Common Stock",NYSE,,False,2026-10-04 09:08:42
EVTL,Vertical Aerospace Ltd. Ordinary Shares,NYSE,,False,2026-10-04 09:08:42
EW,Edwards Lifesciences Corporation Common Stock,NYSE,,False,2026-10-04 09:08:42
EXG,Eaton Vance Tax,NYSE,,False,2026-10-04 09:08:42
EXK,Endeavour Silver Corporation Ordinary Shares (Canada),NYSE,,False,2026-10-04 09:08:42
EXP,Eagle Materials Inc Common Stock,NYSE,,False,2026-10-04 09:08:42
EXPD,"Expeditors International of Washington, Inc. Common Stock",NYSE,,False,2026-10-04 09:08:42
EXR,Extra Space Storage Inc Common Stock,NYSE,,False,2026-10-04 09:08:42
F,Ford Motor Company Common Stock,NYSE,,False,2026-10-04 09:08:42
FAF,First American Corporation (New) Common Stock,NYSE,,False,2026-10-04 09:08:42
FBIN,"Fortune Brands Innovations, Inc. Common Stock",NYSE,,False,2026-10-04 09:08:42
FBK,FB Financial Corporation Common Stock,NYSE,,False,2026-10-04 09:08:42
FBP,First BanCorp. New Common Stock,NYSE,,False,2026-10-04 09:08:42
FBRT,"Franklin BSP Realty Trust, Inc. Common Stock",NYSE,,False,2026-10-04 09:08:42
FC,Franklin Covey Company Common Stock,NYSE,,False,2026-10-04 09:08:42
FCF,First Commonwealth Financial Corporation Common Stock,NYSE,,False,2026-10-04 09:08:42
FCN,"FTI Consulting, Inc. Common Stock",NYSE,,False,2026-10-04 09:08:42
FCPT,"Four Corners Property Trust, Inc. Common Stock",NYSE,,False,2026-10-04 09:08:42
FCRS,FutureCrest Acquisition Corp. Class A Ordinary Shares,NYSE,,False,2026-10-04 09:08:42
FCT,First Trust Senior Floating Rate Income Fund II Common Shares of Beneficial Interest,NYSE,,False,2026-10-04 09:08:42
FCX,Freeport,NYSE,,False,2026-10-04 09:08:42
FDP,"Fresh Del Monte Produce, Inc. Common Stock",NYSE,,False,2026-10-04 09:08:42
FDS,FactSet Research Systems Inc. Common Stock,NYSE,,False,2026-10-04 09:08:42
FDX,FedEx Corporation Common Stock,NYSE,,False,2026-10-04 09:08:42
FE,FirstEnergy Corp. Common Stock,NYSE,,False,2026-10-04 09:08:42
FEDU,"Four Seasons Education (Cayman) Inc. American Depositary Shares, each ADS representing 10 ordinary shares",NYSE,,False,2026-10-04 09:08:42
FEGE,First Eagle Global Equity ETF,NYSE,,False,2026-10-04 09:08:42
FENG,"Phoenix New Media Limited American Depositary Shares, each representing 48 Class A ordinary shares.",NYSE,,False,2026-10-04 09:08:42
FEOE,First Eagle Overseas Equity ETF,NYSE,,False,2026-10-04 09:08:42
FERG,Ferguson Enterprises Inc. Common Stock,NYSE,,False,2026-10-04 09:08:42
FET,"Forum Energy Technologies, Inc. Common Stock",NYSE,,False,2026-10-04 09:08:42
FF,FutureFuel Corp.  Common shares,NYSE,,False,2026-10-04 09:08:42
FFA,First Trust Enhanced Equity Income Fund Common Shares of Beneficial Interest,NYSE,,False,2026-10-04 09:08:42
FG,"F&G Annuities & Life, Inc. Common Stock",NYSE,,False,2026-10-04 09:08:42
FHI,"Federated Hermes, Inc. Common Stock",NYSE,,False,2026-10-04 09:08:42
FHN,First Horizon Corporation Common Stock,NYSE,,False,2026-10-04 09:08:42
FICO,Fair Isaac Corporation Common Stock,NYSE,,False,2026-10-04 09:08:42
FIG,"Figma, Inc. Class A Common Stock",NYSE,,False,2026-10-04 09:08:42
FIGS,"FIGS, Inc. Class A Common Stock",NYSE,,False,2026-10-04 09:08:42
FIHL,Fidelis Insurance Holdings Limited Common Shares,NYSE,,False,2026-10-04 09:08:42
FINS,Angel Oak Financial Strategies Income Term Trust Common Shares of Beneficial Interest,NYSE,,False,2026-10-04 09:08:42
FINV,FinVolution Group American Depositary Shares,NYSE,,False,2026-10-04 09:08:42
FIS,"Fidelity National Information Services, Inc. Common Stock",NYSE,,False,2026-10-04 09:08:42
FIX,"Comfort Systems USA, Inc. Common Stock",NYSE,,False,2026-10-04 09:08:42
FLC,Flaherty & Crumrine Total Return Fund Inc Common Stock,NYSE,,False,2026-10-04 09:08:42
FLG,"Flagstar Bank, N.A. Common Stock",NYSE,,False,2026-10-04 09:08:42
FLNG,FLEX LNG Ltd. Ordinary Shares,NYSE,,False,2026-10-04 09:08:42
FLO,"Flowers Foods, Inc. Common Stock",NYSE,,False,2026-10-04 09:08:42
FLOC,Flowco Holdings Inc. Class A Common Stock,NYSE,,False,2026-10-04 09:08:42
FLR,Fluor Corporation Common Stock,NYSE,,False,2026-10-04 09:08:42
FLS,Flowserve Corporation Common Stock,NYSE,,False,2026-10-04 09:08:42
FLUT,Flutter Entertainment plc Ordinary Shares,NYSE,,False,2026-10-04 09:08:42
FLXR,TCW Flexible Income ETF,NYSE,,False,2026-10-04 09:08:42
FMC,FMC Corporation Common Stock,NYSE,,False,2026-10-04 09:08:42
FMN,Federated Hermes Premier Municipal Income Fund,NYSE,,False,2026-10-04 09:08:42
FMS,Fresenius Medical Care AG American Depositary Shares (Each representing 1/2 of an Ordinary Share),NYSE,,False,2026-10-04 09:08:42
FMX,Fomento Economico Mexicano S.A.B. de C.V. Common Stock,NYSE,,False,2026-10-04 09:08:42
FMY,First Trust Mortgage Income Fund Common Shares of Beneficial Interest,NYSE,,False,2026-10-04 09:08:42
FN,Fabrinet Ordinary Shares,NYSE,,False,2026-10-04 09:08:42
FNB,F.N.B. Corporation Common Stock,NYSE,,False,2026-10-04 09:08:42
FND,"Floor & Decor Holdings, Inc. Common Stock",NYSE,,False,2026-10-04 09:08:42
FNF,"Fidelity National Financial, Inc. Common Stock",NYSE,,False,2026-10-04 09:08:42
FNV,Franco,NYSE,,False,2026-10-04 09:08:42
FOA,Finance of America Companies Inc. Class A Common Stock,NYSE,,False,2026-10-04 09:08:42
FOF,Cohen & Steers Closed,NYSE,,False,2026-10-04 09:08:42
FOR,Forestar Group Inc Common Stock,NYSE,,False,2026-10-04 09:08:42
FOUR,"Shift4 Payments, Inc. Class A Common Stock",NYSE,,False,2026-10-04 09:08:42
FPH,"Five Point Holdings, LLC Class A Common Shares",NYSE,,False,2026-10-04 09:08:42
FPI,Farmland Partners Inc. Common Stock,NYSE,,False,2026-10-04 09:08:42
FPS,"Forgent Power Solutions, Inc. Class A Common Stock",NYSE,,False,2026-10-04 09:08:42
FR,"First Industrial Realty Trust, Inc. Common Stock",NYSE,,False,2026-10-04 09:08:42
FRA,Blackrock Floating Rate Income Strategies Fund Inc  Common Stock,NYSE,,False,2026-10-04 09:08:42
FRO,Frontline Plc Ordinary Shares,NYSE,,False,2026-10-04 09:08:42
FRT,Federal Realty Investment Trust Common Stock,NYSE,,False,2026-10-04 09:08:42
FSCO,FS Credit Opportunities Corp. Common Stock,NYSE,,False,2026-10-04 09:08:42
FSK,FS KKR Capital Corp. Common Stock,NYSE,,False,2026-10-04 09:08:42
FSM,Fortuna Mining Corp. Common Shares,NYSE,,False,2026-10-04 09:08:42
FSS,Federal Signal Corporation Common Stock,NYSE,,False,2026-10-04 09:08:42
FSSL,FS Specialty Lending Fund Common Shares of Beneficial Interest,NYSE,,False,2026-10-04 09:08:42
FT,Franklin Universal Trust Common Stock,NYSE,,False,2026-10-04 09:08:42
FTHY,First Trust High Yield Opportunities 2027 Term Fund Common Stock,NYSE,,False,2026-10-04 09:08:42
FTI,TechnipFMC plc Ordinary Share,NYSE,,False,2026-10-04 09:08:42
FTK,"Flotek Industries, Inc. Common Stock",NYSE,,False,2026-10-04 09:08:42
FTS,Fortis Inc. Common Shares,NYSE,,False,2026-10-04 09:08:42
FTV,Fortive Corporation Common Stock,NYSE,,False,2026-10-04 09:08:42
FTW,Presidio Production Company Class A Common Stock,NYSE,,False,2026-10-04 09:08:42
FTWO,Strive Natural Resources and Security ETF,NYSE,,False,2026-10-04 09:08:42
FUBO,FuboTV Inc. Class A Common Stock,NYSE,,False,2026-10-04 09:08:42
FUL,H. B. Fuller Company Common Stock,NYSE,,False,2026-10-04 09:08:42
FUN,Six Flags Entertainment Corporation Common Stock New,NYSE,,False,2026-10-04 09:08:42
FVR,"FrontView REIT, Inc. Common Stock",NYSE,,False,2026-10-04 09:08:42
FVRR,"Fiverr International Ltd. Ordinary Shares, no par value",NYSE,,False,2026-10-04 09:08:42
FXED,Sound Enhanced Fixed Income ETF,NYSE,,False,2026-10-04 09:08:42
G,Genpact Limited Common Stock,NYSE,,False,2026-10-04 09:08:42
GAB,"Gabelli Equity Trust, Inc. (The) Common Stock",NYSE,,False,2026-10-04 09:08:42
GAM,"General American Investors, Inc. Common Stock",NYSE,,False,2026-10-04 09:08:42
GAP,"Gap, Inc. (The) Common Stock",NYSE,,False,2026-10-04 09:08:42
GATX,GATX Corporation Common Stock,NYSE,,False,2026-10-04 09:08:42
GBCI,"Glacier Bancorp, Inc. Common Stock",NYSE,,False,2026-10-04 09:08:42
GBTG,"Global Business Travel Group, Inc. Class A Common Stock",NYSE,,False,2026-10-04 09:08:42
GBX,"Greenbrier Companies, Inc. (The) Common Stock",NYSE,,False,2026-10-04 09:08:42
GCO,Genesco Inc. Common Stock,NYSE,,False,2026-10-04 09:08:42
GCTS,"GCT Semiconductor Holding, Inc. Common Stock",NYSE,,False,2026-10-04 09:08:42
GCV,"Gabelli Convertible and Income Securities Fund, Inc. (The) Common Stock",NYSE,,False,2026-10-04 09:08:42
GD,General Dynamics Corporation Common Stock,NYSE,,False,2026-10-04 09:08:42
GDDY,GoDaddy Inc. Class A Common Stock,NYSE,,False,2026-10-04 09:08:42
GDIV,Harbor Dividend Growth Leaders ETF,NYSE,,False,2026-10-04 09:08:42
GDL,"GDL Fund, The Common Shares of Beneficial Interest",NYSE,,False,2026-10-04 09:08:42
GDO,Western Asset Global Corporate Opportunity Fund Inc. Common Stock,NYSE,,False,2026-10-04 09:08:42
GDOT,"Green Dot Corporation Class A Common Stock, $0.001 par value",NYSE,,False,2026-10-04 09:08:42
GDV,Gabelli Dividend & Income Trust Common Shares of Beneficial Interest,NYSE,,False,2026-10-04 09:08:42
GE,GE Aerospace Common Stock,NYSE,,False,2026-10-04 09:08:42
GEF,Greif Inc. Class A Common Stock,NYSE,,False,2026-10-04 09:08:42
GEF-B,"Greif, Inc. Corporation Class B Common Stock",NYSE,,False,2026-10-04 09:08:42
GENI,Genius Sports Limited Ordinary Shares,NYSE,,False,2026-10-04 09:08:42
GEO,Geo Group Inc (The) REIT,NYSE,,False,2026-10-04 09:08:42
GETY,"Getty Images Holdings, Inc. Class A Common Stock",NYSE,,False,2026-10-04 09:08:42
GEV,GE Vernova Inc. Common Stock,NYSE,,False,2026-10-04 09:08:42
GF,"New Germany Fund, Inc. (The) Common Stock",NYSE,,False,2026-10-04 09:08:42
GFF,Griffon Corporation Common Stock,NYSE,,False,2026-10-04 09:08:42
GFI,Gold Fields Limited American Depositary Shares,NYSE,,False,2026-10-04 09:08:42
GFL,"GFL Environmental Inc. Subordinate voting shares, no par value",NYSE,,False,2026-10-04 09:08:42
GFR,Greenfire Resources Ltd. Common Shares,NYSE,,False,2026-10-04 09:08:42
GGB,Gerdau S.A. Common Stock,NYSE,,False,2026-10-04 09:08:42
GGG,Graco Inc. Common Stock,NYSE,,False,2026-10-04 09:08:42
GGT,Gabelli Multi,NYSE,,False,2026-10-04 09:08:42
GGZ,Gabelli Global Small and Mid Cap Value Trust (The) Common Shares of Beneficial Interest,NYSE,,False,2026-10-04 09:08:42
GHC,Graham Holdings Company Common Stock,NYSE,,False,2026-10-04 09:08:42
GHG,"GreenTree Hospitality Group Ltd. American depositary shares, each representing one Class A ordinary share",NYSE,,False,2026-10-04 09:08:42
GHM,Graham Corporation Common Stock,NYSE,,False,2026-10-04 09:08:42
GHY,"PGIM Global High Yield Fund, Inc.",NYSE,,False,2026-10-04 09:08:42
GIB,CGI Inc. Common Stock,NYSE,,False,2026-10-04 09:08:42
GIC,Global Industrial Company Common Stock,NYSE,,False,2026-10-04 09:08:42
GIL,"Gildan Activewear, Inc. Class A Sub. Vot. Common Stock",NYSE,,False,2026-10-04 09:08:42
GIS,"General Mills, Inc. Common Stock",NYSE,,False,2026-10-04 09:08:42
GJH,Synthetic Fixed,NYSE,,False,2026-10-04 09:08:42
GJO,Synthetic Fixed,NYSE,,False,2026-10-04 09:08:42
GJP,Synthetic Fixed,NYSE,,False,2026-10-04 09:08:42
GJR,Synthetic Fixed,NYSE,,False,2026-10-04 09:08:42
GJS,"Goldman Sachs Group Securities STRATS Trust for Goldman Sachs Group Securities, Series 2006",NYSE,,False,2026-10-04 09:08:42
GJT,Synthetic Fixed,NYSE,,False,2026-10-04 09:08:42
GKOS,Glaukos Corporation Common Stock,NYSE,,False,2026-10-04 09:08:42
GL,Globe Life Inc. Common Stock,NYSE,,False,2026-10-04 09:08:42
GLOB,Globant S.A. Common Shares,NYSE,,False,2026-10-04 09:08:42
GLW,Corning Incorporated Common Stock,NYSE,,False,2026-10-04 09:08:42
GM,General Motors Company Common Stock,NYSE,,False,2026-10-04 09:08:42
GME,GameStop Corporation Common Stock,NYSE,,False,2026-10-04 09:08:42
GMED,"Globus Medical, Inc. Class A Common Stock",NYSE,,False,2026-10-04 09:08:42
GMMF,iShares Government Money Market ETF,NYSE,,False,2026-10-04 09:08:42
GNE,Genie Energy Ltd. Class B Common Stock Stock,NYSE,,False,2026-10-04 09:08:42
GNK,Genco Shipping & Trading Limited Ordinary Shares New (Marshall Islands),NYSE,,False,2026-10-04 09:08:42
GNL,"Global Net Lease, Inc. Common Stock",NYSE,,False,2026-10-04 09:08:42
GNRC,Generac Holdlings Inc. Common Stock,NYSE,,False,2026-10-04 09:08:42
GNT,"GAMCO Natural Resources, Gold & Income Trust",NYSE,,False,2026-10-04 09:08:42
GNW,Genworth Financial Inc Common Stock,NYSE,,False,2026-10-04 09:08:42
GOF,Guggenheim Strategic Opportunities Fund Common Shares of Beneficial Interest,NYSE,,False,2026-10-04 09:08:42
GOLD,"Gold.com, Inc. Common Stock",NYSE,,False,2026-10-04 09:08:42
GOLF,Acushnet Holdings Corp. Common Stock,NYSE,,False,2026-10-04 09:08:42
GOOS,Canada Goose Holdings Inc. Subordinate Voting Shares,NYSE,,False,2026-10-04 09:08:42
GOTU,Gaotu Techedu Inc. American Depositary Shares,NYSE,,False,2026-10-04 09:08:42
GPC,Genuine Parts Company Common Stock,NYSE,,False,2026-10-04 09:08:42
GPGI,"GPGI, Inc. Class A Common Stock",NYSE,,False,2026-10-04 09:08:42
GPI,"Group 1 Automotive, Inc. Common Stock",NYSE,,False,2026-10-04 09:08:42
GPK,Graphic Packaging Holding Company,NYSE,,False,2026-10-04 09:08:42
GPMT,Granite Point Mortgage Trust Inc. Common Stock,NYSE,,False,2026-10-04 09:08:42
GPN,Global Payments Inc. Common Stock,NYSE,,False,2026-10-04 09:08:42
GPOR,Gulfport Energy Corporation Common Shares,NYSE,,False,2026-10-04 09:08:42
GPRK,Geopark Ltd Common Shares,NYSE,,False,2026-10-04 09:08:42
GRBK,"Green Brick Partners, Inc. Common Stock",NYSE,,False,2026-10-04 09:08:42
GRC,Gorman,NYSE,,False,2026-10-04 09:08:42
GRDN,"Guardian Pharmacy Services, Inc. Class A Common Stock",NYSE,,False,2026-10-04 09:08:42
GRMN,Garmin Ltd. Common Stock (Switzerland),NYSE,,False,2026-10-04 09:08:42
GRND,Grindr Inc. Common Stock,NYSE,,False,2026-10-04 09:08:42
GRNT,"Granite Ridge Resources, Inc. Common Stock",NYSE,,False,2026-10-04 09:08:42
GROV,"Grove Collaborative Holdings, Inc. Class A Common Stock",NYSE,,False,2026-10-04 09:08:42
GRX,The Gabelli Healthcare & Wellness Trust Common Shares of Beneficial Interest,NYSE,,False,2026-10-04 09:08:42
GS,"Goldman Sachs Group, Inc. (The) Common Stock",NYSE,,False,2026-10-04 09:08:42
GSBD,"Goldman Sachs BDC, Inc. Common Stock",NYSE,,False,2026-10-04 09:08:42
GSK,GSK plc American Depositary Shares (Each representing two Ordinary Shares),NYSE,,False,2026-10-04 09:08:42
GSL,Global Ship Lease Inc New Class A Common Shares,NYSE,,False,2026-10-04 09:08:42
GTES,Gates Industrial Corporation plc Ordinary Shares,NYSE,,False,2026-10-04 09:08:42
GTLS,"Chart Industries, Inc. Common Stock",NYSE,,False,2026-10-04 09:08:42
GTN,"Gray Media, Inc. Common Stock",NYSE,,False,2026-10-04 09:08:42
GTN-A,"Gray Media, Inc. Class A Common Stock",NYSE,,False,2026-10-04 09:08:42
GTY,Getty Realty Corporation Common Stock,NYSE,,False,2026-10-04 09:08:42
GUG,Guggenheim Active Allocation Fund Common Shares of Beneficial Interest,NYSE,,False,2026-10-04 09:08:42
GUT,Gabelli Utility Trust (The) Common Stock,NYSE,,False,2026-10-04 09:08:42
GVA,Granite Construction Incorporated Common Stock,NYSE,,False,2026-10-04 09:08:42
GWH,"ESS Tech, Inc. Common Stock",NYSE,,False,2026-10-04 09:08:42
GWRE,"Guidewire Software, Inc. Common Stock",NYSE,,False,2026-10-04 09:08:42
GWW,"W.W. Grainger, Inc. Common Stock",NYSE,,False,2026-10-04 09:08:42
GXO,"GXO Logistics, Inc. Common Stock",NYSE,,False,2026-10-04 09:08:42
GYLD,Arrow Dow Jones Global Yield ETF ETF,NYSE,,False,2026-10-04 09:08:42
H,Hyatt Hotels Corporation Class A Common Stock,NYSE,,False,2026-10-04 09:08:42
HAE,Haemonetics Corporation Common Stock,NYSE,,False,2026-10-04 09:08:42
HAFN,Hafnia Limited Common Shares,NYSE,,False,2026-10-04 09:08:42
HAL,Halliburton Company Common Stock,NYSE,,False,2026-10-04 09:08:42
HASI,"HA Sustainable Infrastructure Capital, Inc. Common Stock",NYSE,,False,2026-10-04 09:08:42
HAYW,"Hayward Holdings, Inc. Common Stock",NYSE,,False,2026-10-04 09:08:42
HBB,Hamilton Beach Brands Holding Company Class A Common Stock,NYSE,,False,2026-10-04 09:08:42
HBM,Hudbay Minerals Inc. Ordinary Shares (Canada),NYSE,,False,2026-10-04 09:08:42
HCA,"HCA Healthcare, Inc. Common Stock",NYSE,,False,2026-10-04 09:08:42
HCC,"Warrior Met Coal, Inc. Common Stock",NYSE,,False,2026-10-04 09:08:42
HCI,"HCI Group, Inc. Common Stock",NYSE,,False,2026-10-04 09:08:42
HD,"Home Depot, Inc. (The) Common Stock",NYSE,,False,2026-10-04 09:08:42
HDB,HDFC Bank Limited Common Stock,NYSE,,False,2026-10-04 09:08:42
HE,"Hawaiian Electric Industries, Inc. Common Stock",NYSE,,False,2026-10-04 09:08:42
HEI,Heico Corporation Common Stock,NYSE,,False,2026-10-04 09:08:42
HEI-A,Heico Corporation Common Stock,NYSE,,False,2026-10-04 09:08:42
HEQ,John Hancock Diversified Income Fund Common Shares of Beneficial Interest,NYSE,,False,2026-10-04 09:08:42
HESM,Hess Midstream LP Class A Representing Limited Partner Interests,NYSE,,False,2026-10-04 09:08:42
HF,DGA Core Plus Absolute Return ETF,NYSE,,False,2026-10-04 09:08:42
HFEQ,Unlimited HFEQ Equity Long/Short ETF,NYSE,,False,2026-10-04 09:08:42
HFGM,Unlimited HFGM Global Macro ETF,NYSE,,False,2026-10-04 09:08:42
HFMF,Unlimited HFMF Managed Futures ETF,NYSE,,False,2026-10-04 09:08:42
HFND,Unlimited HFND Multi,NYSE,,False,2026-10-04 09:08:42
HFRO,Highland Opportunities and Income Fund Common Shares of Beneficial Interest,NYSE,,False,2026-10-04 09:08:42
HG,"Hamilton Insurance Group, Ltd. Class B Common Shares",NYSE,,False,2026-10-04 09:08:42
HGER,Harbor Commodity All,NYSE,,False,2026-10-04 09:08:42
HGLB,Highland Global Allocation Fund Common Stock,NYSE,,False,2026-10-04 09:08:42
HGTY,"Hagerty, Inc. Class A Common Stock",NYSE,,False,2026-10-04 09:08:42
HGV,Hilton Grand Vacations Inc. Common Stock,NYSE,,False,2026-10-04 09:08:42
HHH,Howard Hughes Holdings Inc. Common Stock,NYSE,,False,2026-10-04 09:08:42
HIG,"The Hartford Insurance Group, Inc. Common Stock",NYSE,,False,2026-10-04 09:08:42
HII,"Huntington Ingalls Industries, Inc. Common Stock",NYSE,,False,2026-10-04 09:08:42
HIMS,"Hims & Hers Health, Inc. Class A Common Stock",NYSE,,False,2026-10-04 09:08:42
HIO,"Western Asset High Income Opportunity Fund, Inc. Common Stock",NYSE,,False,2026-10-04 09:08:42
HIPO,Hippo Holdings Inc. Common Stock,NYSE,,False,2026-10-04 09:08:42
HIW,"Highwoods Properties, Inc. Common Stock",NYSE,,False,2026-10-04 09:08:42
HIX,Western Asset High Income Fund II Inc. Common Stock,NYSE,,False,2026-10-04 09:08:42
HKD,AMTD Digital Inc. American Depositary Shares (every five of which represent two Class A Ordinary Shares),NYSE,,False,2026-10-04 09:08:42
HL,Hecla Mining Company Common Stock,NYSE,,False,2026-10-04 09:08:42
HLF,Herbalife Ltd. Common Shares,NYSE,,False,2026-10-04 09:08:42
HLI,"Houlihan Lokey, Inc. Class A Common Stock",NYSE,,False,2026-10-04 09:08:42
HLIO,"Helios Technologies, Inc. Common Stock",NYSE,,False,2026-10-04 09:08:42
HLLY,Holley Inc. Common Stock,NYSE,,False,2026-10-04 09:08:42
HLN,Haleon plc American Depositary Shares (Each representing two Ordinary Shares),NYSE,,False,2026-10-04 09:08:42
HLT,Hilton Worldwide Holdings Inc. Common Stock,NYSE,,False,2026-10-04 09:08:42
HLX,"Helix Energy Solutions Group, Inc. Common Stock",NYSE,,False,2026-10-04 09:08:42
HMC,"Honda Motor Company, Ltd. Common Stock",NYSE,,False,2026-10-04 09:08:42
HMN,Horace Mann Educators Corporation Common Stock,NYSE,,False,2026-10-04 09:08:42
HMY,Harmony Gold Mining Company Limited,NYSE,,False,2026-10-04 09:08:42
HNGE,"Hinge Health, Inc. Class A Common Stock",NYSE,,False,2026-10-04 09:08:42
HNI,HNI Corporation Common Stock,NYSE,,False,2026-10-04 09:08:42
HOG,Harley,NYSE,,False,2026-10-04 09:08:42
HOMB,"Home BancShares, Inc. Common Stock",NYSE,,False,2026-10-04 09:08:42
HOV,"Hovnanian Enterprises, Inc. Class A Common Stock",NYSE,,False,2026-10-04 09:08:42
HP,"Helmerich & Payne, Inc. Common Stock",NYSE,,False,2026-10-04 09:08:42
HPE,Hewlett Packard Enterprise Company Common Stock,NYSE,,False,2026-10-04 09:08:42
HPF,John Hancock Pfd Income Fund II Pfd Income Fund II,NYSE,,False,2026-10-04 09:08:42
HPP,"Hudson Pacific Properties, Inc. Common Stock",NYSE,,False,2026-10-04 09:08:42
HPQ,HP Inc. Common Stock,NYSE,,False,2026-10-04 09:08:42
HQH,abrdn Healthcare Investors Shares of Beneficial Interest,NYSE,,False,2026-10-04 09:08:42
HQL,abrdn Life Sciences Investors Shares of Beneficial Interest,NYSE,,False,2026-10-04 09:08:42
HR,Healthcare Realty Trust Incorporated Common Stock,NYSE,,False,2026-10-04 09:08:42
HRB,"H&R Block, Inc. Common Stock",NYSE,,False,2026-10-04 09:08:42
HRI,Herc Holdings Inc. Common Stock,NYSE,,False,2026-10-04 09:08:42
HRL,Hormel Foods Corporation Common Stock,NYSE,,False,2026-10-04 09:08:42
HRTG,"Heritage Insurance Holdings, Inc. Common Stock",NYSE,,False,2026-10-04 09:08:42
HSBC,"HSBC Holdings, plc. Common Stock",NYSE,,False,2026-10-04 09:08:42
HSHP,Himalaya Shipping Ltd. Common Shares,NYSE,,False,2026-10-04 09:08:42
HSY,The Hershey Company Common Stock,NYSE,,False,2026-10-04 09:08:42
HTB,"HomeTrust Bancshares, Inc. Common Stock",NYSE,,False,2026-10-04 09:08:42
HTD,John Hancock Tax Advantaged Dividend Income Fund Common Shares of Beneficial Interest,NYSE,,False,2026-10-04 09:08:42
HTGC,"Hercules Capital, Inc. Common Stock",NYSE,,False,2026-10-04 09:08:42
HTH,Hilltop Holdings Inc.,NYSE,,False,2026-10-04 09:08:42
HTT,"High Templar Tech Limited American depositary shares, each representing one Class A ordinary share",NYSE,,False,2026-10-04 09:08:42
HUBB,Hubbell Inc Common Stock,NYSE,,False,2026-10-04 09:08:42
HUBS,"HubSpot, Inc. Common Stock",NYSE,,False,2026-10-04 09:08:42
HUM,Humana Inc. Common Stock,NYSE,,False,2026-10-04 09:08:42
HUN,Huntsman Corporation Common Stock,NYSE,,False,2026-10-04 09:08:42
HUYA,"HUYA Inc. American depositary shares, each  representing one Class A ordinary share",NYSE,,False,2026-10-04 09:08:42
HVT,"Haverty Furniture Companies, Inc. Common Stock",NYSE,,False,2026-10-04 09:08:42
HVT-A,"Haverty Furniture Companies, Inc. Common Stock",NYSE,,False,2026-10-04 09:08:42
HWM,Howmet Aerospace Inc. Common Stock,NYSE,,False,2026-10-04 09:08:42
HXL,Hexcel Corporation Common Stock,NYSE,,False,2026-10-04 09:08:42
HY,Hyster,NYSE,,False,2026-10-04 09:08:42
HYI,Western Asset High Yield Opportunity Fund Inc. Common Stock,NYSE,,False,2026-10-04 09:08:42
HYT,"Blackrock Corporate High Yield Fund, Inc. Common Stock",NYSE,,False,2026-10-04 09:08:42
HYTR,Counterpoint High Yield Trend ETF,NYSE,,False,2026-10-04 09:08:42
HZO,"MarineMax, Inc.  (FL) Common Stock",NYSE,,False,2026-10-04 09:08:42
IAE,Voya Asia Pacific High Dividend Equity Income Fund ING Asia Pacific High Dividend Equity Income Fund Common Shares of Beneficial Interest,NYSE,,False,2026-10-04 09:08:42
IAG,Iamgold Corporation Ordinary Shares,NYSE,,False,2026-10-04 09:08:42
IBM,International Business Machines Corporation Common Stock,NYSE,,False,2026-10-04 09:08:42
IBN,ICICI Bank Limited Common Stock,NYSE,,False,2026-10-04 09:08:42
IBP,"Installed Building Products, Inc. Common Stock",NYSE,,False,2026-10-04 09:08:42
IBTA,"Ibotta, Inc. Class A Common Stock",NYSE,,False,2026-10-04 09:08:42
ICE,Intercontinental Exchange Inc. Common Stock,NYSE,,False,2026-10-04 09:08:42
ICL,ICL Group Ltd. Ordinary Shares,NYSE,,False,2026-10-04 09:08:42
IDA,"IDACORP, Inc. Common Stock",NYSE,,False,2026-10-04 09:08:42
IDE,"Voya Infrastructure, Industrials and Materials Fund Common Shares of Beneficial Interest",NYSE,,False,2026-10-04 09:08:42
IDT,IDT Corporation Class B Common Stock,NYSE,,False,2026-10-04 09:08:42
IEX,IDEX Corporation Common Stock,NYSE,,False,2026-10-04 09:08:42
IFF,"International Flavors & Fragrances, Inc. Common Stock",NYSE,,False,2026-10-04 09:08:42
IFN,"Aberdeen India Fund, Inc. Common Stock",NYSE,,False,2026-10-04 09:08:42
IFS,Intercorp Financial Services Inc. Common Shares,NYSE,,False,2026-10-04 09:08:42
IGA,Voya Global Advantage and Premium Opportunity Fund Common Shares of Beneficial Interest,NYSE,,False,2026-10-04 09:08:42
IGD,Voya Global Equity Dividend and Premium Opportunity Fund,NYSE,,False,2026-10-04 09:08:42
IGI,Western Asset Investment Grade Opportunity Trust Inc. Common Stock,NYSE,,False,2026-10-04 09:08:42
IGR,CBRE Global Real Estate Income Fund Common Shares of Beneficial Interest,NYSE,,False,2026-10-04 09:08:42
IH,"iHuman Inc. American depositary shares, each representing five Class A ordinary shares",NYSE,,False,2026-10-04 09:08:42
IHD,Voya Emerging Markets High Income Dividend Equity Fund Common Shares,NYSE,,False,2026-10-04 09:08:42
IHG,Intercontinental Hotels Group American Depositary Shares (Each representing one Ordinary Share),NYSE,,False,2026-10-04 09:08:42
IHS,IHS Holding Limited Ordinary Shares,NYSE,,False,2026-10-04 09:08:42
IIF,"Morgan Stanley India Investment Fund, Inc. Common Stock",NYSE,,False,2026-10-04 09:08:42
IIIN,"Insteel Industries, Inc. Common Stock",NYSE,,False,2026-10-04 09:08:42
IIM,Invesco Value Municipal Income Trust Common Stock,NYSE,,False,2026-10-04 09:08:42
IIPR,"Innovative Industrial Properties, Inc. Common Stock",NYSE,,False,2026-10-04 09:08:42
IMAX,Imax Corporation Common Stock,NYSE,,False,2026-10-04 09:08:42
INFO,Harbor PanAgora Dynamic Large Cap Core ETF,NYSE,,False,2026-10-04 09:08:42
INFQ,"Infleqtion, Inc. Common Stock",NYSE,,False,2026-10-04 09:08:42
INFY,Infosys Limited American Depositary Shares,NYSE,,False,2026-10-04 09:08:42
ING,"ING Group, N.V. Common Stock",NYSE,,False,2026-10-04 09:08:42
INGM,Ingram Micro Holding Corporation Common Stock,NYSE,,False,2026-10-04 09:08:42
INGR,Ingredion Incorporated Common Stock,NYSE,,False,2026-10-04 09:08:42
INN,"Summit Hotel Properties, Inc. Common Stock",NYSE,,False,2026-10-04 09:08:42
INR,"Infinity Natural Resources, Inc. Class A Common Stock",NYSE,,False,2026-10-04 09:08:42
INSP,"Inspire Medical Systems, Inc. Common Stock",NYSE,,False,2026-10-04 09:08:42
INSW,"International Seaways, Inc. Common Stock",NYSE,,False,2026-10-04 09:08:42
INVH,Invitation Homes Inc. Common Stock,NYSE,,False,2026-10-04 09:08:42
INVX,"Innovex International, Inc. Common Stock",NYSE,,False,2026-10-04 09:08:42
IONQ,"IonQ, Inc. Common Stock",NYSE,,False,2026-10-04 09:08:42
IOT,Samsara Inc. Class A Common Stock,NYSE,,False,2026-10-04 09:08:42
IP,International Paper Company Common Stock,NYSE,,False,2026-10-04 09:08:42
IPB,"Merrill Lynch & Co., Inc. 6.0518% Index Plus Trust Certificates Series 2003",NYSE,,False,2026-10-04 09:08:42
IPI,"Intrepid Potash, Inc Common Stock",NYSE,,False,2026-10-04 09:08:42
IQI,Invesco Quality Municipal Income Trust Common Stock,NYSE,,False,2026-10-04 09:08:42
IQV,"IQVIA Holdings, Inc. Common Stock",NYSE,,False,2026-10-04 09:08:42
IR,Ingersoll Rand Inc. Common Stock,NYSE,,False,2026-10-04 09:08:42
IRAB,Iris Acquisition Corp II Class A Ordinary Shares,NYSE,,False,2026-10-04 09:08:42
IRM,Iron Mountain Incorporated (Delaware)Common Stock REIT,NYSE,,False,2026-10-04 09:08:42
IRS,IRSA Inversiones Y Representaciones S.A. Global Depositary Shares (Each representing ten shares of Common Stock),NYSE,,False,2026-10-04 09:08:42
IRT,"Independence Realty Trust, Inc. Common Stock",NYSE,,False,2026-10-04 09:08:42
IT,"Gartner, Inc. Common Stock",NYSE,,False,2026-10-04 09:08:42
ITGR,Integer Holdings Corporation Common Stock,NYSE,,False,2026-10-04 09:08:42
ITT,ITT Inc. Common Stock,NYSE,,False,2026-10-04 09:08:42
ITW,Illinois Tool Works Inc. Common Stock,NYSE,,False,2026-10-04 09:08:42
IVR,INVESCO MORTGAGE CAPITAL INC Common Stock,NYSE,,False,2026-10-04 09:08:42
IVT,InvenTrust Properties Corp. Common Stock,NYSE,,False,2026-10-04 09:08:42
IVZ,Invesco Ltd Common Stock,NYSE,,False,2026-10-04 09:08:42
IX,ORIX Corporation American Depositary Shares,NYSE,,False,2026-10-04 09:08:42
J,Jacobs Solutions Inc. Common Stock,NYSE,,False,2026-10-04 09:08:42
JACS,Jackson Acquisition Company II Class A Ordinary Shares,NYSE,,False,2026-10-04 09:08:42
JAN,"Janus Living, Inc. Class A",NYSE,,False,2026-10-04 09:08:42
JBGS,JBG SMITH Properties Common Shares,NYSE,,False,2026-10-04 09:08:42
JBI,"Janus International Group, Inc. Common Stock",NYSE,,False,2026-10-04 09:08:42
JBK,Lehman ABS 3.50 3.50% Adjustable Corp Backed Tr Certs GS Cap I,NYSE,,False,2026-10-04 09:08:42
JBL,Jabil Inc. Common Stock,NYSE,,False,2026-10-04 09:08:42
JBS,JBS N.V. Class A Common Shares,NYSE,,False,2026-10-04 09:08:42
JBTM,JBT Marel Corporation Common Stock,NYSE,,False,2026-10-04 09:08:42
JCE,Nuveen Core Equity Alpha Fund Common Shares of Beneficial Interest,NYSE,,False,2026-10-04 09:08:42
JCI,Johnson Controls International plc Ordinary Share,NYSE,,False,2026-10-04 09:08:42
JEF,Jefferies Financial Group Inc. Common Stock,NYSE,,False,2026-10-04 09:08:42
JELD,JELD,NYSE,,False,2026-10-04 09:08:42
JENA,Jena Acquisition Corporation II Class A Ordinary Shares,NYSE,,False,2026-10-04 09:08:42
JFR,Nuveen Floating Rate Income Fund Common Stock,NYSE,,False,2026-10-04 09:08:42
JGH,Nuveen Global High Income Fund Common Shares of Beneficial Interest,NYSE,,False,2026-10-04 09:08:42
JHG,Janus Henderson Group plc Ordinary Shares,NYSE,,False,2026-10-04 09:08:42
JHI,John Hancock Investors Trust Common Stock,NYSE,,False,2026-10-04 09:08:42
JHS,John Hancock Income Securities Trust Common Stock,NYSE,,False,2026-10-04 09:08:42
JHX,James Hardie Industries plc. Ordinary Shares,NYSE,,False,2026-10-04 09:08:42
JILL,"J. Jill, Inc. Common Stock",NYSE,,False,2026-10-04 09:08:42
JKS,JinkoSolar Holding Company Limited American Depositary Shares (each representing 4 Common Shares),NYSE,,False,2026-10-04 09:08:42
JLL,Jones Lang LaSalle Incorporated Common Stock,NYSE,,False,2026-10-04 09:08:42
JLS,Nuveen Mortgage and Income Fund,NYSE,,False,2026-10-04 09:08:42
JMIA,"Jumia Technologies AG American Depositary Shares, each representing two Ordinary Shares",NYSE,,False,2026-10-04 09:08:42
JMM,Nuveen Multi,NYSE,,False,2026-10-04 09:08:42
JNJ,Johnson & Johnson Common Stock,NYSE,,False,2026-10-04 09:08:42
JOBY,"Joby Aviation, Inc. Common Stock",NYSE,,False,2026-10-04 09:08:42
JOE,St. Joe Company (The) Common Stock,NYSE,,False,2026-10-04 09:08:42
JOF,Japan Smaller Capitalization Fund Inc Common Stock,NYSE,,False,2026-10-04 09:08:42
JPM,JP Morgan Chase & Co. Common Stock,NYSE,,False,2026-10-04 09:08:42
JQC,Nuveen Credit Strategies Income Fund Shares of Beneficial Interest,NYSE,,False,2026-10-04 09:08:42
JRI,Nuveen Real Asset Income and Growth Fund Common Shares of Beneficial Interest,NYSE,,False,2026-10-04 09:08:42
JRS,Nuveen Real Estate Income Fund Common Shares of Beneficial Interest,NYSE,,False,2026-10-04 09:08:42
JXN,Jackson Financial Inc. Class A Common Stock,NYSE,,False,2026-10-04 09:08:42
KAI,Kadant Inc Common Stock,NYSE,,False,2026-10-04 09:08:42
KB,KB Financial Group Inc,NYSE,,False,2026-10-04 09:08:42
KBDC,"Kayne Anderson BDC, Inc. Common Stock",NYSE,,False,2026-10-04 09:08:42
KBH,KB Home Common Stock,NYSE,,False,2026-10-04 09:08:42
KBR,"KBR, Inc. Common Stock",NYSE,,False,2026-10-04 09:08:42
KD,"Kyndryl Holdings, Inc. Common Stock",NYSE,,False,2026-10-04 09:08:42
KEN,Kenon Holdings Ltd. Ordinary Shares,NYSE,,False,2026-10-04 09:08:42
KEP,Korea Electric Power Corporation Common Stock,NYSE,,False,2026-10-04 09:08:42
KEX,Kirby Corporation Common Stock,NYSE,,False,2026-10-04 09:08:42
KEY,KeyCorp Common Stock,NYSE,,False,2026-10-04 09:08:42
KEYS,Keysight Technologies Inc. Common Stock,NYSE,,False,2026-10-04 09:08:42
KF,"Korea Fund, Inc. (The) New Common Stock",NYSE,,False,2026-10-04 09:08:42
KFRC,"Kforce, Inc. Common Stock",NYSE,,False,2026-10-04 09:08:42
KFS,"Kingsway Financial Services, Inc. Common Stock (DE)",NYSE,,False,2026-10-04 09:08:42
KFY,Korn Ferry Common Stock,NYSE,,False,2026-10-04 09:08:42
KGC,Kinross Gold Corporation Common Stock,NYSE,,False,2026-10-04 09:08:42
KGS,"Kodiak Gas Services, Inc. Common Stock",NYSE,,False,2026-10-04 09:08:42
KIM,Kimco Realty Corporation (HC) Common Stock,NYSE,,False,2026-10-04 09:08:42
KIO,KKR Income Opportunities Fund Common Shares,NYSE,,False,2026-10-04 09:08:42
KKR,KKR & Co. Inc. Common Stock,NYSE,,False,2026-10-04 09:08:42
KLAR,Klarna Group plc Ordinary Shares,NYSE,,False,2026-10-04 09:08:42
KLC,"KinderCare Learning Companies, Inc. Common Stock",NYSE,,False,2026-10-04 09:08:42
KMI,"Kinder Morgan, Inc. Common Stock",NYSE,,False,2026-10-04 09:08:42
KMPB,Kemper Corporation 5.875% Fixed,NYSE,,False,2026-10-04 09:08:42
KMPR,Kemper Corporation,NYSE,,False,2026-10-04 09:08:42
KMT,Kennametal Inc. Common Stock,NYSE,,False,2026-10-04 09:08:42
KMX,CarMax Inc,NYSE,,False,2026-10-04 09:08:42
KN,Knowles Corporation Common Stock,NYSE,,False,2026-10-04 09:08:42
KNF,Knife Riv Holding Co. Common Stock,NYSE,,False,2026-10-04 09:08:42
KNSL,"Kinsale Capital Group, Inc. Common Stock",NYSE,,False,2026-10-04 09:08:42
KNTK,Kinetik Holdings Inc. Class A Common Stock,NYSE,,False,2026-10-04 09:08:42
KNX,Knight,NYSE,,False,2026-10-04 09:08:42
KO,Coca,NYSE,,False,2026-10-04 09:08:42
KODK,Eastman Kodak Company Common New,NYSE,,False,2026-10-04 09:08:42
KOP,Koppers Holdings Inc. Common Stock,NYSE,,False,2026-10-04 09:08:42
KORE,"KORE Group Holdings, Inc. Common Stock",NYSE,,False,2026-10-04 09:08:42
KOS,Kosmos Energy Ltd. Common Shares (DE),NYSE,,False,2026-10-04 09:08:42
KR,Kroger Company (The) Common Stock,NYSE,,False,2026-10-04 09:08:42
KRC,Kilroy Realty Corporation Common Stock,NYSE,,False,2026-10-04 09:08:42
KREF,KKR Real Estate Finance Trust Inc. Common Stock,NYSE,,False,2026-10-04 09:08:42
KRG,Kite Realty Group Trust Common Stock,NYSE,,False,2026-10-04 09:08:42
KRMN,Karman Holdings Inc. Common Stock,NYSE,,False,2026-10-04 09:08:42
KRO,Kronos Worldwide Inc Common Stock,NYSE,,False,2026-10-04 09:08:42
KRSP,Rice Acquisition Corporation 3 Class A Ordinary Shares,NYSE,,False,2026-10-04 09:08:42
KSS,Kohl's Corporation Common Stock,NYSE,,False,2026-10-04 09:08:42
KT,KT Corporation Common Stock,NYSE,,False,2026-10-04 09:08:42
KTB,"Kontoor Brands, Inc. Common Stock",NYSE,,False,2026-10-04 09:08:42
KTF,DWS Municipal Income Trust,NYSE,,False,2026-10-04 09:08:42
KTN,Structured Products Corp 8.205% CorTS 8.205% Corporate Backed Trust Securities (CorTS),NYSE,,False,2026-10-04 09:08:42
KVUE,Kenvue Inc. Common Stock,NYSE,,False,2026-10-04 09:08:42
KVYO,"Klaviyo, Inc. Series A Common Stock",NYSE,,False,2026-10-04 09:08:42
KW,Kennedy,NYSE,,False,2026-10-04 09:08:42
KWR,Quaker Houghton Common Stock,NYSE,,False,2026-10-04 09:08:42
KYN,"Kayne Anderson Energy Infrastructure Fund, Inc.",NYSE,,False,2026-10-04 09:08:42
L,Loews Corporation Common Stock,NYSE,,False,2026-10-04 09:08:42
LAC,Lithium Americas Corp. Common Shares,NYSE,,False,2026-10-04 09:08:42
LAD,"Lithia Motors, Inc. Common Stock",NYSE,,False,2026-10-04 09:08:42
LADR,Ladder Capital Corp Class A Common Stock,NYSE,,False,2026-10-04 09:08:42
LANV,Lanvin Group Holdings Limited Ordinary Shares,NYSE,,False,2026-10-04 09:08:42
LAR,Lithium Argentina AG Common Shares,NYSE,,False,2026-10-04 09:08:42
LAW,"CS Disco, Inc. Common Stock",NYSE,,False,2026-10-04 09:08:42
LAZ,"Lazard, Inc. Common Stock",NYSE,,False,2026-10-04 09:08:42
LB,LandBridge Company LLC Class A Shares Representing Limited Liability Company Interests,NYSE,,False,2026-10-04 09:08:42
LBRT,Liberty Energy Inc. Class A common stock,NYSE,,False,2026-10-04 09:08:42
LC,LendingClub Corporation Common Stock,NYSE,,False,2026-10-04 09:08:42
LCII,LCI Industries,NYSE,,False,2026-10-04 09:08:42
LDI,"loanDepot, Inc. Class A Common Stock",NYSE,,False,2026-10-04 09:08:42
LDOS,"Leidos Holdings, Inc. Common Stock",NYSE,,False,2026-10-04 09:08:42
LEA,Lear Corporation Common Stock,NYSE,,False,2026-10-04 09:08:42
LEG,"Leggett & Platt, Incorporated Common Stock",NYSE,,False,2026-10-04 09:08:42
LEN,Lennar Corporation Class A Common Stock,NYSE,,False,2026-10-04 09:08:42
LEN-B,Lennar Corporation Class B,NYSE,,False,2026-10-04 09:08:42
LEO,"BNY Mellon Strategic Municipals, Inc. Common Stock",NYSE,,False,2026-10-04 09:08:42
LEU,Centrus Energy Corp. Class A Common Stock,NYSE,,False,2026-10-04 09:08:42
LEVI,Levi Strauss & Co Class A Common Stock,NYSE,,False,2026-10-04 09:08:42
LFT,"Lument Finance Trust, Inc. Common Stock",NYSE,,False,2026-10-04 09:08:42
LGI,Lazard Global Total Return and Income Fund Common Stock,NYSE,,False,2026-10-04 09:08:42
LH,Labcorp Holdings Inc. Common Stock,NYSE,,False,2026-10-04 09:08:42
LHX,"L3Harris Technologies, Inc. Common Stock",NYSE,,False,2026-10-04 09:08:42
LII,"Lennox International, Inc. Common Stock",NYSE,,False,2026-10-04 09:08:42
LION,Lionsgate Studios Corp Common Shares,NYSE,,False,2026-10-04 09:08:42
LITB,"LightInTheBox Holding Co., Ltd. American Depositary Shares, each representing twelve ordinary shares",NYSE,,False,2026-10-04 09:08:42
LLY,Eli Lilly and Company Common Stock,NYSE,,False,2026-10-04 09:08:42
LMND,"Lemonade, Inc. Common Stock",NYSE,,False,2026-10-04 09:08:42
LMT,Lockheed Martin Corporation Common Stock,NYSE,,False,2026-10-04 09:08:42
LNC,Lincoln National Corporation Common Stock,NYSE,,False,2026-10-04 09:08:42
LND,Brasilagro Brazilian Agric Real Estate Co Sponsored ADR (Brazil),NYSE,,False,2026-10-04 09:08:42
LNG,"Cheniere Energy, Inc. Common Stock",NYSE,,False,2026-10-04 09:08:42
LNN,Lindsay Corporation Common Stock,NYSE,,False,2026-10-04 09:08:42
LOAR,Loar Holdings Inc. Common Stock,NYSE,,False,2026-10-04 09:08:42
LOB,"Live Oak Bancshares, Inc. Common Stock",NYSE,,False,2026-10-04 09:08:42
LOCL,Local Bounti Corporation Common Stock,NYSE,,False,2026-10-04 09:08:42
LOMA,Loma Negra Compania Industrial Argentina Sociedad Anonima ADS,NYSE,,False,2026-10-04 09:08:42
LOW,"Lowe's Companies, Inc. Common Stock",NYSE,,False,2026-10-04 09:08:42
LPG,Dorian LPG Ltd. Common Stock,NYSE,,False,2026-10-04 09:08:42
LPL,"LG Display Co, Ltd AMERICAN DEPOSITORY SHARES",NYSE,,False,2026-10-04 09:08:42
LPX,Louisiana,NYSE,,False,2026-10-04 09:08:42
LRN,"Stride, Inc. Common Stock",NYSE,,False,2026-10-04 09:08:42
LSPD,Lightspeed Commerce Inc. Subordinate Voting Shares,NYSE,,False,2026-10-04 09:08:42
LTC,"LTC Properties, Inc. Common Stock",NYSE,,False,2026-10-04 09:08:42
LTH,"Life Time Group Holdings, Inc. Common Stock",NYSE,,False,2026-10-04 09:08:42
LTM,"LATAM Airlines Group S.A. American Depositary Shares (each representing two thousand (2,000) shares of Common Stock)",NYSE,,False,2026-10-04 09:08:42
LU,"Lufax Holding Ltd American Depositary Shares, each representing two (2) Ordinary Shares",NYSE,,False,2026-10-04 09:08:42
LUCK,Lucky Strike Entertainment Corporation Class A Common Stock,NYSE,,False,2026-10-04 09:08:42
LUMN,"Lumen Technologies, Inc. Common Stock",NYSE,,False,2026-10-04 09:08:42
LUV,Southwest Airlines Company Common Stock,NYSE,,False,2026-10-04 09:08:42
LUXE,"LuxExperience B.V. American Depositary Shares, each representing one Ordinary Share",NYSE,,False,2026-10-04 09:08:42
LVS,Las Vegas Sands Corp. Common Stock,NYSE,,False,2026-10-04 09:08:42
LVWR,"LiveWire Group, Inc. Common Stock",NYSE,,False,2026-10-04 09:08:42
LW,"Lamb Weston Holdings, Inc. Common Stock",NYSE,,False,2026-10-04 09:08:42
LXFR,Luxfer Holdings PLC Ordinary Shares,NYSE,,False,2026-10-04 09:08:42
LXP,LXP Industrial Trust Common Stock (Maryland REIT),NYSE,,False,2026-10-04 09:08:42
LXU,"LSB Industries, Inc. Common Stock",NYSE,,False,2026-10-04 09:08:42
LYB,LyondellBasell Industries NV Ordinary Shares Class A (Netherlands),NYSE,,False,2026-10-04 09:08:42
LYG,Lloyds Banking Group Plc American Depositary Shares,NYSE,,False,2026-10-04 09:08:42
LYV,"Live Nation Entertainment, Inc. Common Stock",NYSE,,False,2026-10-04 09:08:42
LZB,La,NYSE,,False,2026-10-04 09:08:42
LZM,Lifezone Metals Limited Ordinary Shares,NYSE,,False,2026-10-04 09:08:42
M,Macy's Inc Common Stock,NYSE,,False,2026-10-04 09:08:42
MA,Mastercard Incorporated Common Stock,NYSE,,False,2026-10-04 09:08:42
MAA,Mid,NYSE,,False,2026-10-04 09:08:42
MAC,Macerich Company (The) Common Stock,NYSE,,False,2026-10-04 09:08:42
MAGN,Magnera Corporation Common Stock,NYSE,,False,2026-10-04 09:08:42
MAIN,Main Street Capital Corporation Common Stock,NYSE,,False,2026-10-04 09:08:42
MAN,ManpowerGroup Common Stock,NYSE,,False,2026-10-04 09:08:42
MANE,"Veradermics, Incorporated Common Stock",NYSE,,False,2026-10-04 09:08:42
MAS,Masco Corporation Common Stock,NYSE,,False,2026-10-04 09:08:42
MATV,"Mativ Holdings, Inc. Common Stock",NYSE,,False,2026-10-04 09:08:42
MATX,"Matson, Inc. Common Stock",NYSE,,False,2026-10-04 09:08:42
MAX,"MediaAlpha, Inc. Class A Common Stock",NYSE,,False,2026-10-04 09:08:42
MBC,"MasterBrand, Inc. Common Stock",NYSE,,False,2026-10-04 09:08:42
MBI,MBIA Inc. Common Stock,NYSE,,False,2026-10-04 09:08:42
MC,Moelis & Company Class A Common Stock,NYSE,,False,2026-10-04 09:08:42
MCB,Metropolitan Bank Holding Corp. Common Stock,NYSE,,False,2026-10-04 09:08:42
MCD,McDonald's Corporation Common Stock,NYSE,,False,2026-10-04 09:08:42
MCI,Barings Corporate Investors Common Stock,NYSE,,False,2026-10-04 09:08:42
MCK,McKesson Corporation Common Stock,NYSE,,False,2026-10-04 09:08:42
MCN,XAI Madison Equity Premium Income Fund Common Shares,NYSE,,False,2026-10-04 09:08:42
MCO,Moody's Corporation Common Stock,NYSE,,False,2026-10-04 09:08:42
MCR,MFS Charter Income Trust Common Stock,NYSE,,False,2026-10-04 09:08:42
MCS,Marcus Corporation (The) Common Stock,NYSE,,False,2026-10-04 09:08:42
MCY,Mercury General Corporation Common Stock,NYSE,,False,2026-10-04 09:08:42
MD,"Pediatrix Medical Group, Inc. Common Stock",NYSE,,False,2026-10-04 09:08:42
MDA,MDA Space Ltd. Common Shares,NYSE,,False,2026-10-04 09:08:42
MDST,Westwood Salient Enhanced Midstream Income ETF,NYSE,,False,2026-10-04 09:08:42
MDT,Medtronic plc. Ordinary Shares,NYSE,,False,2026-10-04 09:08:42
MDU,"MDU Resources Group, Inc. Common Stock (Holding Company)",NYSE,,False,2026-10-04 09:08:42
MDV,"Modiv Industrial, Inc. Class C Common Stock",NYSE,,False,2026-10-04 09:08:42
MEC,"Mayville Engineering Company, Inc. Common Stock",NYSE,,False,2026-10-04 09:08:42
MED,MEDIFAST INC Common Stock,NYSE,,False,2026-10-04 09:08:42
MEG,"Montrose Environmental Group, Inc. Common Stock",NYSE,,False,2026-10-04 09:08:42
MEGI,NYLI CBRE Global Infrastructure Megatrends Term Fund Common Shares,NYSE,,False,2026-10-04 09:08:42
MEI,"Methode Electronics, Inc. Common Stock",NYSE,,False,2026-10-04 09:08:42
MET,"MetLife, Inc. Common Stock",NYSE,,False,2026-10-04 09:08:42
MFA,"MFA Financial, Inc.",NYSE,,False,2026-10-04 09:08:42
MFC,Manulife Financial Corporation Common Stock,NYSE,,False,2026-10-04 09:08:42
MFG,"Mizuho Financial Group, Inc. Sponosred ADR (Japan)",NYSE,,False,2026-10-04 09:08:42
MFM,MFS Municipal Income Trust Common Stock,NYSE,,False,2026-10-04 09:08:42
MFSG,MFS Active Growth ETF,NYSE,,False,2026-10-04 09:08:42
MFSI,MFS Active International ETF,NYSE,,False,2026-10-04 09:08:42
MFSV,MFS Active Value ETF,NYSE,,False,2026-10-04 09:08:42
MG,Mistras Group Inc Common Stock,NYSE,,False,2026-10-04 09:08:42
MGA,"Magna International, Inc. Common Stock",NYSE,,False,2026-10-04 09:08:42
MGF,MFS Government Markets Income Trust Common Stock,NYSE,,False,2026-10-04 09:08:42
MGM,MGM Resorts International Common Stock,NYSE,,False,2026-10-04 09:08:42
MGY,Magnolia Oil & Gas Corporation Class A Common Stock,NYSE,,False,2026-10-04 09:08:42
MH,"McGraw Hill, Inc. Common Stock",NYSE,,False,2026-10-04 09:08:42
MHD,"Blackrock MuniHoldings Fund, Inc. Common Stock",NYSE,,False,2026-10-04 09:08:42
MHF,"Western Asset Municipal High Income Fund, Inc. Common Stock",NYSE,,False,2026-10-04 09:08:42
MHK,"Mohawk Industries, Inc. Common Stock",NYSE,,False,2026-10-04 09:08:42
MHO,"M/I Homes, Inc. Common Stock",NYSE,,False,2026-10-04 09:08:42
MIAX,"Miami International Holdings, Inc. Common Stock",NYSE,,False,2026-10-04 09:08:42
MICC,The Magnum Ice Cream Company N.V. Ordinary Shares,NYSE,,False,2026-10-04 09:08:42
MIN,MFS Intermediate Income Trust Common Stock,NYSE,,False,2026-10-04 09:08:42
MIR,"Mirion Technologies, Inc. Class A Common Stock",NYSE,,False,2026-10-04 09:08:42
MITT,"TPG Mortgage Investment Trust, Inc. Common Stock",NYSE,,False,2026-10-04 09:08:42
MIY,"Blackrock MuniYield Michigan Quality Fund, Inc. Common Stock",NYSE,,False,2026-10-04 09:08:42
MKC,"McCormick & Company, Incorporated Common Stock",NYSE,,False,2026-10-04 09:08:42
MKC-V,"McCormick & Company, Incorporated Common Stock",NYSE,,False,2026-10-04 09:08:42
MKL,Markel Group Inc. Common Stock,NYSE,,False,2026-10-04 09:08:42
MLI,"Mueller Industries, Inc. Common Stock",NYSE,,False,2026-10-04 09:08:42
MLM,"Martin Marietta Materials, Inc. Common Stock",NYSE,,False,2026-10-04 09:08:42
MLP,"Maui Land & Pineapple Company, Inc. Common Stock",NYSE,,False,2026-10-04 09:08:42
MLR,"Miller Industries, Inc. Common Stock",NYSE,,False,2026-10-04 09:08:42
MMD,NYLI MacKay DefinedTerm Muni Opportunities Fund Common Shares,NYSE,,False,2026-10-04 09:08:42
MMI,"Marcus & Millichap, Inc. Common Stock",NYSE,,False,2026-10-04 09:08:42
MMID,MFS Active Mid Cap ETF,NYSE,,False,2026-10-04 09:08:42
MMK,State Street Prime Money Market ETF,NYSE,,False,2026-10-04 09:08:42
MMKT,Texas Capital Government Money Market ETF,NYSE,,False,2026-10-04 09:08:42
MMM,3M Company Common Stock,NYSE,,False,2026-10-04 09:08:42
MMS,"Maximus, Inc. Common Stock",NYSE,,False,2026-10-04 09:08:42
MMT,MFS Multimarket Income Trust Common Stock,NYSE,,False,2026-10-04 09:08:42
MMU,"Western Asset Managed Municipals Fund, Inc. Common Stock",NYSE,,False,2026-10-04 09:08:42
MNSO,"MINISO Group Holding Limited American Depositary Shares, each representing four Ordinary Shares",NYSE,,False,2026-10-04 09:08:42
MNTN,"MNTN, Inc. Class A Common Stock",NYSE,,False,2026-10-04 09:08:42
MO,"Altria Group, Inc.",NYSE,,False,2026-10-04 09:08:42
MOD,Modine Manufacturing Company Common Stock,NYSE,,False,2026-10-04 09:08:42
MOG-A,Moog Inc. Class A Common Stock,NYSE,,False,2026-10-04 09:08:42
MOG-B,Moog Inc. Class B Common Stock,NYSE,,False,2026-10-04 09:08:42
MOGU,MOGU Inc. American Depositary Shares (each  representing 25 Class A Ordinary Shares),NYSE,,False,2026-10-04 09:08:42
MOH,Molina Healthcare Inc Common Stock,NYSE,,False,2026-10-04 09:08:42
MOS,Mosaic Company (The) Common Stock,NYSE,,False,2026-10-04 09:08:42
MOV,Movado Group Inc. Common Stock,NYSE,,False,2026-10-04 09:08:42
MP,MP Materials Corp. Common Stock,NYSE,,False,2026-10-04 09:08:42
MPA,Blackrock MuniYield Pennsylvania Quality Fund Common Stock,NYSE,,False,2026-10-04 09:08:42
MPC,Marathon Petroleum Corporation Common Stock,NYSE,,False,2026-10-04 09:08:42
MPT,"Medical Properties Trust, Inc. common stock",NYSE,,False,2026-10-04 09:08:42
MPV,Barings Participation Investors Common Stock,NYSE,,False,2026-10-04 09:08:42
MPX,Marine Products Corporation Common Stock,NYSE,,False,2026-10-04 09:08:42
MQY,"Blackrock MuniYield Quality Fund, Inc. Common Stock",NYSE,,False,2026-10-04 09:08:42
MRK,"Merck & Company, Inc. Common Stock (new)",NYSE,,False,2026-10-04 09:08:42
MRP,"Millrose Properties, Inc. Class A Common Stock",NYSE,,False,2026-10-04 09:08:42
MRSH,Marsh Common Stock,NYSE,,False,2026-10-04 09:08:42
MS,Morgan Stanley Common Stock,NYSE,,False,2026-10-04 09:08:42
MSA,MSA Safety Incorporated Common Stock,NYSE,,False,2026-10-04 09:08:42
MSB,Mesabi Trust Common Stock,NYSE,,False,2026-10-04 09:08:42
MSC,"Studio City International Holdings Limited American depositary shares, each representing four  Class A ordinary shares",NYSE,,False,2026-10-04 09:08:42
MSCI,MSCI Inc. Common Stock,NYSE,,False,2026-10-04 09:08:42
MSD,"Morgan Stanley Emerging Markets Debt Fund, Inc. Common Stock",NYSE,,False,2026-10-04 09:08:42
MSDL,Morgan Stanley Direct Lending Fund Common Stock,NYSE,,False,2026-10-04 09:08:42
MSGE,Madison Square Garden Entertainment Corp. Class A Common Stock,NYSE,,False,2026-10-04 09:08:42
MSGS,Madison Square Garden Sports Corp. Class A Common Stock (New),NYSE,,False,2026-10-04 09:08:42
MSI,"Motorola Solutions, Inc. Common Stock",NYSE,,False,2026-10-04 09:08:42
MSIF,"MSC Income Fund, Inc. Common Stock",NYSE,,False,2026-10-04 09:08:42
MSM,"MSC Industrial Direct Company, Inc. Common Stock",NYSE,,False,2026-10-04 09:08:42
MT,Arcelor Mittal NY Registry Shares NEW,NYSE,,False,2026-10-04 09:08:42
MTB,M&T Bank Corporation Common Stock,NYSE,,False,2026-10-04 09:08:42
MTD,Mettler,NYSE,,False,2026-10-04 09:08:42
MTDR,Matador Resources Company Common Stock,NYSE,,False,2026-10-04 09:08:42
MTG,MGIC Investment Corporation Common Stock,NYSE,,False,2026-10-04 09:08:42
MTH,Meritage Homes Corporation Common Stock,NYSE,,False,2026-10-04 09:08:42
MTN,"Vail Resorts, Inc. Common Stock",NYSE,,False,2026-10-04 09:08:42
MTR,Mesa Royalty Trust Common Stock,NYSE,,False,2026-10-04 09:08:42
MTRN,Materion Corporation,NYSE,,False,2026-10-04 09:08:42
MTUS,Metallus Inc. Common Shares,NYSE,,False,2026-10-04 09:08:42
MTW,"Manitowoc Company, Inc. (The) Common Stock",NYSE,,False,2026-10-04 09:08:42
MTX,Minerals Technologies Inc. Common Stock,NYSE,,False,2026-10-04 09:08:42
MTZ,"MasTec, Inc. Common Stock",NYSE,,False,2026-10-04 09:08:42
MUA,"Blackrock MuniAssets Fund, Inc Common Stock",NYSE,,False,2026-10-04 09:08:42
MUC,"Blackrock MuniHoldings California Quality Fund, Inc.  Common Stock",NYSE,,False,2026-10-04 09:08:42
MUFG,"Mitsubishi UFJ Financial Group, Inc. Common Stock",NYSE,,False,2026-10-04 09:08:42
MUJ,"Blackrock MuniHoldings New Jersey Quality Fund, Inc. Common Stock",NYSE,,False,2026-10-04 09:08:42
MUR,Murphy Oil Corporation Common Stock,NYSE,,False,2026-10-04 09:08:42
MUSA,Murphy USA Inc. Common Stock,NYSE,,False,2026-10-04 09:08:42
MUSE,TCW Multisector Credit Income ETF,NYSE,,False,2026-10-04 09:08:42
MUX,McEwen Inc. Common Stock,NYSE,,False,2026-10-04 09:08:42
MWA,MUELLER WATER PRODUCTS Common Stock,NYSE,,False,2026-10-04 09:08:42
MX,Magnachip Semiconductor Corporation Common Stock,NYSE,,False,2026-10-04 09:08:42
MXE,"Mexico Equity and Income Fund, Inc. (The) Common Stock",NYSE,,False,2026-10-04 09:08:42
MXF,"Mexico Fund, Inc. (The) Common Stock",NYSE,,False,2026-10-04 09:08:42
MYE,"Myers Industries, Inc. Common Stock",NYSE,,False,2026-10-04 09:08:42
MYI,"Blackrock MuniYield Quality Fund III, Inc Common Stock",NYSE,,False,2026-10-04 09:08:42
MYN,"Blackrock MuniYield New York Quality Fund, Inc.Common Stock",NYSE,,False,2026-10-04 09:08:42
NABL,N,NYSE,,False,2026-10-04 09:08:42
NAC,Nuveen California Quality Municipal Income Fund,NYSE,,False,2026-10-04 09:08:42
NAD,Nuveen Quality Municipal Income Fund Common Stock,NYSE,,False,2026-10-04 09:08:42
NAT,Nordic American Tankers Limited Common Stock,NYSE,,False,2026-10-04 09:08:42
NATL,NCR Atleos Corporation Common Stock,NYSE,,False,2026-10-04 09:08:42
NAZ,Nuveen Arizona Quality Municipal Income Fund Common Stock,NYSE,,False,2026-10-04 09:08:42
NBB,Nuveen Taxable Municipal Income Fund Common Shares of Beneficial Interest,NYSE,,False,2026-10-04 09:08:42
NBHC,National Bank Holdings Corporation Common Stock,NYSE,,False,2026-10-04 09:08:42
NBR,Nabors Industries Ltd.,NYSE,,False,2026-10-04 09:08:42
NBXG,Neuberger Next Generation Connectivity Fund Inc. Common Stock,NYSE,,False,2026-10-04 09:08:42
NC,"NACCO Industries, Inc. Common Stock",NYSE,,False,2026-10-04 09:08:42
NCA,Nuveen California Municipal Value Fund,NYSE,,False,2026-10-04 09:08:42
NCDL,Nuveen Churchill Direct Lending Corp. Common Stock,NYSE,,False,2026-10-04 09:08:42
NCLH,Norwegian Cruise Line Holdings Ltd. Ordinary Shares,NYSE,,False,2026-10-04 09:08:42
NCV,Virtus Convertible & Income Fund Common Shares of Beneficial Interest,NYSE,,False,2026-10-04 09:08:42
NCZ,Virtus Convertible & Income Fund II Common Shares of Beneficial Interest,NYSE,,False,2026-10-04 09:08:42
NDMO,Nuveen Dynamic Municipal Opportunities Fund Common Shares of Beneficial Interest,NYSE,,False,2026-10-04 09:08:42
NE,Noble Corporation plc A Ordinary Shares,NYSE,,False,2026-10-04 09:08:42
NEA,Nuveen AMT,NYSE,,False,2026-10-04 09:08:42
NEE,"NextEra Energy, Inc. Common Stock",NYSE,,False,2026-10-04 09:08:42
NEM,Newmont Corporation,NYSE,,False,2026-10-04 09:08:42
NET,"Cloudflare, Inc. Class A Common Stock",NYSE,,False,2026-10-04 09:08:42
NEU,NewMarket Corp Common Stock,NYSE,,False,2026-10-04 09:08:42
NEXA,Nexa Resources S.A. Common Shares,NYSE,,False,2026-10-04 09:08:42
NFG,National Fuel Gas Company Common Stock,NYSE,,False,2026-10-04 09:08:42
NFJ,"Virtus Dividend, Interest & Premium Strategy Fund Common Shares of Beneficial Interest",NYSE,,False,2026-10-04 09:08:42
NGG,"National Grid Transco, PLC National Grid PLC (NEW) American Depositary Shares",NYSE,,False,2026-10-04 09:08:42
NGS,"Natural Gas Services Group, Inc. Common Stock",NYSE,,False,2026-10-04 09:08:42
NGVC,"Natural Grocers by Vitamin Cottage, Inc. Common Stock",NYSE,,False,2026-10-04 09:08:42
NGVT,Ingevity Corporation Common Stock,NYSE,,False,2026-10-04 09:08:42
NHI,"National Health Investors, Inc. Common Stock",NYSE,,False,2026-10-04 09:08:42
NI,NiSource Inc Common Stock,NYSE,,False,2026-10-04 09:08:42
NIC,Nicolet Bankshares Inc. Common Stock,NYSE,,False,2026-10-04 09:08:42
NIE,Virtus Equity & Convertible Income Fund Common Shares of Beneficial Interest,NYSE,,False,2026-10-04 09:08:42
NIM,Nuveen Select Maturities Municipal Fund Common Stock,NYSE,,False,2026-10-04 09:08:42
NIO,"NIO Inc. American depositary shares, each  representing one Class A ordinary share",NYSE,,False,2026-10-04 09:08:42
NIQ,NIQ Global Intelligence plc Ordinary Shares,NYSE,,False,2026-10-04 09:08:42
NJR,NewJersey Resources Corporation Common Stock,NYSE,,False,2026-10-04 09:08:42
NKE,"Nike, Inc. Common Stock",NYSE,,False,2026-10-04 09:08:42
NKX,Nuveen California AMT,NYSE,,False,2026-10-04 09:08:42
NL,"NL Industries, Inc. Common Stock",NYSE,,False,2026-10-04 09:08:42
NLOP,Net Lease Office Properties Common Shares of Beneficial Interest,NYSE,,False,2026-10-04 09:08:42
NLY,Annaly Capital Management Inc. Common Stock,NYSE,,False,2026-10-04 09:08:42
NMAI,Nuveen Multi,NYSE,,False,2026-10-04 09:08:42
NMAX,"Newsmax, Inc. Class B Common Stock",NYSE,,False,2026-10-04 09:08:42
NMCO,Nuveen Municipal Credit Opportunities Fund Common Shares,NYSE,,False,2026-10-04 09:08:42
NMG,Nouveau Monde Graphite Inc. Common Shares,NYSE,,False,2026-10-04 09:08:42
NMI,"Nuveen Municipal Income Fund, Inc. Common Stock",NYSE,,False,2026-10-04 09:08:42
NMR,Nomura Holdings Inc ADR American Depositary Shares,NYSE,,False,2026-10-04 09:08:42
NMS,Nuveen Minnesota Quality Municipal Income Fund,NYSE,,False,2026-10-04 09:08:42
NMT,Nuveen Massachusetts Quality Municipal Income Fund Common Stock,NYSE,,False,2026-10-04 09:08:42
NMZ,"Nuveen Municipal High Income Opportunity Fund Common Stock, $0.01 par value, per share",NYSE,,False,2026-10-04 09:08:42
NNI,"Nelnet, Inc. Common Stock",NYSE,,False,2026-10-04 09:08:42
NNN,"NNN REIT, Inc. Common Stock",NYSE,,False,2026-10-04 09:08:42
NNY,Nuveen New York Municipal Value Fund Common Stock,NYSE,,False,2026-10-04 09:08:42
NOA,North American Construction Group Ltd. Common Shares (no par),NYSE,,False,2026-10-04 09:08:42
NOAH,Noah Holdings Limited American Depositary Shares,NYSE,,False,2026-10-04 09:08:42
NOC,Northrop Grumman Corporation Common Stock,NYSE,,False,2026-10-04 09:08:42
NOG,"Northern Oil and Gas, Inc. Common Stock",NYSE,,False,2026-10-04 09:08:42
NOK,Nokia Corporation Sponsored American Depositary Shares,NYSE,,False,2026-10-04 09:08:42
NOM,Nuveen Missouri Quality Municipal Income Fund,NYSE,,False,2026-10-04 09:08:42
NOMD,Nomad Foods Limited Ordinary Shares,NYSE,,False,2026-10-04 09:08:42
NOV,NOV Inc. Common Stock,NYSE,,False,2026-10-04 09:08:42
NOW,"ServiceNow, Inc. Common Stock",NYSE,,False,2026-10-04 09:08:42
NP,Neptune Insurance Holdings Inc. Class A Common Stock,NYSE,,False,2026-10-04 09:08:42
NPB,"Northpointe Bancshares, Inc. Common Stock",NYSE,,False,2026-10-04 09:08:42
NPCT,Nuveen Core Plus Impact Fund Common Shares of Beneficial Interest,NYSE,,False,2026-10-04 09:08:42
NPK,"National Presto Industries, Inc. Common Stock",NYSE,,False,2026-10-04 09:08:42
NPKI,NPK International Inc. Common Stock,NYSE,,False,2026-10-04 09:08:42
NPO,Enpro Inc. Common Stock,NYSE,,False,2026-10-04 09:08:42
NPV,Nuveen Virginia Quality Municipal Income Fund Common Stock,NYSE,,False,2026-10-04 09:08:42
NPWR,NET Power Inc. Class A Common Stock,NYSE,,False,2026-10-04 09:08:42
NQP,Nuveen Pennsylvania Quality Municipal Income Fund Common Stock,NYSE,,False,2026-10-04 09:08:42
NRDY,Nerdy Inc. Class A Common Stock,NYSE,,False,2026-10-04 09:08:42
NREF,"NexPoint Real Estate Finance, Inc. Common Stock",NYSE,,False,2026-10-04 09:08:42
NRG,"NRG Energy, Inc. Common Stock",NYSE,,False,2026-10-04 09:08:42
NRGV,"Energy Vault Holdings, Inc. Common Stock",NYSE,,False,2026-10-04 09:08:42
NRK,Nuveen New York AMT,NYSE,,False,2026-10-04 09:08:42
NRP,Natural Resource Partners LP Limited Partnership,NYSE,,False,2026-10-04 09:08:42
NRT,North European Oil Royality Trust Common Stock,NYSE,,False,2026-10-04 09:08:42
NSA,National Storage Affiliates Trust Common Shares of Beneficial Interest,NYSE,,False,2026-10-04 09:08:42
NSC,Norfolk Southern Corporation Common Stock,NYSE,,False,2026-10-04 09:08:42
NSP,"Insperity, Inc. Common Stock",NYSE,,False,2026-10-04 09:08:42
NTB,Bank of N.T. Butterfield & Son Limited (The) Voting Ordinary Shares,NYSE,,False,2026-10-04 09:08:42
NTR,Nutrien Ltd. Common Shares,NYSE,,False,2026-10-04 09:08:42
NTST,NetSTREIT Corp. Common Stock,NYSE,,False,2026-10-04 09:08:42
NTZ,"Natuzzi, S.p.A.",NYSE,,False,2026-10-04 09:08:42
NU,Nu Holdings Ltd. Class A Ordinary Shares,NYSE,,False,2026-10-04 09:08:42
NUE,Nucor Corporation Common Stock,NYSE,,False,2026-10-04 09:08:42
NUS,"Nu Skin Enterprises, Inc. Common Stock",NYSE,,False,2026-10-04 09:08:42
NUV,"Nuveen Municipal Value Fund, Inc. Common Stock",NYSE,,False,2026-10-04 09:08:42
NUVB,Nuvation Bio Inc. Class A Common Stock,NYSE,,False,2026-10-04 09:08:42
NUW,Nuveen AMT,NYSE,,False,2026-10-04 09:08:42
NVG,Nuveen AMT,NYSE,,False,2026-10-04 09:08:42
NVGS,Navigator Holdings Ltd. Ordinary Shares (Marshall Islands),NYSE,,False,2026-10-04 09:08:42
NVO,Novo Nordisk A/S Common Stock,NYSE,,False,2026-10-04 09:08:42
NVR,"NVR, Inc. Common Stock",NYSE,,False,2026-10-04 09:08:42
NVRI,Enviri Corporation Common Stock,NYSE,,False,2026-10-04 09:08:42
NVS,Novartis AG Common Stock,NYSE,,False,2026-10-04 09:08:42
NVST,Envista Holdings Corporation Common Stock,NYSE,,False,2026-10-04 09:08:42
NVT,nVent Electric plc Ordinary Shares,NYSE,,False,2026-10-04 09:08:42
NWAX,New America Acquisition I Corp. Class A Common Stock,NYSE,,False,2026-10-04 09:08:42
NWG,"NatWest Group plc American Depositary Shares, (each representing two (2) Ordinary Shares)",NYSE,,False,2026-10-04 09:08:42
NWN,Northwest Natural Holding Company Common Stock,NYSE,,False,2026-10-04 09:08:42
NX,Quanex Building Products Corporation Common Stock,NYSE,,False,2026-10-04 09:08:42
NXDR,"Nextdoor Holdings, Inc. Class A Common Stock",NYSE,,False,2026-10-04 09:08:42
NXDT,NexPoint Diversified Real Estate Trust Common Stock,NYSE,,False,2026-10-04 09:08:42
NXE,Nexgen Energy Ltd. Common Shares,NYSE,,False,2026-10-04 09:08:42
NXG,NXG NextGen Infrastructure Income Fund Common Shares of Beneficial Interest,NYSE,,False,2026-10-04 09:08:42
NXJ,Nuveen New Jersey Qualified Municipal Fund,NYSE,,False,2026-10-04 09:08:42
NXP,Nuveen Select Tax Free Income Portfolio Common Stock,NYSE,,False,2026-10-04 09:08:42
NXRT,"NexPoint Residential Trust, Inc. Common Stock",NYSE,,False,2026-10-04 09:08:42
NYC,American Strategic Investment Co. Class A Common Stock,NYSE,,False,2026-10-04 09:08:42
NYT,New York Times Company (The) Common Stock,NYSE,,False,2026-10-04 09:08:42
NZF,Nuveen Municipal Credit Income Fund,NYSE,,False,2026-10-04 09:08:42
O,Realty Income Corporation Common Stock,NYSE,,False,2026-10-04 09:08:42
OBDC,Blue Owl Capital Corporation Common Stock,NYSE,,False,2026-10-04 09:08:42
OBK,"Origin Bancorp, Inc. Common Stock",NYSE,,False,2026-10-04 09:08:42
OC,Owens Corning Inc Common Stock New,NYSE,,False,2026-10-04 09:08:42
ODC,Oil,NYSE,,False,2026-10-04 09:08:42
ODV,Osisko Development Corp. Common Shares,NYSE,,False,2026-10-04 09:08:42
OEC,Orion S.A. Common Shares,NYSE,,False,2026-10-04 09:08:42
OFG,OFG Bancorp Common Stock,NYSE,,False,2026-10-04 09:08:42
OFRM,"Once Upon a Farm, PBC Common Stock",NYSE,,False,2026-10-04 09:08:42
OGC,OceanaGold Corporation Common Shares,NYSE,,False,2026-10-04 09:08:42
OGE,OGE Energy Corp Common Stock,NYSE,,False,2026-10-04 09:08:42
OGN,Organon & Co. Common Stock,NYSE,,False,2026-10-04 09:08:42
OGS,"ONE Gas, Inc. Common Stock",NYSE,,False,2026-10-04 09:08:42
OHI,"Omega Healthcare Investors, Inc. Common Stock",NYSE,,False,2026-10-04 09:08:42
OI,O,NYSE,,False,2026-10-04 09:08:42
OIA,Invesco Municipal Income Opportunities Trust Common Stock,NYSE,,False,2026-10-04 09:08:42
OII,"Oceaneering International, Inc. Common Stock",NYSE,,False,2026-10-04 09:08:42
OIS,"Oil States International, Inc. Common Stock",NYSE,,False,2026-10-04 09:08:42
OKE,"ONEOK, Inc. Common Stock",NYSE,,False,2026-10-04 09:08:42
OKLO,Oklo Inc. Class A common stock,NYSE,,False,2026-10-04 09:08:42
OLN,Olin Corporation Common Stock,NYSE,,False,2026-10-04 09:08:42
OLP,"One Liberty Properties, Inc. Common Stock",NYSE,,False,2026-10-04 09:08:42
OMC,Omnicom Group Inc. Common Stock,NYSE,,False,2026-10-04 09:08:42
OMF,"OneMain Holdings, Inc. Common Stock",NYSE,,False,2026-10-04 09:08:42
ONIT,Onity Group Inc. Common Stock,NYSE,,False,2026-10-04 09:08:42
ONL,Orion Properties Inc. Common Stock,NYSE,,False,2026-10-04 09:08:42
ONON,On Holding AG Class A Ordinary Shares,NYSE,,False,2026-10-04 09:08:42
ONTO,Onto Innovation Inc. Common Stock,NYSE,,False,2026-10-04 09:08:42
OOMA,"Ooma, Inc. Common Stock",NYSE,,False,2026-10-04 09:08:42
OPAD,Offerpad Solutions Inc. Class A Common Stock,NYSE,,False,2026-10-04 09:08:42
OPFI,OppFi Inc. Class A Common Stock,NYSE,,False,2026-10-04 09:08:42
OPLN,"OPENLANE, Inc. Common Stock",NYSE,,False,2026-10-04 09:08:42
OPP,"RiverNorth/DoubleLine Strategic Opportunity Fund, Inc. Common Stock",NYSE,,False,2026-10-04 09:08:42
OPTU,"Optimum Communications, Inc. Class A common stock",NYSE,,False,2026-10-04 09:08:42
OPY,"Oppenheimer Holdings, Inc. Class A Common Stock (DE)",NYSE,,False,2026-10-04 09:08:42
OR,OR Royalties Inc. Common Shares,NYSE,,False,2026-10-04 09:08:42
ORA,"Ormat Technologies, Inc. Common Stock",NYSE,,False,2026-10-04 09:08:42
ORC,"Orchid Island Capital, Inc. Common Stock",NYSE,,False,2026-10-04 09:08:42
ORCL,Oracle Corporation Common Stock,NYSE,,False,2026-10-04 09:08:42
ORI,Old Republic International Corporation Common Stock,NYSE,,False,2026-10-04 09:08:42
ORN,"Orion Group Holdings, Inc. Common",NYSE,,False,2026-10-04 09:08:42
OSCR,"Oscar Health, Inc. Class A Common Stock",NYSE,,False,2026-10-04 09:08:42
OSG,"Octave Specialty Group, Inc. Common Stock",NYSE,,False,2026-10-04 09:08:42
OSK,Oshkosh Corporation (Holding Company)Common Stock,NYSE,,False,2026-10-04 09:08:42
OTF,Blue Owl Technology Finance Corp. Common Stock,NYSE,,False,2026-10-04 09:08:42
OTIS,Otis Worldwide Corporation Common Stock,NYSE,,False,2026-10-04 09:08:42
OUT,OUTFRONT Media Inc. Common Stock,NYSE,,False,2026-10-04 09:08:42
OVV,Ovintiv Inc. (DE),NYSE,,False,2026-10-04 09:08:42
OWL,Blue Owl Capital Inc. Class A Common Stock,NYSE,,False,2026-10-04 09:08:42
OWLT,"Owlet, Inc. Class A Common Stock",NYSE,,False,2026-10-04 09:08:42
OXM,"Oxford Industries, Inc. Common Stock",NYSE,,False,2026-10-04 09:08:42
OXY,Occidental Petroleum Corporation Common Stock,NYSE,,False,2026-10-04 09:08:42
PAAS,Pan American Silver Corp. Common Stock,NYSE,,False,2026-10-04 09:08:42
PAC,"Grupo Aeroportuario Del Pacifico, S.A. B. de C.V. Grupo Aeroportuario Del Pacifico, S.A. de C.V. (each representing 10 Series B shares)",NYSE,,False,2026-10-04 09:08:42
PACK,Ranpak Holdings Corp Class A Common Stock,NYSE,,False,2026-10-04 09:08:42
PACS,"PACS Group, Inc. Common Stock",NYSE,,False,2026-10-04 09:08:42
PAG,"Penske Automotive Group, Inc. Common Stock",NYSE,,False,2026-10-04 09:08:42
PAGS,PagSeguro Digital Ltd. Class A Common Shares,NYSE,,False,2026-10-04 09:08:42
PAI,Western Asset Investment Grade Income Fund Inc.,NYSE,,False,2026-10-04 09:08:42
PAII,Pyrophyte Acquisition Corp. II Class A Ordinary Shares,NYSE,,False,2026-10-04 09:08:42
PAM,Pampa Energia S.A.,NYSE,,False,2026-10-04 09:08:42
PAR,PAR Technology Corporation Common Stock,NYSE,,False,2026-10-04 09:08:42
PARR,"Par Pacific Holdings, Inc.  Common Stock",NYSE,,False,2026-10-04 09:08:42
PATH,"UiPath, Inc. Class A Common Stock",NYSE,,False,2026-10-04 09:08:42
PAXS,PIMCO Access Income Fund Common Shares of Beneficial Interest,NYSE,,False,2026-10-04 09:08:42
PAY,"Paymentus Holdings, Inc. Class A Common Stock",NYSE,,False,2026-10-04 09:08:42
PAYC,"Paycom Software, Inc. Common Stock",NYSE,,False,2026-10-04 09:08:42
PB,"Prosperity Bancshares, Inc. Common Stock",NYSE,,False,2026-10-04 09:08:42
PBA,Pembina Pipeline Corp. Ordinary Shares (Canada),NYSE,,False,2026-10-04 09:08:42
PBF,PBF Energy Inc. Class A Common Stock,NYSE,,False,2026-10-04 09:08:42
PBH,Prestige Consumer Healthcare Inc. Common Stock,NYSE,,False,2026-10-04 09:08:42
PBI,Pitney Bowes Inc. Common Stock,NYSE,,False,2026-10-04 09:08:42
PBR,Petroleo Brasileiro S.A. Petrobras ADS,NYSE,,False,2026-10-04 09:08:42
PBT,Permian Basin Royalty Trust Common Stock,NYSE,,False,2026-10-04 09:08:42
PCF,High Income Securities Fund Common Stock,NYSE,,False,2026-10-04 09:08:42
PCG,Pacific Gas & Electric Co. Common Stock,NYSE,,False,2026-10-04 09:08:42
PCM,"PCM Fund, Inc. Common Stock",NYSE,,False,2026-10-04 09:08:42
PCN,Pimco Corporate & Income Strategy Fund Common Stock,NYSE,,False,2026-10-04 09:08:42
PCOR,"Procore Technologies, Inc. Common Stock",NYSE,,False,2026-10-04 09:08:42
PCQ,PIMCO California Municipal Income Fund Common Stock,NYSE,,False,2026-10-04 09:08:42
PD,"PagerDuty, Inc. Common Stock",NYSE,,False,2026-10-04 09:08:42
PDCC,Pearl Diver Credit Company Inc. Common Stock,NYSE,,False,2026-10-04 09:08:42
PDI,PIMCO Dynamic Income Fund Common Stock,NYSE,,False,2026-10-04 09:08:42
PDM,"Piedmont Realty Trust, Inc. Class A Common Stock",NYSE,,False,2026-10-04 09:08:42
PDO,PIMCO Dynamic Income Opportunities Fund Common Shares of Beneficial Interest,NYSE,,False,2026-10-04 09:08:42
PDS,Precision Drilling Corporation Common Stock,NYSE,,False,2026-10-04 09:08:42
PDT,John Hancock Premium Dividend Fund,NYSE,,False,2026-10-04 09:08:42
PDX,PIMCO Dynamic Income Strategy Fund Common Shares of Beneficial Interest,NYSE,,False,2026-10-04 09:08:42
PEB,Pebblebrook Hotel Trust Common Shares of Beneficial Interest,NYSE,,False,2026-10-04 09:08:42
PEG,Public Service Enterprise Group Incorporated Common Stock,NYSE,,False,2026-10-04 09:08:42
PEN,"Penumbra, Inc. Common Stock",NYSE,,False,2026-10-04 09:08:42
PEO,"Adams Natural Resources Fund, Inc. Common Stock",NYSE,,False,2026-10-04 09:08:42
PERF,Perfect Corp. Class A Ordinary Share,NYSE,,False,2026-10-04 09:08:42
PEW,GrabAGun Digital Holdings Inc. Common Stock,NYSE,,False,2026-10-04 09:08:42
PFE,"Pfizer, Inc. Common Stock",NYSE,,False,2026-10-04 09:08:42
PFGC,Performance Food Group Company Common Stock,NYSE,,False,2026-10-04 09:08:42
PFL,PIMCO Income Strategy Fund Shares of Beneficial Interest,NYSE,,False,2026-10-04 09:08:42
PFLT,PennantPark Floating Rate Capital Ltd. Common Stock,NYSE,,False,2026-10-04 09:08:42
PFN,PIMCO Income Strategy Fund II,NYSE,,False,2026-10-04 09:08:42
PFS,"Provident Financial Services, Inc Common Stock",NYSE,,False,2026-10-04 09:08:42
PFSI,"PennyMac Financial Services, Inc. Common Stock",NYSE,,False,2026-10-04 09:08:42
PG,Procter & Gamble Company (The) Common Stock,NYSE,,False,2026-10-04 09:08:42
PGP,Pimco Global StocksPlus & Income Fund Common Shares of Beneficial Interest,NYSE,,False,2026-10-04 09:08:42
PGR,Progressive Corporation (The) Common Stock,NYSE,,False,2026-10-04 09:08:42
PGZ,Principal Real Estate Income Fund Common Shares of Beneficial Interest,NYSE,,False,2026-10-04 09:08:42
PH,Parker,NYSE,,False,2026-10-04 09:08:42
PHG,Koninklijke Philips N.V. NY Registry Shares,NYSE,,False,2026-10-04 09:08:42
PHI,PLDT Inc. Sponsored ADR,NYSE,,False,2026-10-04 09:08:42
PHIN,PHINIA Inc. Common Stock,NYSE,,False,2026-10-04 09:08:42
PHK,Pimco High Income Fund,NYSE,,False,2026-10-04 09:08:42
PHM,"PulteGroup, Inc. Common Stock",NYSE,,False,2026-10-04 09:08:42
PHR,"Phreesia, Inc. Common Stock",NYSE,,False,2026-10-04 09:08:42
PII,Polaris Inc. Common Stock,NYSE,,False,2026-10-04 09:08:42
PIM,Putnam Master Intermediate Income Trust Common Stock,NYSE,,False,2026-10-04 09:08:42
PINE,"Alpine Income Property Trust, Inc. Common Stock",NYSE,,False,2026-10-04 09:08:42
PINS,"Pinterest, Inc. Class A Common Stock",NYSE,,False,2026-10-04 09:08:42
PIPR,Piper Sandler Companies Common Stock,NYSE,,False,2026-10-04 09:08:42
PJT,PJT Partners Inc. Class A Common Stock,NYSE,,False,2026-10-04 09:08:42
PK,Park Hotels & Resorts Inc. Common Stock,NYSE,,False,2026-10-04 09:08:42
PKE,Park Aerospace Corp. Common Stock,NYSE,,False,2026-10-04 09:08:42
PKG,Packaging Corporation of America Common Stock,NYSE,,False,2026-10-04 09:08:42
PKST,Peakstone Realty Trust Common Shares,NYSE,,False,2026-10-04 09:08:42
PKX,POSCO HOLDINGS INC. American Depositary Shares (Each representing 1/4th of a share of Common Stock),NYSE,,False,2026-10-04 09:08:42
PL,Planet Labs PBC Class A Common Stock,NYSE,,False,2026-10-04 09:08:42
PLD,"Prologis, Inc. Common Stock",NYSE,,False,2026-10-04 09:08:42
PLNT,"Planet Fitness, Inc. Common Stock",NYSE,,False,2026-10-04 09:08:42
PLOW,"Douglas Dynamics, Inc. Common Stock",NYSE,,False,2026-10-04 09:08:42
PM,Philip Morris International Inc Common Stock,NYSE,,False,2026-10-04 09:08:42
PML,Pimco Municipal Income Fund II Common Shares of Beneficial Interest,NYSE,,False,2026-10-04 09:08:42
PMM,Putnam Managed Municipal Income Trust Common Stock,NYSE,,False,2026-10-04 09:08:42
PMMF,iShares Prime Money Market ETF,NYSE,,False,2026-10-04 09:08:42
PMO,Putnam Municipal Opportunities Trust Common Stock,NYSE,,False,2026-10-04 09:08:42
PMT,PennyMac Mortgage Investment Trust Common Shares of Beneficial Interest,NYSE,,False,2026-10-04 09:08:42
PNC,"PNC Financial Services Group, Inc. (The) Common Stock",NYSE,,False,2026-10-04 09:08:42
PNFP,"Pinnacle Financial Partners, Inc. Common stock",NYSE,,False,2026-10-04 09:08:42
PNI,Pimco New York Municipal Income Fund II Common Shares of Beneficial Interest,NYSE,,False,2026-10-04 09:08:42
PNNT,PennantPark Investment Corporation Common Stock,NYSE,,False,2026-10-04 09:08:42
PNR,Pentair plc. Ordinary Share,NYSE,,False,2026-10-04 09:08:42
PNW,Pinnacle West Capital Corporation Common Stock,NYSE,,False,2026-10-04 09:08:42
POR,Portland General Electric Co Common Stock,NYSE,,False,2026-10-04 09:08:42
POST,"Post Holdings, Inc. Common Stock",NYSE,,False,2026-10-04 09:08:42
PPG,"PPG Industries, Inc. Common Stock",NYSE,,False,2026-10-04 09:08:42
PPL,PPL Corporation Common Stock,NYSE,,False,2026-10-04 09:08:42
PPT,Putnam Premier Income Trust Common Stock,NYSE,,False,2026-10-04 09:08:42
PR,Permian Resources Corporation Class A Common Stock,NYSE,,False,2026-10-04 09:08:42
PRA,ProAssurance Corporation Common Stock,NYSE,,False,2026-10-04 09:08:42
PRCS,Parnassus Core Select ETF,NYSE,,False,2026-10-04 09:08:42
PRG,"PROG Holdings, Inc. Common Stock",NYSE,,False,2026-10-04 09:08:42
PRGO,Perrigo Company plc Ordinary Shares,NYSE,,False,2026-10-04 09:08:42
PRI,"Primerica, Inc. Common Stock",NYSE,,False,2026-10-04 09:08:42
PRIM,Primoris Services Corporation Common Stock,NYSE,,False,2026-10-04 09:08:42
PRKS,United Parks & Resorts Inc. Common Stock,NYSE,,False,2026-10-04 09:08:42
PRLB,"Proto Labs, Inc. Common stock",NYSE,,False,2026-10-04 09:08:42
PRM,"Perimeter Solutions, SA Common Stock",NYSE,,False,2026-10-04 09:08:42
PRMB,Primo Brands Corporation Class A Common Stock,NYSE,,False,2026-10-04 09:08:42
PRSU,"Pursuit Attractions and Hospitality, Inc. Common Stock",NYSE,,False,2026-10-04 09:08:42
PRU,"Prudential Financial, Inc. Common Stock",NYSE,,False,2026-10-04 09:08:42
PRVS,Parnassus Value Select ETF,NYSE,,False,2026-10-04 09:08:42
PSA,Public Storage Common Stock,NYSE,,False,2026-10-04 09:08:42
PSBD,Palmer Square Capital BDC Inc. Common Stock,NYSE,,False,2026-10-04 09:08:42
PSFE,Paysafe Limited Common Shares,NYSE,,False,2026-10-04 09:08:42
PSN,Parsons Corporation Common Stock,NYSE,,False,2026-10-04 09:08:42
PSO,"Pearson, Plc Common Stock",NYSE,,False,2026-10-04 09:08:42
PSQH,"PSQ Holdings, Inc. Class A Common Stock",NYSE,,False,2026-10-04 09:08:42
PSTG,"Everpure, Inc. Class A common stock",NYSE,,False,2026-10-04 09:08:42
PSTL,"Postal Realty Trust, Inc. Class A Common Stock",NYSE,,False,2026-10-04 09:08:42
PSX,Phillips 66 Common Stock,NYSE,,False,2026-10-04 09:08:42
PTA,Cohen & Steers Tax,NYSE,,False,2026-10-04 09:08:42
PTY,Pimco Corporate & Income Opportunity Fund,NYSE,,False,2026-10-04 09:08:42
PUK,Prudential Public Limited Company Common Stock,NYSE,,False,2026-10-04 09:08:42
PUMP,ProPetro Holding Corp. Common Stock,NYSE,,False,2026-10-04 09:08:42
PVH,PVH Corp. Common Stock,NYSE,,False,2026-10-04 09:08:42
PWR,"Quanta Services, Inc. Common Stock",NYSE,,False,2026-10-04 09:08:42
PXED,"Phoenix Education Partners, Inc. Common Stock",NYSE,,False,2026-10-04 09:08:42
PYT,PPlus Tr GSC,NYSE,,False,2026-10-04 09:08:42
Q,"Qnity Electronics, Inc. Common Stock",NYSE,,False,2026-10-04 09:08:42
QBTS,D,NYSE,,False,2026-10-04 09:08:42
QGEN,Qiagen N.V. Common Shares,NYSE,,False,2026-10-04 09:08:42
QSR,Restaurant Brands International Inc. Common Shares,NYSE,,False,2026-10-04 09:08:42
QTWO,"Q2 Holdings, Inc. Common Stock",NYSE,,False,2026-10-04 09:08:42
QUAD,"Quad Graphics, Inc Class A Common Stock",NYSE,,False,2026-10-04 09:08:42
QXO,"QXO, Inc. Common Stock",NYSE,,False,2026-10-04 09:08:42
R,"Ryder System, Inc. Common Stock",NYSE,,False,2026-10-04 09:08:42
RA,Brookfield Real Assets Income Fund Inc. Common Stock,NYSE,,False,2026-10-04 09:08:42
RAC,Rithm Acquisition Corp. Class A Ordinary Shares,NYSE,,False,2026-10-04 09:08:42
RACE,Ferrari N.V. Common Shares,NYSE,,False,2026-10-04 09:08:42
RAL,Ralliant Corporation Common Stock,NYSE,,False,2026-10-04 09:08:42
RAMP,"LiveRamp Holdings, Inc. Common Stock",NYSE,,False,2026-10-04 09:08:42
RBA,"RB Global, Inc. Common Stock",NYSE,,False,2026-10-04 09:08:42
RBC,RBC Bearings Incorporated Common Stock,NYSE,,False,2026-10-04 09:08:42
RBLX,Roblox Corporation Class A Common Stock,NYSE,,False,2026-10-04 09:08:42
RBRK,"Rubrik, Inc. Class A Common Stock",NYSE,,False,2026-10-04 09:08:42
RC,Ready Capital Corporation Common Stock,NYSE,,False,2026-10-04 09:08:42
RCI,"Rogers Communication, Inc. Common Stock",NYSE,,False,2026-10-04 09:08:42
RCL,Royal Caribbean Cruises Ltd. Common Stock,NYSE,,False,2026-10-04 09:08:42
RCS,"PIMCO Strategic Income Fund, Inc.",NYSE,,False,2026-10-04 09:08:42
RCUS,"Arcus Biosciences, Inc. Common Stock",NYSE,,False,2026-10-04 09:08:42
RDDT,"Reddit, Inc. Class A Common Stock",NYSE,,False,2026-10-04 09:08:42
RDN,Radian Group Inc. Common Stock,NYSE,,False,2026-10-04 09:08:42
RDW,Redwire Corporation Common Stock,NYSE,,False,2026-10-04 09:08:42
RDY,Dr. Reddy's Laboratories Ltd Common Stock,NYSE,,False,2026-10-04 09:08:42
RELX,RELX PLC PLC American Depositary Shares (Each representing One Ordinary Share),NYSE,,False,2026-10-04 09:08:42
RERE,ATRenew Inc. American Depositary Shares (every three of which representing two Class A ordinary shares),NYSE,,False,2026-10-04 09:08:42
RES,"RPC, Inc. Common Stock",NYSE,,False,2026-10-04 09:08:42
REX,REX American Resources Corporation,NYSE,,False,2026-10-04 09:08:42
REXR,"Rexford Industrial Realty, Inc. Common Stock",NYSE,,False,2026-10-04 09:08:42
REZI,"Resideo Technologies, Inc. Common Stock",NYSE,,False,2026-10-04 09:08:42
RF,Regions Financial Corporation Common Stock,NYSE,,False,2026-10-04 09:08:42
RFI,"Cohen & Steers Total Return Realty Fund, Inc. Common Stock",NYSE,,False,2026-10-04 09:08:42
RFL,"Rafael Holdings, Inc. Class B Common Stock",NYSE,,False,2026-10-04 09:08:42
RFM,"RiverNorth Flexible Municipal Income Fund, Inc. Common Stock",NYSE,,False,2026-10-04 09:08:42
RFMZ,"RiverNorth Flexible Municipal Income Fund II, Inc. Common Stock",NYSE,,False,2026-10-04 09:08:42
RGA,"Reinsurance Group of America, Incorporated Common Stock",NYSE,,False,2026-10-04 09:08:42
RGR,"Sturm, Ruger & Company, Inc. Common Stock",NYSE,,False,2026-10-04 09:08:42
RGT,"Royce Global Trust, Inc. Common Stock",NYSE,,False,2026-10-04 09:08:42
RH,RH Common Stock,NYSE,,False,2026-10-04 09:08:42
RHI,Robert Half Inc. Common Stock,NYSE,,False,2026-10-04 09:08:42
RHLD,Resolute Holdings Management Common Stock,NYSE,,False,2026-10-04 09:08:42
RHP,"Ryman Hospitality Properties, Inc. (REIT)",NYSE,,False,2026-10-04 09:08:42
RIG,Transocean Ltd (Switzerland) Common Stock,NYSE,,False,2026-10-04 09:08:42
RIO,Rio Tinto Plc Common Stock,NYSE,,False,2026-10-04 09:08:42
RITM,Rithm Capital Corp. Common Stock,NYSE,,False,2026-10-04 09:08:42
RIV,"RiverNorth Opportunities Fund, Inc. Common Stock",NYSE,,False,2026-10-04 09:08:42
RJF,"Raymond James Financial, Inc. Common Stock",NYSE,,False,2026-10-04 09:08:42
RKT,"Rocket Companies, Inc. Class A Common Stock",NYSE,,False,2026-10-04 09:08:42
RL,Ralph Lauren Corporation Common Stock,NYSE,,False,2026-10-04 09:08:42
RLI,RLI Corp. Common Stock (DE),NYSE,,False,2026-10-04 09:08:42
RLJ,RLJ Lodging Trust Common Shares of Beneficial Interest $0.01 par value,NYSE,,False,2026-10-04 09:08:42
RLTY,Cohen & Steers Real Estate Opportunities and Income Fund Common Shares of Beneficial Interest,NYSE,,False,2026-10-04 09:08:42
RM,Regional Management Corp. Common Stock,NYSE,,False,2026-10-04 09:08:42
RMAX,"RE/MAX Holdings, Inc. Class A Common Stock",NYSE,,False,2026-10-04 09:08:42
RMD,ResMed Inc. Common Stock,NYSE,,False,2026-10-04 09:08:42
RMI,"RiverNorth Opportunistic Municipal Income Fund, Inc. Common Stock",NYSE,,False,2026-10-04 09:08:42
RMM,"RiverNorth Managed Duration Municipal Income Fund, Inc. Common Stock",NYSE,,False,2026-10-04 09:08:42
RMMZ,"RiverNorth Managed Duration Municipal Income Fund II, Inc. Common Stock",NYSE,,False,2026-10-04 09:08:42
RMT,Royce Micro,NYSE,,False,2026-10-04 09:08:42
RNG,"RingCentral, Inc. Class A Common Stock",NYSE,,False,2026-10-04 09:08:42
RNGR,"Ranger Energy Services, Inc. Class A Common Stock",NYSE,,False,2026-10-04 09:08:42
RNR,RenaissanceRe Holdings Ltd. Common Stock,NYSE,,False,2026-10-04 09:08:42
RNST,Renasant Corporation Common Stock,NYSE,,False,2026-10-04 09:08:42
ROG,Rogers Corporation Common Stock,NYSE,,False,2026-10-04 09:08:42
ROK,"Rockwell Automation, Inc. Common Stock",NYSE,,False,2026-10-04 09:08:42
ROL,"Rollins, Inc. Common Stock",NYSE,,False,2026-10-04 09:08:42
RONB,Baron First Principles ETF,NYSE,,False,2026-10-04 09:08:42
RPC,"Ridgepost Capital, Inc. Class A Common Stock",NYSE,,False,2026-10-04 09:08:42
RPM,RPM International Inc. Common Stock,NYSE,,False,2026-10-04 09:08:42
RPT,Rithm Property Trust Inc. Common stock,NYSE,,False,2026-10-04 09:08:42
RQI,Cohen & Steers Quality Income Realty Fund Inc Common Shares,NYSE,,False,2026-10-04 09:08:42
RRC,Range Resources Corporation Common Stock,NYSE,,False,2026-10-04 09:08:42
RRX,Regal Rexnord Corporation Common Stock,NYSE,,False,2026-10-04 09:08:42
RS,"Reliance, Inc. Common Stock",NYSE,,False,2026-10-04 09:08:42
RSF,RiverNorth Capital and Income Fund Common Stock,NYSE,,False,2026-10-04 09:08:42
RSG,"Republic Services, Inc. Common Stock",NYSE,,False,2026-10-04 09:08:42
RSI,"Rush Street Interactive, Inc. Class A Common Stock",NYSE,,False,2026-10-04 09:08:42
RSKD,Riskified Ltd. Class A Ordinary Shares,NYSE,,False,2026-10-04 09:08:42
RTO,Rentokil Initial plc American Depositary Shares (each representing five (5) Ordinary Shares),NYSE,,False,2026-10-04 09:08:42
RTX,RTX Corporation Common Stock,NYSE,,False,2026-10-04 09:08:42
RVI,Robinhood Ventures Fund I Common Shares of Beneficial Interest,NYSE,,False,2026-10-04 09:08:42
RVLV,"Revolve Group, Inc. Class A Common Stock",NYSE,,False,2026-10-04 09:08:42
RVT,Royce Small,NYSE,,False,2026-10-04 09:08:42
RVTY,"Revvity, Inc. Common Stock",NYSE,,False,2026-10-04 09:08:42
RWT,"Redwood Trust, Inc. Common Stock",NYSE,,False,2026-10-04 09:08:42
RXO,"RXO, Inc. Common Stock",NYSE,,False,2026-10-04 09:08:42
RY,Royal Bank Of Canada Common Stock,NYSE,,False,2026-10-04 09:08:42
RYAM,Rayonier Advanced Materials Inc. Common Stock,NYSE,,False,2026-10-04 09:08:42
RYAN,"Ryan Specialty Holdings, Inc. Class A Common Stock",NYSE,,False,2026-10-04 09:08:42
RYN,Rayonier Inc. REIT Common Stock,NYSE,,False,2026-10-04 09:08:42
RYZ,Ryerson Holding Corporation Common Stock,NYSE,,False,2026-10-04 09:08:42
RZB,"Reinsurance Group of America, Incorporated 5.75% Fixed",NYSE,,False,2026-10-04 09:08:42
RZC,"Reinsurance Group of America, Incorporated 7.125% Fixed",NYSE,,False,2026-10-04 09:08:42
S,"SentinelOne, Inc. Class A Common Stock",NYSE,,False,2026-10-04 09:08:42
SA,"Seabridge Gold, Inc. Ordinary Shares (Canada)",NYSE,,False,2026-10-04 09:08:42
SABA,Saba Capital Income & Opportunities Fund II Shares of Beneficial Interest,NYSE,,False,2026-10-04 09:08:42
SAC,Safeguard Acquisition Corp. Class A Ordinary Shares,NYSE,,False,2026-10-04 09:08:42
SAFE,Safehold Inc. New Common Stock,NYSE,,False,2026-10-04 09:08:42
SAH,"Sonic Automotive, Inc. Common Stock",NYSE,,False,2026-10-04 09:08:42
SAM,"Boston Beer Company, Inc. (The) Common Stock",NYSE,,False,2026-10-04 09:08:42
SAN,"Banco Santander, S.A. Sponsored ADR (Spain)",NYSE,,False,2026-10-04 09:08:42
SAP,SAP  SE ADS,NYSE,,False,2026-10-04 09:08:42
SAR,Saratoga Investment Corp New,NYSE,,False,2026-10-04 09:08:42
SARO,"StandardAero, Inc. Common Stock",NYSE,,False,2026-10-04 09:08:42
SB,"Safe Bulkers, Inc Common Stock ($0.001 par value)",NYSE,,False,2026-10-04 09:08:42
SBH,"Sally Beauty Holdings, Inc. (Name to be changed from Sally Holdings, Inc.) Common Stock",NYSE,,False,2026-10-04 09:08:42
SBI,Western Asset Intermediate Muni Fund Inc Common Stock,NYSE,,False,2026-10-04 09:08:42
SBR,Sabine Royalty Trust Common Stock,NYSE,,False,2026-10-04 09:08:42
SBS,Companhia de saneamento Basico Do Estado De Sao Paulo,NYSE,,False,2026-10-04 09:08:42
SBSI,"Southside Bancshares, Inc. Common Stock",NYSE,,False,2026-10-04 09:08:42
SBSW,D/B/A Sibanye,NYSE,,False,2026-10-04 09:08:42
SBXD,SilverBox Corp IV Class A Ordinary Shares,NYSE,,False,2026-10-04 09:08:42
SBXE,SilverBox Corp V Class A Ordinary Shares,NYSE,,False,2026-10-04 09:08:42
SCCO,Southern Copper Corporation Common Stock,NYSE,,False,2026-10-04 09:08:42
SCD,LMP Capital and Income Fund Inc. Common Stock,NYSE,,False,2026-10-04 09:08:42
SCHW,Charles Schwab Corporation (The) Common Stock,NYSE,,False,2026-10-04 09:08:42
SCI,Service Corporation International Common Stock,NYSE,,False,2026-10-04 09:08:42
SCL,Stepan Company Common Stock,NYSE,,False,2026-10-04 09:08:42
SCM,Stellus Capital Investment Corporation Common Stock,NYSE,,False,2026-10-04 09:08:42
SD,"SandRidge Energy, Inc. Common Stock",NYSE,,False,2026-10-04 09:08:42
SDHC,Smith Douglas Homes Corp. Class A Common Stock,NYSE,,False,2026-10-04 09:08:42
SDHY,PGIM Short Duration High Yield Opportunities Fund Common Shares,NYSE,,False,2026-10-04 09:08:42
SDRL,Seadrill Limited Common Shares,NYSE,,False,2026-10-04 09:08:42
SE,"Sea Limited American Depositary Shares, each representing one Class A Ordinary Share",NYSE,,False,2026-10-04 09:08:42
SEG,Seaport Entertainment Group Inc. Common Stock,NYSE,,False,2026-10-04 09:08:42
SEI,"Solaris Energy Infrastructure, Inc. Class A Common Stock",NYSE,,False,2026-10-04 09:08:42
SEM,Select Medical Holdings Corporation Common Stock,NYSE,,False,2026-10-04 09:08:42
SEMR,"SEMrush Holdings, Inc. Class A Common Stock",NYSE,,False,2026-10-04 09:08:42
SES,SES AI Corporation Class A Common Stock,NYSE,,False,2026-10-04 09:08:42
SF,Stifel Financial Corporation Common Stock,NYSE,,False,2026-10-04 09:08:42
SFBS,"ServisFirst Bancshares, Inc. Common Stock",NYSE,,False,2026-10-04 09:08:42
SFL,SFL Corporation Ltd,NYSE,,False,2026-10-04 09:08:42
SG,"Sweetgreen, Inc. Class A Common Stock",NYSE,,False,2026-10-04 09:08:42
SGHC,Super Group (SGHC) Limited Ordinary Shares,NYSE,,False,2026-10-04 09:08:42
SGI,Somnigroup International Inc. Common Stock,NYSE,,False,2026-10-04 09:08:42
SGOV,iShares 0,NYSE,,False,2026-10-04 09:08:42
SGU,Star Group L.P. Common Stock,NYSE,,False,2026-10-04 09:08:42
SHAK,"Shake Shack, Inc. Class A Common Stock",NYSE,,False,2026-10-04 09:08:42
SHEL,Shell PLC American Depositary Shares (each representing two (2) Ordinary Shares),NYSE,,False,2026-10-04 09:08:42
SHG,Shinhan Financial Group Co Ltd American Depositary Shares,NYSE,,False,2026-10-04 09:08:42
SHO,"Sunstone Hotel Investors, Inc. Sunstone Hotel Investors, Inc. Common Shares",NYSE,,False,2026-10-04 09:08:42
SHOC,Strive U.S. Semiconductor ETF,NYSE,,False,2026-10-04 09:08:42
SHV,iShares 0,NYSE,,False,2026-10-04 09:08:42
SHW,Sherwin,NYSE,,False,2026-10-04 09:08:42
SI,"Shoulder Innovations, Inc. Common Stock",NYSE,,False,2026-10-04 09:08:42
SID,Companhia Siderurgica Nacional S.A. Common Stock,NYSE,,False,2026-10-04 09:08:42
SIG,Signet Jewelers Limited Common Shares,NYSE,,False,2026-10-04 09:08:42
SII,Sprott Inc. Common Shares,NYSE,,False,2026-10-04 09:08:42
SILA,"Sila Realty Trust, Inc. Common Stock",NYSE,,False,2026-10-04 09:08:42
SITC,SITE Centers Corp. Common Stock,NYSE,,False,2026-10-04 09:08:42
SITE,"SiteOne Landscape Supply, Inc. Common Stock",NYSE,,False,2026-10-04 09:08:42
SJM,The J.M. Smucker Company Common Stock,NYSE,,False,2026-10-04 09:08:42
SJT,San Juan Basin Royalty Trust Common Stock,NYSE,,False,2026-10-04 09:08:42
SKE,Skeena Resources Limited Common Shares,NYSE,,False,2026-10-04 09:08:42
SKIL,Skillsoft Corp. Class A Common Stock,NYSE,,False,2026-10-04 09:08:42
SKLZ,Skillz Inc. Class A Common Stock,NYSE,,False,2026-10-04 09:08:42
SKM,"SK Telecom Co., Ltd. Common Stock",NYSE,,False,2026-10-04 09:08:42
SKT,Tanger Inc. Common Stock,NYSE,,False,2026-10-04 09:08:42
SKY,"Champion Homes, Inc. Common Stock",NYSE,,False,2026-10-04 09:08:42
SKYH,Sky Harbour Group Corporation Class A Common Stock,NYSE,,False,2026-10-04 09:08:42
SLAI,SOLAI Limited American Depositary Shares (each representing one hundred (100) Class A Ordinary Shares),NYSE,,False,2026-10-04 09:08:42
SLB,SLB Limited Common Shares,NYSE,,False,2026-10-04 09:08:42
SLF,Sun Life Financial Inc. Common Stock,NYSE,,False,2026-10-04 09:08:42
SLG,SL Green Realty Corp Common Stock,NYSE,,False,2026-10-04 09:08:42
SLGN,Silgan Holdings Inc. Common Stock,NYSE,,False,2026-10-04 09:08:42
SLNZ,TCW Senior Loan ETF,NYSE,,False,2026-10-04 09:08:42
SLQT,"SelectQuote, Inc. Common Stock",NYSE,,False,2026-10-04 09:08:42
SLVM,Sylvamo Corporation Common Stock,NYSE,,False,2026-10-04 09:08:42
SM,SM Energy Company Common Stock,NYSE,,False,2026-10-04 09:08:42
SMA,"SmartStop Self Storage REIT, Inc. Common Stock",NYSE,,False,2026-10-04 09:08:42
SMBK,"SmartFinancial, Inc. Common Stock",NYSE,,False,2026-10-04 09:08:42
SMC,Summit Midstream Corporation Common Stock,NYSE,,False,2026-10-04 09:08:42
SMFG,Sumitomo Mitsui Financial Group Inc Unsponsored American Depositary Shares (Japan),NYSE,,False,2026-10-04 09:08:42
SMG,Scotts Miracle,NYSE,,False,2026-10-04 09:08:42
SMHI,SEACOR Marine Holdings Inc. Common Stock,NYSE,,False,2026-10-04 09:08:42
SMP,"Standard Motor Products, Inc. Common Stock",NYSE,,False,2026-10-04 09:08:42
SMR,NuScale Power Corporation Class A Common Stock,NYSE,,False,2026-10-04 09:08:42
SMRT,"SmartRent, Inc. Class A Common Stock",NYSE,,False,2026-10-04 09:08:42
SMWB,Similarweb Ltd. Ordinary Shares,NYSE,,False,2026-10-04 09:08:42
SN,"SharkNinja, Inc. Ordinary Shares",NYSE,,False,2026-10-04 09:08:42
SNA,Snap,NYSE,,False,2026-10-04 09:08:42
SNAP,Snap Inc. Class A Common Stock,NYSE,,False,2026-10-04 09:08:42
SNDA,"Sonida Senior Living, Inc. Common Stock",NYSE,,False,2026-10-04 09:08:42
SNDR,"Schneider National, Inc. Common Stock",NYSE,,False,2026-10-04 09:08:42
SNN,"Smith & Nephew SNATS, Inc. Common Stock",NYSE,,False,2026-10-04 09:08:42
SNOW,Snowflake Inc. Common Stock,NYSE,,False,2026-10-04 09:08:42
SNX,TD SYNNEX Corporation Common Stock,NYSE,,False,2026-10-04 09:08:42
SO,Southern Company (The) Common Stock,NYSE,,False,2026-10-04 09:08:42
SOBO,South Bow Corporation Common Shares,NYSE,,False,2026-10-04 09:08:42
SOC,Sable Offshore Corp. Common Stock,NYSE,,False,2026-10-04 09:08:42
SOLV,Solventum Corporation Common Stock,NYSE,,False,2026-10-04 09:08:42
SON,Sonoco Products Company Common Stock,NYSE,,False,2026-10-04 09:08:42
SONY,Sony Group Corporation American Depositary Shares,NYSE,,False,2026-10-04 09:08:42
SOR,"Source Capital, Inc. Cmn Shs of BI",NYSE,,False,2026-10-04 09:08:42
SOS,SOS Limited Class A Ordinary Shares,NYSE,,False,2026-10-04 09:08:42
SOUL,Soulpower Acquisition Corporation Class A Ordinary Shares,NYSE,,False,2026-10-04 09:08:42
SPB,"Spectrum Brands Holdings, Inc. Common Stock",NYSE,,False,2026-10-04 09:08:42
SPCE,"Virgin Galactic Holdings, Inc. Common Stock",NYSE,,False,2026-10-04 09:08:42
SPE,"Special Opportunities Fund, Inc Common Stock",NYSE,,False,2026-10-04 09:08:42
SPG,"Simon Property Group, Inc. Common Stock",NYSE,,False,2026-10-04 09:08:42
SPGI,S&P Global Inc. Common Stock,NYSE,,False,2026-10-04 09:08:42
SPH,"Suburban Propane Partners, L.P. Common Stock",NYSE,,False,2026-10-04 09:08:42
SPHR,Sphere Entertainment Co. Class A Common Stock,NYSE,,False,2026-10-04 09:08:42
SPIR,"Spire Global, Inc. Class A Common Stock",NYSE,,False,2026-10-04 09:08:42
SPMC,"Sound Point Meridian Capital, Inc. Common Stock",NYSE,,False,2026-10-04 09:08:42
SPNT,SiriusPoint Ltd. Common Shares,NYSE,,False,2026-10-04 09:08:42
SPOT,Spotify Technology S.A. Ordinary Shares,NYSE,,False,2026-10-04 09:08:42
SPRU,Spruce Power Holding Corporation Class A Common Stock,NYSE,,False,2026-10-04 09:08:42
SPXC,"SPX Technologies, Inc. Common Stock",NYSE,,False,2026-10-04 09:08:42
SPXX,Nuveen S&P 500 Dynamic Overwrite Fund,NYSE,,False,2026-10-04 09:08:42
SQM,Sociedad Quimica y Minera S.A. Common Stock,NYSE,,False,2026-10-04 09:08:42
SQNS,Sequans Communications S.A. American Depositary Shares (each representing one hundred (100) Ordinary Shares),NYSE,,False,2026-10-04 09:08:42
SR,Spire Inc. Common Stock,NYSE,,False,2026-10-04 09:08:42
SRE,DBA Sempra Common Stock,NYSE,,False,2026-10-04 09:08:42
SRFM,Surf Air Mobility Inc. Common Stock,NYSE,,False,2026-10-04 09:08:42
SRG,Seritage Growth Properties Class A Common Stock,NYSE,,False,2026-10-04 09:08:42
SRI,"Stoneridge, Inc. Common Stock",NYSE,,False,2026-10-04 09:08:42
SRL,Scully Royalty Ltd.,NYSE,,False,2026-10-04 09:08:42
SRV,NXG Cushing Midstream Energy Fund Common Shares of Beneficial Interest,NYSE,,False,2026-10-04 09:08:42
SSB,SouthState Bank Corporation Common Stock,NYSE,,False,2026-10-04 09:08:42
SSD,"Simpson Manufacturing Company, Inc. Common Stock",NYSE,,False,2026-10-04 09:08:42
SSL,Sasol Ltd. American Depositary Shares,NYSE,,False,2026-10-04 09:08:42
SST,"System1, Inc. Class A Common Stock",NYSE,,False,2026-10-04 09:08:42
SSTK,"Shutterstock, Inc. Common Stock",NYSE,,False,2026-10-04 09:08:42
ST,Sensata Technologies Holding plc Ordinary Shares,NYSE,,False,2026-10-04 09:08:42
STAG,"Stag Industrial, Inc. Common Stock",NYSE,,False,2026-10-04 09:08:42
STC,Stewart Information Services Corporation Common Stock,NYSE,,False,2026-10-04 09:08:42
STE,STERIS plc (Ireland) Ordinary Shares,NYSE,,False,2026-10-04 09:08:42
STEL,"Stellar Bancorp, Inc. Common Stock",NYSE,,False,2026-10-04 09:08:42
STEM,"Stem, Inc. Class A Common Stock",NYSE,,False,2026-10-04 09:08:42
STEW,"SRH Total Return Fund, Inc. Common Stock",NYSE,,False,2026-10-04 09:08:42
STG,"Sunlands Technology Group American Depositary Shares, representing Class A ordinary shares",NYSE,,False,2026-10-04 09:08:42
STK,Columbia Seligman Premium Technology Growth Fund Inc,NYSE,,False,2026-10-04 09:08:42
STLA,Stellantis N.V. Common Shares,NYSE,,False,2026-10-04 09:08:42
STM,STMicroelectronics N.V. Common Stock,NYSE,,False,2026-10-04 09:08:42
STN,Stantec Inc Common Stock,NYSE,,False,2026-10-04 09:08:42
STNG,Scorpio Tankers Inc. Common Shares,NYSE,,False,2026-10-04 09:08:42
STRV,Strive 500 ETF,NYSE,,False,2026-10-04 09:08:42
STT,State Street Corporation Common Stock,NYSE,,False,2026-10-04 09:08:42
STUB,"StubHub Holdings, Inc. Class A Common Stock",NYSE,,False,2026-10-04 09:08:42
STVN,Stevanato Group S.p.A. Ordinary Shares,NYSE,,False,2026-10-04 09:08:42
STWD,"STARWOOD PROPERTY TRUST, INC. Starwood Property Trust Inc.",NYSE,,False,2026-10-04 09:08:42
STXD,Strive 1000 Dividend Growth ETF,NYSE,,False,2026-10-04 09:08:42
STXE,Strive Emerging Markets Ex,NYSE,,False,2026-10-04 09:08:42
STXG,Strive 1000 Growth ETF,NYSE,,False,2026-10-04 09:08:42
STXK,Strive Small,NYSE,,False,2026-10-04 09:08:42
STXV,Strive 1000 Value ETF,NYSE,,False,2026-10-04 09:08:42
STZ,"Constellation Brands, Inc. Common Stock",NYSE,,False,2026-10-04 09:08:42
SU,Suncor Energy  Inc. Common Stock,NYSE,,False,2026-10-04 09:08:42
SUI,"Sun Communities, Inc. Common Stock",NYSE,,False,2026-10-04 09:08:42
SUNB,"Sunbelt Rentals Holdings, Inc. Common Stock",NYSE,,False,2026-10-04 09:08:42
SUPV,Grupo Supervielle S.A. American Depositary Shares each Representing five Class B shares,NYSE,,False,2026-10-04 09:08:42
SUZ,Suzano S.A. American Depositary Shares (each representing One Ordinary Share),NYSE,,False,2026-10-04 09:08:42
SVV,"Savers Value Village, Inc. Common Stock",NYSE,,False,2026-10-04 09:08:42
SW,Smurfit WestRock plc Ordinary Shares,NYSE,,False,2026-10-04 09:08:42
SWK,"Stanley Black & Decker, Inc. Common Stock",NYSE,,False,2026-10-04 09:08:42
SWX,"Southwest Gas Holdings, Inc. Common Stock (DE)",NYSE,,False,2026-10-04 09:08:42
SWZ,Total Return Securities Fund Common Stock,NYSE,,False,2026-10-04 09:08:42
SXC,"SunCoke Energy, Inc. Common Stock",NYSE,,False,2026-10-04 09:08:42
SXI,Standex International Corporation Common Stock,NYSE,,False,2026-10-04 09:08:42
SXT,Sensient Technologies Corporation Common Stock,NYSE,,False,2026-10-04 09:08:42
SYF,Synchrony Financial Common Stock,NYSE,,False,2026-10-04 09:08:42
SYK,Stryker Corporation Common Stock,NYSE,,False,2026-10-04 09:08:42
SYY,Sysco Corporation Common Stock,NYSE,,False,2026-10-04 09:08:42
T,AT&T Inc.,NYSE,,False,2026-10-04 09:08:42
TAC,TransAlta Corporation Ordinary Shares,NYSE,,False,2026-10-04 09:08:42
TAK,Takeda Pharmaceutical Company Limited American Depositary Shares (each representing 1/2 of a share of Common Stock),NYSE,,False,2026-10-04 09:08:42
TAL,TAL Education Group American Depositary Shares,NYSE,,False,2026-10-04 09:08:42
TALO,"Talos Energy, Inc. Common Stock",NYSE,,False,2026-10-04 09:08:42
TAP,Molson Coors Beverage Company Class B Common Stock,NYSE,,False,2026-10-04 09:08:42
TAP-A,Molson Coors Beverage Company Class A Common Stock,NYSE,,False,2026-10-04 09:08:42
TBBB,BBB Foods Inc. Class A Common Shares,NYSE,,False,2026-10-04 09:08:42
TBI,"TrueBlue, Inc. Common Stock",NYSE,,False,2026-10-04 09:08:42
TBLU,Tortoise Global Water ETF,NYSE,,False,2026-10-04 09:08:42
TBN,Tamboran Resources Corporation Common stock,NYSE,,False,2026-10-04 09:08:42
TCAI,Tortoise AI Infrastructure ETF,NYSE,,False,2026-10-04 09:08:42
TCBX,"Third Coast Bancshares, Inc. Common Stock",NYSE,,False,2026-10-04 09:08:42
TCI,"Transcontinental Realty Investors, Inc. Common Stock",NYSE,,False,2026-10-04 09:08:42
TD,Toronto Dominion Bank (The) Common Stock,NYSE,,False,2026-10-04 09:08:42
TDAY,"USA TODAY Co., Inc. Common Stock",NYSE,,False,2026-10-04 09:08:42
TDC,Teradata Corporation Common Stock,NYSE,,False,2026-10-04 09:08:42
TDF,"Templeton Dragon Fund, Inc. Common Stock",NYSE,,False,2026-10-04 09:08:42
TDG,Transdigm Group Incorporated Common Stock,NYSE,,False,2026-10-04 09:08:42
TDOC,"Teladoc Health, Inc. Common Stock",NYSE,,False,2026-10-04 09:08:42
TDS,"Telephone and Data Systems, Inc. Common Shares",NYSE,,False,2026-10-04 09:08:42
TDW,Tidewater Inc. Common Stock,NYSE,,False,2026-10-04 09:08:42
TDY,Teledyne Technologies Incorporated Common Stock,NYSE,,False,2026-10-04 09:08:42
TE,T1 Energy Inc. Common Stock,NYSE,,False,2026-10-04 09:08:42
TECK,Teck Resources Ltd Ordinary Shares,NYSE,,False,2026-10-04 09:08:42
TEI,"Templeton Emerging Markets Income Fund, Inc. Common Stock",NYSE,,False,2026-10-04 09:08:42
TEL,TE Connectivity plc Ordinary Shares,NYSE,,False,2026-10-04 09:08:42
TEN,Tsakos Energy Navigation Ltd Common Shares,NYSE,,False,2026-10-04 09:08:42
TEO,Telecom Argentina SA,NYSE,,False,2026-10-04 09:08:42
TEVA,Teva Pharmaceutical Industries Limited American Depositary Shares,NYSE,,False,2026-10-04 09:08:42
TEX,Terex Corporation Common Stock,NYSE,,False,2026-10-04 09:08:42
TFC,Truist Financial Corporation Common Stock,NYSE,,False,2026-10-04 09:08:42
TFII,TFI International Inc. Common Shares,NYSE,,False,2026-10-04 09:08:42
TFIN,"Triumph Financial, Inc. Common Stock",NYSE,,False,2026-10-04 09:08:42
TFPM,Triple Flag Precious Metals Corp. Common Shares,NYSE,,False,2026-10-04 09:08:42
TFX,Teleflex Incorporated Common Stock,NYSE,,False,2026-10-04 09:08:42
TG,Tredegar Corporation Common Stock,NYSE,,False,2026-10-04 09:08:42
TGE,The Generation Essentials Group Class A Ordinary Shares,NYSE,,False,2026-10-04 09:08:42
TGLS,Tecnoglass Inc. Ordinary Shares,NYSE,,False,2026-10-04 09:08:42
TGS,Transportadora de Gas del Sur SA TGS Common Stock,NYSE,,False,2026-10-04 09:08:42
TGT,Target Corporation Common Stock,NYSE,,False,2026-10-04 09:08:42
THC,Tenet Healthcare Corporation Common Stock,NYSE,,False,2026-10-04 09:08:42
THG,Hanover Insurance Group Inc,NYSE,,False,2026-10-04 09:08:42
THIR,THOR Index Rotation ETF,NYSE,,False,2026-10-04 09:08:42
THLV,THOR Equal Weight Low Volatility ETF,NYSE,,False,2026-10-04 09:08:42
THMR,THOR AdaptiveRisk Dynamic ETF,NYSE,,False,2026-10-04 09:08:42
THO,"Thor Industries, Inc. Common Stock",NYSE,,False,2026-10-04 09:08:42
THQ,abrdn Healthcare Opportunities Fund Shares of Beneficial Interest,NYSE,,False,2026-10-04 09:08:42
THR,"Thermon Group Holdings, Inc. Common Stock",NYSE,,False,2026-10-04 09:08:42
THW,abrdn World Healthcare Fund Shares of Beneficial Interest,NYSE,,False,2026-10-04 09:08:42
TIC,"TIC Solutions, Inc. Common Stock",NYSE,,False,2026-10-04 09:08:42
TIMB,TIM S.A. American Depositary Shares (Each representing 5 Common Shares),NYSE,,False,2026-10-04 09:08:42
TISI,"Team, Inc. Common Stock",NYSE,,False,2026-10-04 09:08:42
TJX,"TJX Companies, Inc. (The) Common Stock",NYSE,,False,2026-10-04 09:08:42
TK,Teekay Corporation Ltd. Common Stock,NYSE,,False,2026-10-04 09:08:42
TKC,Turkcell Iletisim Hizmetleri AS Common Stock,NYSE,,False,2026-10-04 09:08:42
TKO,"TKO Group Holdings, Inc. Class A Common Stock",NYSE,,False,2026-10-04 09:08:42
TKR,Timken Company (The) Common Stock,NYSE,,False,2026-10-04 09:08:42
TLK,"PT Telekomunikasi Indonesia, Tbk",NYSE,,False,2026-10-04 09:08:42
TLYS,"Tilly's, Inc. Common Stock",NYSE,,False,2026-10-04 09:08:42
TM,Toyota Motor Corporation Common Stock,NYSE,,False,2026-10-04 09:08:42
TME,"Tencent Music Entertainment Group American Depositary Shares, each representing two Class A Ordinary Shares",NYSE,,False,2026-10-04 09:08:42
TMHC,Taylor Morrison Home Corporation Common Stock,NYSE,,False,2026-10-04 09:08:42
TMO,Thermo Fisher Scientific Inc Common Stock,NYSE,,False,2026-10-04 09:08:42
TNC,Tennant Company Common Stock,NYSE,,False,2026-10-04 09:08:42
TNET,"TriNet Group, Inc. Common Stock",NYSE,,False,2026-10-04 09:08:42
TNGY,Tortoise Energy ETF,NYSE,,False,2026-10-04 09:08:42
TNK,Teekay Tankers Ltd.,NYSE,,False,2026-10-04 09:08:42
TNL,Travel   Leisure Co. Common  Stock,NYSE,,False,2026-10-04 09:08:42
TOL,"Toll Brothers, Inc. Common Stock",NYSE,,False,2026-10-04 09:08:42
TOST,"Toast, Inc. Class A Common Stock",NYSE,,False,2026-10-04 09:08:42
TPB,"Turning Point Brands, Inc. Common Stock",NYSE,,False,2026-10-04 09:08:42
TPC,Tutor Perini Corporation Common Stock,NYSE,,False,2026-10-04 09:08:42
TPH,"Tri Pointe Homes, Inc. Common Stock",NYSE,,False,2026-10-04 09:08:42
TPL,Texas Pacific Land Corporation Common Stock,NYSE,,False,2026-10-04 09:08:42
TPR,"Tapestry, Inc. Common Stock",NYSE,,False,2026-10-04 09:08:42
TPVG,TriplePoint Venture Growth BDC Corp. Common Stock,NYSE,,False,2026-10-04 09:08:42
TPYP,Tortoise North American Pipeline ETF,NYSE,,False,2026-10-04 09:08:42
TPZ,Tortoise Electrification Infrastructure ETF,NYSE,,False,2026-10-04 09:08:42
TR,"Tootsie Roll Industries, Inc. Common Stock",NYSE,,False,2026-10-04 09:08:42
TRAK,"ReposiTrak, Inc. Common Stock",NYSE,,False,2026-10-04 09:08:42
TRC,Tejon Ranch Co Common Stock,NYSE,,False,2026-10-04 09:08:42
TREX,"Trex Company, Inc. Common Stock",NYSE,,False,2026-10-04 09:08:42
TRGP,"Targa Resources, Inc. Common Stock",NYSE,,False,2026-10-04 09:08:42
TRN,"Trinity Industries, Inc. Common Stock",NYSE,,False,2026-10-04 09:08:42
TRNO,Terreno Realty Corporation Common Stock,NYSE,,False,2026-10-04 09:08:42
TROX,Tronox Holdings plc Ordinary Shares (UK),NYSE,,False,2026-10-04 09:08:42
TRP,TC Energy Corporation Common Stock,NYSE,,False,2026-10-04 09:08:42
TRTX,"TPG RE Finance Trust, Inc. Common Stock",NYSE,,False,2026-10-04 09:08:42
TRU,TransUnion Common Stock,NYSE,,False,2026-10-04 09:08:42
TRV,"The Travelers Companies, Inc. Common Stock",NYSE,,False,2026-10-04 09:08:42
TS,Tenaris S.A. American Depositary Shares,NYSE,,False,2026-10-04 09:08:42
TSI,"TCW Strategic Income Fund, Inc. Common Stock",NYSE,,False,2026-10-04 09:08:42
TSLX,"Sixth Street Specialty Lending, Inc. Common Stock",NYSE,,False,2026-10-04 09:08:42
TSM,Taiwan Semiconductor Manufacturing Company Ltd.,NYSE,,False,2026-10-04 09:08:42
TSN,"Tyson Foods, Inc. Common Stock",NYSE,,False,2026-10-04 09:08:42
TSQ,"Townsquare Media, Inc. Class A Common Stock",NYSE,,False,2026-10-04 09:08:42
TT,Trane Technologies plc,NYSE,,False,2026-10-04 09:08:42
TTAM,Titan America SA Common Shares,NYSE,,False,2026-10-04 09:08:42
TTC,Toro Company (The) Common Stock,NYSE,,False,2026-10-04 09:08:42
TTE,TotalEnergies SE Ordinary Shares,NYSE,,False,2026-10-04 09:08:42
TTI,"Tetra Technologies, Inc. Common Stock",NYSE,,False,2026-10-04 09:08:42
TU,Telus Corporation Ordinary Shares,NYSE,,False,2026-10-04 09:08:42
TUYA,"Tuya Inc. American Depositary Shares, each representing one Class A Ordinary Share",NYSE,,False,2026-10-04 09:08:42
TV,Grupo Televisa S.A.B. Common Stock,NYSE,,False,2026-10-04 09:08:42
TVC,Tennessee Valley Authority Common Stock,NYSE,,False,2026-10-04 09:08:42
TVE,Tennessee Valley Authority,NYSE,,False,2026-10-04 09:08:42
TWI,"Titan International, Inc. (DE) Common Stock",NYSE,,False,2026-10-04 09:08:42
TWLO,Twilio Inc. Class A Common Stock,NYSE,,False,2026-10-04 09:08:42
TWN,"Taiwan Fund, Inc. (The) Common Stock",NYSE,,False,2026-10-04 09:08:42
TWO,Two Harbors Investment Corp,NYSE,,False,2026-10-04 09:08:42
TX,"Ternium S.A. Ternium S.A. American Depositary Shares (each representing ten shares, USD1.00 par value)",NYSE,,False,2026-10-04 09:08:42
TXNM,"TXNM Energy, Inc. Common Stock",NYSE,,False,2026-10-04 09:08:42
TXT,Textron Inc. Common Stock,NYSE,,False,2026-10-04 09:08:42
TY,Tri Continental Corporation Common Stock,NYSE,,False,2026-10-04 09:08:42
TYG,Tortoise Energy Infrastructure Corporation Common Stock,NYSE,,False,2026-10-04 09:08:42
TYL,"Tyler Technologies, Inc. Common Stock",NYSE,,False,2026-10-04 09:08:42
U,Unity Software Inc. Common Stock,NYSE,,False,2026-10-04 09:08:42
UA,"Under Armour, Inc. Class C Common Stock",NYSE,,False,2026-10-04 09:08:42
UAA,"Under Armour, Inc. Class A Common Stock",NYSE,,False,2026-10-04 09:08:42
UAMY,United States Antimony Corporation Common Stock,NYSE,,False,2026-10-04 09:08:42
UBER,"Uber Technologies, Inc. Common Stock",NYSE,,False,2026-10-04 09:08:42
UBS,UBS Group AG Registered Ordinary Shares,NYSE,,False,2026-10-04 09:08:42
UCB,"United Community Banks, Inc. Common Stock",NYSE,,False,2026-10-04 09:08:42
UDR,"UDR, Inc. Common Stock",NYSE,,False,2026-10-04 09:08:42
UE,Urban Edge Properties Common Shares of Beneficial Interest,NYSE,,False,2026-10-04 09:08:42
UFI,"Unifi, Inc. New Common Stock",NYSE,,False,2026-10-04 09:08:42
UGI,UGI Corporation Common Stock,NYSE,,False,2026-10-04 09:08:42
UGP,Ultrapar Participacoes S.A. (New) American Depositary Shares (Each representing one Common Share),NYSE,,False,2026-10-04 09:08:42
UHAL,U,NYSE,,False,2026-10-04 09:08:42
UHAL-B,U,NYSE,,False,2026-10-04 09:08:42
UHS,"Universal Health Services, Inc. Common Stock",NYSE,,False,2026-10-04 09:08:42
UHT,Universal Health Realty Income Trust Common Stock,NYSE,,False,2026-10-04 09:08:42
UI,Ubiquiti Inc. Common Stock,NYSE,,False,2026-10-04 09:08:42
UIS,Unisys Corporation New Common Stock,NYSE,,False,2026-10-04 09:08:42
UL,Unilever PLC American Depositary Shares (each representing One Ordinary Share),NYSE,,False,2026-10-04 09:08:42
ULS,UL Solutions Inc. Class A Common Stock,NYSE,,False,2026-10-04 09:08:42
UMC,United Microelectronics Corporation (NEW) Common Stock,NYSE,,False,2026-10-04 09:08:42
UMH,"UMH Properties, Inc. Common Stock",NYSE,,False,2026-10-04 09:08:42
UNF,Unifirst Corporation Common Stock,NYSE,,False,2026-10-04 09:08:42
UNFI,"United Natural Foods, Inc. Common Stock",NYSE,,False,2026-10-04 09:08:42
UNH,UnitedHealth Group Incorporated Common Stock (DE),NYSE,,False,2026-10-04 09:08:42
UNM,Unum Group Common Stock,NYSE,,False,2026-10-04 09:08:42
UNP,Union Pacific Corporation Common Stock,NYSE,,False,2026-10-04 09:08:42
UP,Wheels Up Experience Inc. Class A Common Stock,NYSE,,False,2026-10-04 09:08:42
UPS,"United Parcel Service, Inc. Common Stock",NYSE,,False,2026-10-04 09:08:42
URI,"United Rentals, Inc. Common Stock",NYSE,,False,2026-10-04 09:08:42
USA,Liberty All,NYSE,,False,2026-10-04 09:08:42
USB,U.S. Bancorp Common Stock,NYSE,,False,2026-10-04 09:08:42
USFD,US Foods Holding Corp. Common Stock,NYSE,,False,2026-10-04 09:08:42
USNA,"USANA Health Sciences, Inc. Common Stock",NYSE,,False,2026-10-04 09:08:42
USPH,"U.S. Physical Therapy, Inc. Common Stock",NYSE,,False,2026-10-04 09:08:42
UTF,"Cohen & Steers Infrastructure Fund, Inc Common Stock",NYSE,,False,2026-10-04 09:08:42
UTI,Universal Technical Institute Inc Common Stock,NYSE,,False,2026-10-04 09:08:42
UTL,UNITIL Corporation Common Stock,NYSE,,False,2026-10-04 09:08:42
UTZ,Utz Brands Inc Class A Common Stock,NYSE,,False,2026-10-04 09:08:42
UVE,UNIVERSAL INSURANCE HOLDINGS INC Common Stock,NYSE,,False,2026-10-04 09:08:42
UVV,Universal Corporation Common Stock,NYSE,,False,2026-10-04 09:08:42
UWMC,UWM Holdings Corporation Class A Common Stock,NYSE,,False,2026-10-04 09:08:42
V,Visa Inc.,NYSE,,False,2026-10-04 09:08:42
VAC,Marriott Vacations Worldwide Corporation Common Stock,NYSE,,False,2026-10-04 09:08:42
VACI,Viking Acquisition Corp. I Class A Ordinary Shares,NYSE,,False,2026-10-04 09:08:42
VAL,Valaris Limited Common Shares,NYSE,,False,2026-10-04 09:08:42
VALE,VALE S.A.  American Depositary Shares Each Representing one common share,NYSE,,False,2026-10-04 09:08:42
VATE,INNOVATE Corp. Common Stock,NYSE,,False,2026-10-04 09:08:42
VCV,Invesco California Value Municipal Income Trust Common Stock,NYSE,,False,2026-10-04 09:08:42
VCX,"Fundrise Innovation Fund, LLC Common Shares of Limited Liability Company Interests",NYSE,,False,2026-10-04 09:08:42
VEEV,Veeva Systems Inc. Class A Common Stock,NYSE,,False,2026-10-04 09:08:42
VEL,"Velocity Financial, Inc. Common Stock",NYSE,,False,2026-10-04 09:08:42
VET,Vermilion Energy Inc. Common (Canada),NYSE,,False,2026-10-04 09:08:42
VFC,V.F. Corporation Common Stock,NYSE,,False,2026-10-04 09:08:42
VG,"Venture Global, Inc. Class A common stock",NYSE,,False,2026-10-04 09:08:42
VGI,Virtus Global Multi,NYSE,,False,2026-10-04 09:08:42
VGM,Invesco Trust for Investment Grade Municipals Common Stock (DE),NYSE,,False,2026-10-04 09:08:42
VGNT,Versigent PLC Ordinary Shares,NYSE,,False,2026-10-04 09:08:42
VHI,"Valhi, Inc. Common Stock",NYSE,,False,2026-10-04 09:08:42
VIA,"Via Transportation, Inc. Class A Common Stock",NYSE,,False,2026-10-04 09:08:42
VICI,VICI Properties Inc. Common Stock,NYSE,,False,2026-10-04 09:08:42
VIK,Viking Holdings Ltd Ordinary Shares,NYSE,,False,2026-10-04 09:08:42
VIPS,"Vipshop Holdings Limited American Depositary Shares, each representing two ordinary shares",NYSE,,False,2026-10-04 09:08:42
VIRT,"Virtu Financial, Inc. Class A Common Stock",NYSE,,False,2026-10-04 09:08:42
VIST,"Vista Energy S.A.B. de C.V. American Depositary Shares, each representing one series A share, with no par value",NYSE,,False,2026-10-04 09:08:42
VIV,Telefonica Brasil S.A. American Depositary Shares (Each representing One Common Share),NYSE,,False,2026-10-04 09:08:42
VKQ,Invesco Municipal Trust Common Stock,NYSE,,False,2026-10-04 09:08:42
VLN,Valens Semiconductor Ltd. Ordinary Shares,NYSE,,False,2026-10-04 09:08:42
VLO,Valero Energy Corporation Common Stock,NYSE,,False,2026-10-04 09:08:42
VLRS,"Controladora Vuela Compania de Aviacion, S.A.B. de C.V. American Depositary Shares, each representing ten (10) Ordinary Participation Certificates",NYSE,,False,2026-10-04 09:08:42
VLT,Invesco High Income Trust II,NYSE,,False,2026-10-04 09:08:42
VLTO,Veralto Corp Common Stock,NYSE,,False,2026-10-04 09:08:42
VMC,Vulcan Materials Company (Holding Company) Common Stock,NYSE,,False,2026-10-04 09:08:42
VMI,"Valmont Industries, Inc. Common Stock",NYSE,,False,2026-10-04 09:08:42
VMO,Invesco Municipal Opportunity Trust Common Stock,NYSE,,False,2026-10-04 09:08:42
VNO,Vornado Realty Trust Common Stock,NYSE,,False,2026-10-04 09:08:42
VNT,Vontier Corporation Common Stock,NYSE,,False,2026-10-04 09:08:42
VOYA,"Voya Financial, Inc. Common Stock",NYSE,,False,2026-10-04 09:08:42
VOYG,"Voyager Technologies, Inc. Class A Common Stock",NYSE,,False,2026-10-04 09:08:42
VPG,"Vishay Precision Group, Inc. Common Stock",NYSE,,False,2026-10-04 09:08:42
VPV,Invesco Pennsylvania Value Municipal Income Trust Common Stock (DE),NYSE,,False,2026-10-04 09:08:42
VRE,"Veris Residential, Inc. Common Stock",NYSE,,False,2026-10-04 09:08:42
VRT,"Vertiv Holdings, LLC Class A Common Stock",NYSE,,False,2026-10-04 09:08:42
VRTS,"Virtus Investment Partners, Inc. Common Stock",NYSE,,False,2026-10-04 09:08:42
VSCO,Victorias Secret & Co. Common Stock,NYSE,,False,2026-10-04 09:08:42
VSH,"Vishay Intertechnology, Inc. Common Stock",NYSE,,False,2026-10-04 09:08:42
VST,Vistra Corp. Common Stock,NYSE,,False,2026-10-04 09:08:42
VSTS,Vestis Corporation Common Stock,NYSE,,False,2026-10-04 09:08:42
VTEX,VTEX Class A Common Shares,NYSE,,False,2026-10-04 09:08:42
VTMX,"Corporacion Inmobiliaria Vesta, S.A.B de C.V. American Depositary Shares, each representing ten (10) Common Shares",NYSE,,False,2026-10-04 09:08:42
VTN,Invesco Trust for Investment Grade New York Municipals Common Stock,NYSE,,False,2026-10-04 09:08:42
VTOL,"Bristow Group, Inc. Common Stock",NYSE,,False,2026-10-04 09:08:42
VTR,"Ventas, Inc. Common Stock",NYSE,,False,2026-10-04 09:08:42
VTS,"Vitesse Energy, Inc. Common Stock",NYSE,,False,2026-10-04 09:08:42
VVR,Invesco Senior Income Trust Common Stock (DE),NYSE,,False,2026-10-04 09:08:42
VVV,Valvoline Inc. Common Stock,NYSE,,False,2026-10-04 09:08:42
VVX,"V2X, Inc. Common Stock",NYSE,,False,2026-10-04 09:08:42
VYX,NCR Voyix Corporation Common Stock,NYSE,,False,2026-10-04 09:08:42
VZ,Verizon Communications Inc. Common Stock,NYSE,,False,2026-10-04 09:08:42
W,Wayfair Inc. Class A Common Stock,NYSE,,False,2026-10-04 09:08:42
WAB,Westinghouse Air Brake Technologies Corporation Common Stock,NYSE,,False,2026-10-04 09:08:42
WAGN,Pabrai Wagons ETF,NYSE,,False,2026-10-04 09:08:42
WAL,Western Alliance Bancorporation Common Stock (DE),NYSE,,False,2026-10-04 09:08:42
WAT,Waters Corporation Common Stock,NYSE,,False,2026-10-04 09:08:42
WBI,WaterBridge Infrastructure LLC Class A Shares Representing Limited Liability Company Interests,NYSE,,False,2026-10-04 09:08:42
WBIY,WBI Power Factor High Dividend ETF,NYSE,,False,2026-10-04 09:08:42
WBS,Webster Financial Corporation Common Stock,NYSE,,False,2026-10-04 09:08:42
WBX,Wallbox N.V. Class A Ordinary Shares,NYSE,,False,2026-10-04 09:08:42
WCC,"WESCO International, Inc. Common Stock",NYSE,,False,2026-10-04 09:08:42
WCN,"Waste Connections, Inc. Common Shares",NYSE,,False,2026-10-04 09:08:42
WD,"Walker & Dunlop, Inc Common Stock",NYSE,,False,2026-10-04 09:08:42
WDI,Western Asset Diversified Income Fund Common Shares of Beneficial Interest,NYSE,,False,2026-10-04 09:08:42
WDS,"Woodside Energy Group Limited American Depositary Shares, each representing one Ordinary Share",NYSE,,False,2026-10-04 09:08:42
WEAV,"Weave Communications, Inc. Common Stock",NYSE,,False,2026-10-04 09:08:42
WEC,"WEC Energy Group, Inc. Common Stock",NYSE,,False,2026-10-04 09:08:42
WELL,Welltower Inc. Common Stock,NYSE,,False,2026-10-04 09:08:42
WEX,WEX Inc. common stock,NYSE,,False,2026-10-04 09:08:42
WF,Woori Financial Group Inc. American Depositary Shares (each representing three (3) shares of Common Stock),NYSE,,False,2026-10-04 09:08:42
WFC,Wells Fargo & Company Common Stock,NYSE,,False,2026-10-04 09:08:42
WFG,West Fraser Timber Co. Ltd Common stock,NYSE,,False,2026-10-04 09:08:42
WGO,"Winnebago Industries, Inc. Common Stock",NYSE,,False,2026-10-04 09:08:42
WH,"Wyndham Hotels & Resorts, Inc. Common Stock",NYSE,,False,2026-10-04 09:08:42
WHD,"Cactus, Inc. Class A Common Stock",NYSE,,False,2026-10-04 09:08:42
WHG,Westwood Holdings Group Inc Common Stock,NYSE,,False,2026-10-04 09:08:42
WHR,Whirlpool Corporation Common Stock,NYSE,,False,2026-10-04 09:08:42
WIA,Western Asset Inflation,NYSE,,False,2026-10-04 09:08:42
WINN,Harbor Long,NYSE,,False,2026-10-04 09:08:42
WIT,Wipro Limited Common Stock,NYSE,,False,2026-10-04 09:08:42
WIW,Western Asset Inflation,NYSE,,False,2026-10-04 09:08:42
WK,Workiva Inc. Class A Common Stock,NYSE,,False,2026-10-04 09:08:42
WKC,World Kinect Corporation Common Stock,NYSE,,False,2026-10-04 09:08:42
WLK,Westlake Corporation Common Stock,NYSE,,False,2026-10-04 09:08:42
WLTG,WealthTrust DBS Long Term Growth ETF,NYSE,,False,2026-10-04 09:08:42
WLY,"John Wiley & Sons, Inc. Common Stock",NYSE,,False,2026-10-04 09:08:42
WLYB,"John Wiley & Sons, Inc. Common Stock",NYSE,,False,2026-10-04 09:08:42
WM,"Waste Management, Inc. Common Stock",NYSE,,False,2026-10-04 09:08:42
WMB,"Williams Companies, Inc. (The) Common Stock",NYSE,,False,2026-10-04 09:08:42
WMK,"Weis Markets, Inc. Common Stock",NYSE,,False,2026-10-04 09:08:42
WMS,"Advanced Drainage Systems, Inc. Common Stock",NYSE,,False,2026-10-04 09:08:42
WNC,Wabash National Corporation Common Stock,NYSE,,False,2026-10-04 09:08:42
WOLF,"Wolfspeed, Inc. Common Stock New",NYSE,,False,2026-10-04 09:08:42
WOR,"Worthington Enterprises, Inc. Common Shares",NYSE,,False,2026-10-04 09:08:42
WPAC,White Pearl Acquisition Corp. Class A Ordinary Shares,NYSE,,False,2026-10-04 09:08:42
WPC,W. P. Carey Inc. REIT,NYSE,,False,2026-10-04 09:08:42
WPM,Wheaton Precious Metals Corp Common Shares (Canada),NYSE,,False,2026-10-04 09:08:42
WPP,WPP plc American Depositary Shares,NYSE,,False,2026-10-04 09:08:42
WRB,W.R. Berkley Corporation Common Stock,NYSE,,False,2026-10-04 09:08:42
WRBY,Warby Parker Inc. Class A Common Stock,NYSE,,False,2026-10-04 09:08:42
WS,"Worthington Steel, Inc. Common Shares",NYSE,,False,2026-10-04 09:08:42
WSM,Williams,NYSE,,False,2026-10-04 09:08:42
WSO,"Watsco, Inc. Common Stock",NYSE,,False,2026-10-04 09:08:42
WSO-B,"Watsco, Inc. Class B Common Stock",NYSE,,False,2026-10-04 09:08:42
WSR,Whitestone REIT Common Shares,NYSE,,False,2026-10-04 09:08:42
WST,"West Pharmaceutical Services, Inc. Common Stock",NYSE,,False,2026-10-04 09:08:42
WT,"WisdomTree, Inc. Common Stock",NYSE,,False,2026-10-04 09:08:42
WTI,"W&T Offshore, Inc. Common Stock",NYSE,,False,2026-10-04 09:08:42
WTM,"White Mountains Insurance Group, Ltd. Common Stock",NYSE,,False,2026-10-04 09:08:42
WTRG,"Essential Utilities, Inc. Common Stock",NYSE,,False,2026-10-04 09:08:42
WTS,"Watts Water Technologies, Inc. Class A Common Stock",NYSE,,False,2026-10-04 09:08:42
WTTR,"Select Water Solutions, Inc. Class A common stock",NYSE,,False,2026-10-04 09:08:42
WU,Western Union Company (The) Common Stock,NYSE,,False,2026-10-04 09:08:42
WWW,"Wolverine World Wide, Inc. Common Stock",NYSE,,False,2026-10-04 09:08:42
WY,Weyerhaeuser Company Common Stock,NYSE,,False,2026-10-04 09:08:42
XFLH,XFLH Capital Corporation Ordinary Shares,NYSE,,False,2026-10-04 09:08:42
XFLT,XAI Octagon Floating Rate & Alternative Income Trust Common Shares of Beneficial Interest,NYSE,,False,2026-10-04 09:08:42
XHR,"Xenia Hotels & Resorts, Inc. Common Stock",NYSE,,False,2026-10-04 09:08:42
XOM,Exxon Mobil Corporation Common Stock,NYSE,,False,2026-10-04 09:08:42
XPER,Xperi Inc. Common Stock,NYSE,,False,2026-10-04 09:08:42
XPEV,"XPeng Inc. American depositary shares, each representing two Class A ordinary shares",NYSE,,False,2026-10-04 09:08:42
XPO,"XPO, Inc. Common Stock",NYSE,,False,2026-10-04 09:08:42
XPOF,"Xponential Fitness, Inc. Class A Common Stock",NYSE,,False,2026-10-04 09:08:42
XPRO,Expro Group Holdings N.V. Common Stock,NYSE,,False,2026-10-04 09:08:42
XRN,Chiron Real Estate Inc. Common Stock,NYSE,,False,2026-10-04 09:08:42
XXI,"Twenty One Capital, Inc. Class A Common Stock",NYSE,,False,2026-10-04 09:08:42
XYF,"X Financial American Depositary Shares, each representing six Class A Ordinary Shares",NYSE,,False,2026-10-04 09:08:42
XYL,Xylem Inc. Common Stock New,NYSE,,False,2026-10-04 09:08:42
XYZ,"Block, Inc. Class A Common Stock,",NYSE,,False,2026-10-04 09:08:42
XZO,"Exzeo Group, Inc. Common Stock",NYSE,,False,2026-10-04 09:08:42
YALA,"Yalla Group Limited American Depositary Shares, each representing one Class A Ordinary Share",NYSE,,False,2026-10-04 09:08:42
YCY,AA Mission Acquisition Corp. II Class A Ordinary Shares,NYSE,,False,2026-10-04 09:08:42
YELP,Yelp Inc. Common Stock,NYSE,,False,2026-10-04 09:08:42
YETI,"YETI Holdings, Inc. Common Stock",NYSE,,False,2026-10-04 09:08:42
YEXT,"Yext, Inc. Common Stock",NYSE,,False,2026-10-04 09:08:42
YMM,Full Truck Alliance Co. Ltd. American Depositary Shares (each representing 20 Class A Ordinary Shares),NYSE,,False,2026-10-04 09:08:42
YOU,"Clear Secure, Inc. Class A Common Stock",NYSE,,False,2026-10-04 09:08:42
YPF,YPF Sociedad Anonima Common Stock,NYSE,,False,2026-10-04 09:08:42
YRD,"Yiren Digital Ltd. American Depositary Shares, each representing two ordinary shares",NYSE,,False,2026-10-04 09:08:42
YSG,"Yatsen Holding Limited American Depositary Shares, each representing twenty (20) Class A Ordinary Shares",NYSE,,False,2026-10-04 09:08:42
YSS,York Space Systems Inc. Common Stock,NYSE,,False,2026-10-04 09:08:42
YUM,"Yum! Brands, Inc.",NYSE,,False,2026-10-04 09:08:42
YUMC,"Yum China Holdings, Inc. Common Stock",NYSE,,False,2026-10-04 09:08:42
ZBH,"Zimmer Biomet Holdings, Inc. Common Stock",NYSE,,False,2026-10-04 09:08:42
ZEPP,"Zepp Health Corporation American depositary shares, each representing sixteen Class A ordinary shares",NYSE,,False,2026-10-04 09:08:42
ZETA,Zeta Global Holdings Corp. Class A Common Stock,NYSE,,False,2026-10-04 09:08:42
ZGN,Ermenegildo Zegna N.V. Ordinary Shares,NYSE,,False,2026-10-04 09:08:42
ZH,"Zhihu Inc. American Depositary Shares, each representing three (3) Class A Ordinary Shares",NYSE,,False,2026-10-04 09:08:42
ZIM,ZIM Integrated Shipping Services Ltd. Ordinary Shares,NYSE,,False,2026-10-04 09:08:42
ZIP,"ZipRecruiter, Inc. Class A Common Stock",NYSE,,False,2026-10-04 09:08:42
ZKH,"ZKH Group Limited American Depositary Shares, each representing thirty",NYSE,,False,2026-10-04 09:08:42
ZTO,"ZTO Express (Cayman) Inc. American Depositary Shares, each representing one Class A ordinary share.",NYSE,,False,2026-10-04 09:08:42
ZTR,Virtus Total Return Fund Inc.,NYSE,,False,2026-10-04 09:08:42
ZTS,Zoetis Inc. Class A Common Stock,NYSE,,False,2026-10-04 09:08:42
ZVIA,Zevia PBC Class A Common Stock,NYSE,,False,2026-10-04 09:08:42
ZWS,Zurn Elkay Water Solutions Corporation Common Stock,NYSE,,False,2026-10-04 09:08:42
AB,AllianceBernstein Holding L.P.  Units,N,,False,2026-10-04 09:08:42
ABXL,"Abacus Global Management, Inc. 9.875% Fixed Rate Senior Notes due 2028",N,,False,2026-10-04 09:08:42
ACCS,ACCESS Newswire Inc. Common Stock,A,,False,2026-10-04 09:08:42
ACU,Acme United Corporation. Common Stock,A,,False,2026-10-04 09:08:42
AEF,abrdn Emerging Markets ex,A,,False,2026-10-04 09:08:42
AEON,"AEON Biopharma, Inc. Class A Common Stock",A,,False,2026-10-04 09:08:42
AGIG,Abundia Global Impact Group Inc. Common stock,A,,False,2026-10-04 09:08:42
AIB,"BlockchAIn Digital Infrastructure, Inc Common Shares",A,,False,2026-10-04 09:08:42
AIM,AIM ImmunoTech Inc. Common Stock,A,,False,2026-10-04 09:08:42
AIRI,Air Industries Group Common Stock,A,,False,2026-10-04 09:08:42
AIZN,"Assurant, Inc. 5.25% Subordinated Notes due 2061",N,,False,2026-10-04 09:08:42
AMBO,Ambow Education Holding Ltd. American Depository Shares (each representing twenty (20) Class A Ordinary Shares),A,,False,2026-10-04 09:08:42
AMUB,"ETRACS Alerian MLP Index ETN Series B due July 18, 2042",P,,False,2026-10-04 09:08:42
AMX,"America Movil, S.A.B. de C.V. American Depositary Shares (each representing the right to receive twenty (20) Series B Shares",N,,False,2026-10-04 09:08:42
AMZE,"Amaze Holdings, Inc. Common Stock",A,,False,2026-10-04 09:08:42
AOMD,"Angel Oak Mortgage REIT, Inc. 9.750% Senior Notes due 2030",N,,False,2026-10-04 09:08:42
AOMN,"Angel Oak Mortgage REIT, Inc. 9.500% Senior Notes due 2029",N,,False,2026-10-04 09:08:42
APT,"Alpha Pro Tech, Ltd. Common Stock",A,,False,2026-10-04 09:08:42
APUS,"Apimeds Pharmaceuticals US, Inc. Common Stock",A,,False,2026-10-04 09:08:42
AREN,"The Arena Group Holdings, Inc. Common Stock",A,,False,2026-10-04 09:08:42
ASM,Avino Silver & Gold Mines Ltd. Common Shares (Canada),A,,False,2026-10-04 09:08:42
ATCH,"AtlasClear Holdings, Inc. Common Stock",A,,False,2026-10-04 09:08:42
ATNM,"Actinium Pharmaceuticals, Inc. (Delaware) Common Stock",A,,False,2026-10-04 09:08:42
AUST,Austin Gold Corp. Common Shares,A,,False,2026-10-04 09:08:42
AWX,Avalon Holdings Corporation Common Stock,A,,False,2026-10-04 09:08:42
AXIL,"AXIL Brands, Inc. Common Stock",A,,False,2026-10-04 09:08:42
AZTR,Azitra Inc Common Stock,A,,False,2026-10-04 09:08:42
BAR,GraniteShares Gold Trust Shares of Beneficial Interest,P,,False,2026-10-04 09:08:42
BATL,Battalion Oil Corporation Common Stock,A,,False,2026-10-04 09:08:42
BBN,BlackRock Taxable Municipal Bond Trust Common Shares of Beneficial Interest,N,,False,2026-10-04 09:08:42
BCHT,Birchtech Corp. Common Stock,A,,False,2026-10-04 09:08:42
BCV,"Bancroft Fund, Ltd.",A,,False,2026-10-04 09:08:42
BDCZ,"ETRACS MarketVector Business Development Companies Liquid Index ETN due April 26, 2041",P,,False,2026-10-04 09:08:42
BDL,"Flanigan's Enterprises, Inc. Common Stock",A,,False,2026-10-04 09:08:42
BEP,Brookfield Renewable Partners L.P. Limited Partnership Units,N,,False,2026-10-04 09:08:42
BEPH,Brookfield BRP Holdings (Canada) Inc. 4.625% Perpetual Subordinated Notes,N,,False,2026-10-04 09:08:42
BEPI,Brookfield BRP Holdings (Canada) Inc. 4.875% Perpetual Subordinated Notes,N,,False,2026-10-04 09:08:42
BEPJ,Brookfield BRP Holdings (Canada) Inc. 7.250% Perpetual Subordinated Notes,N,,False,2026-10-04 09:08:42
BGI,Birks Group Inc. Common Stock,A,,False,2026-10-04 09:08:42
BHB,"Bar Harbor Bankshares, Inc. Common Stock",A,,False,2026-10-04 09:08:42
BHK,Blackrock Core Bond Trust,N,,False,2026-10-04 09:08:42
BHM,"Bluerock Homes Trust, Inc. Class A Common Stock",A,,False,2026-10-04 09:08:42
BHV,BlackRock Virginia Municipal Bond Trust,N,,False,2026-10-04 09:08:42
BIP,Brookfield Infrastructure Partners LP Limited Partnership Units,N,,False,2026-10-04 09:08:42
BIPH,Brookfield Infrastructure Corporation 5.000% Subordinated Notes due 2081,N,,False,2026-10-04 09:08:42
BIPJ,Brookfield Infrastructure Corporation 7.250% Subordinated Notes due 2084,N,,False,2026-10-04 09:08:42
BKTI,BK Technologies Corporation Common Stock,A,,False,2026-10-04 09:08:42
BNH,"Brookfield Finance Inc. 4.625% Subordinated Notes due October 16, 2080",N,,False,2026-10-04 09:08:42
BNJ,Brookfield Finance Inc. 4.50% Perpetual Subordinated Notes,N,,False,2026-10-04 09:08:42
BQ,Boqii Holding Limited Class A Ordinary Shares,A,,False,2026-10-04 09:08:42
BRIA,BrilliA Inc Class A Ordinary Shares,A,,False,2026-10-04 09:08:42
BSBR,"Banco Santander Brasil SA American Depositary Shares, each representing one unit",N,,False,2026-10-04 09:08:42
BURU,"Nuburu, Inc. Common Stock",A,,False,2026-10-04 09:08:42
BWNB,"Babcock & Wilcox Enterprises, Inc. 6.50% Senior Notes due 2026",N,,False,2026-10-04 09:08:42
CANF,Can,A,,False,2026-10-04 09:08:42
CAPL,CrossAmerica Partners LP Common Units representing limited partner interests,N,,False,2026-10-04 09:08:42
CATX,"Perspective Therapeutics, Inc. Common Stock",A,,False,2026-10-04 09:08:42
CCID,Carlyle Credit Income Fund 7.375% Series D Term Preferred Shares due 2028,N,,False,2026-10-04 09:08:42
CET,Central Securities Corporation Common Stock,A,,False,2026-10-04 09:08:42
CEV,Eaton Vance California Municipal Income Trust Shares of Beneficial Interest,A,,False,2026-10-04 09:08:42
CHOW,ChowChow Cloud International Holdings Limited Ordinary Shares,A,,False,2026-10-04 09:08:42
CIB,Grupo Cibest S.A. American Depositary Shares each representing four Preferred Shares,N,,False,2026-10-04 09:08:42
CICB,CION Investment Corporation 7.50% Notes due 2029,N,,False,2026-10-04 09:08:42
CICC,CION Investment Corporation 7.50% Notes due 2031,N,,False,2026-10-04 09:08:42
CIK,"Credit Suisse Asset Management Income Fund, Inc. Common Stock",A,,False,2026-10-04 09:08:42
CIMO,Chimera Investment Corporation 9.250% Senior Notes due 2029,N,,False,2026-10-04 09:08:42
CIMP,Chimera Investment Corporation 8.875% Senior Notes due 2030,N,,False,2026-10-04 09:08:42
CITR,CitroTech Inc. Common Stock,A,,False,2026-10-04 09:08:42
CLDI,"Calidi Biotherapeutics, Inc. Common Stock",A,,False,2026-10-04 09:08:42
CLM,"Cornerstone Strategic Investment Fund, Inc. Common Shares",A,,False,2026-10-04 09:08:42
CMSA,CMS Energy Corporation 5.625% Junior Subordinated Notes due 2078,N,,False,2026-10-04 09:08:42
CMSC,CMS Energy Corporation 5.875% Junior Subordinated Notes due 2078,N,,False,2026-10-04 09:08:42
CMSD,CMS Energy Corporation 5.875% Junior Subordinated Notes due 2079,N,,False,2026-10-04 09:08:42
CMT,Core Molding Technologies Inc Common Stock,A,,False,2026-10-04 09:08:42
CNL,Collective Mining Ltd. Common Shares,A,,False,2026-10-04 09:08:42
COE,"51Talk Online Education Group American depositary shares, each representing 60 Class A ordinary shares",A,,False,2026-10-04 09:08:42
COHN,Cohen & Company Inc.,A,,False,2026-10-04 09:08:42
CPHI,"China Pharma Holdings, Inc. Common Stock",A,,False,2026-10-04 09:08:42
CQP,"Cheniere Energy Partners, LP Common Units",N,,False,2026-10-04 09:08:42
CRBD,Corebridge Financial Inc. 6.375% Junior Subordinated Notes due 2064,N,,False,2026-10-04 09:08:42
CRF,"Cornerstone Total Return Fund, Inc. (The) Common Stock",A,,False,2026-10-04 09:08:42
CTBB,Qwest Corporation 6.5% Notes due 2056,N,,False,2026-10-04 09:08:42
CTGO,Contango Silver & Gold Inc. Common Stock,A,,False,2026-10-04 09:08:42
CTM,"Castellum, Inc. Common Stock",A,,False,2026-10-04 09:08:42
CUBB,"Customers Bancorp, Inc 5.375% Subordinated Notes Due 2034",N,,False,2026-10-04 09:08:42
CVM,Cel,A,,False,2026-10-04 09:08:42
CVU,"CPI Aerostructures, Inc. Common Stock",A,,False,2026-10-04 09:08:42
DDC,DDC Enterprise Limited Class A Ordinary Shares,A,,False,2026-10-04 09:08:42
DFP,Flaherty & Crumrine Dynamic Preferred and Income Fund Inc. Common Stock,N,,False,2026-10-04 09:08:42
DGZ,"DB Gold Short ETN due February 15, 2038",P,,False,2026-10-04 09:08:42
DHY,Credit Suisse High Yield Credit Fund Common Stock,A,,False,2026-10-04 09:08:42
DIT,AMCON Distributing Company Common Stock,A,,False,2026-10-04 09:08:42
DJP,iPath Bloomberg Commodity Index Total Return ETN,P,,False,2026-10-04 09:08:42
DKL,"Delek Logistics Partners, L.P. Common Units representing Limited Partner Interests",N,,False,2026-10-04 09:08:42
DLNG,Dynagas LNG Partners LP Common Units,N,,False,2026-10-04 09:08:42
DMB,"BNY Mellon Municipal Bond Infrastructure Fund, Inc. Common Stock",N,,False,2026-10-04 09:08:42
DNN,Denison Mines Corp Ordinary Shares (Canada),A,,False,2026-10-04 09:08:42
DSM,"BNY Mellon Strategic Municipal Bond Fund, Inc. Common Stock",N,,False,2026-10-04 09:08:42
DSS,"DSS, Inc. Common Stock",A,,False,2026-10-04 09:08:42
DXF,Eason Technology Limited American Depositary Shares (each representing sixty,A,,False,2026-10-04 09:08:42
DZZ,"DB Gold Double Short ETN due February 15, 2038",P,,False,2026-10-04 09:08:42
EAD,Allspring Income Opportunities Fund Common Shares,A,,False,2026-10-04 09:08:42
EAI,"Entergy Arkansas, LLC First Mortgage Bonds, 4.875% Series Due September 1, 2066",N,,False,2026-10-04 09:08:42
ECCC,Eagle Point Credit Company Inc. 6.50% Series C Term Preferred Stock due 2031,N,,False,2026-10-04 09:08:42
ECCU,Eagle Point Credit Company Inc. 7.75% Notes due 2030,N,,False,2026-10-04 09:08:42
ECCV,Eagle Point Credit Company Inc. 5.375% Notes due 2029,N,,False,2026-10-04 09:08:42
ECCW,Eagle Point Credit Company Inc. 6.75% Notes due 2031,N,,False,2026-10-04 09:08:42
ECCX,Eagle Point Credit Company Inc. 6.6875% Notes due 2028,N,,False,2026-10-04 09:08:42
ECF,Ellsworth Growth and Income Fund Ltd.,A,,False,2026-10-04 09:08:42
EGG,Enigmatig Limited Class A Ordinary Shares,A,,False,2026-10-04 09:08:42
EICA,Eagle Point Income Company Inc. 5.00% Series A Term Preferred Stock due 2026,N,,False,2026-10-04 09:08:42
EIIA,Eagle Point Institutional Income Fund 8.125% Series A Term Preferred Shares Due 2029,N,,False,2026-10-04 09:08:42
EIM,"Eaton Vance Municipal Bond Fund Common Shares of Beneficial Interest, $.01 par value",A,,False,2026-10-04 09:08:42
ELC,"Entergy Louisiana, Inc. Collateral Trust Mortgage Bonds, 4.875 % Series due September 1, 2066",N,,False,2026-10-04 09:08:42
ELLA,Ellington Credit Company 8.50% Notes due 2031,N,,False,2026-10-04 09:08:42
EMP,"Entergy Mississippi, LLC First Mortgage Bonds, 4.90% Series Due October 1, 2066",N,,False,2026-10-04 09:08:42
ENJ,"Entergy New Orleans, LLC First Mortgage Bonds, 5.0% Series due December 1, 2052",N,,False,2026-10-04 09:08:42
ENO,"Entergy New Orleans, LLC First Mortgage Bonds, 5.50% Series due April 1, 2066",N,,False,2026-10-04 09:08:42
EONR,EON Resources Inc. Class A Common Stock,A,,False,2026-10-04 09:08:42
EP,Empire Petroleum Corporation Common Stock,A,,False,2026-10-04 09:08:42
EPM,"Evolution Petroleum Corporation, Inc. Common Stock",A,,False,2026-10-04 09:08:42
EQX,Equinox Gold Corp. Common Shares,A,,False,2026-10-04 09:08:42
ERC,Allspring Multi,A,,False,2026-10-04 09:08:42
ERH,Allspring Utilities and High Income Fund Common Shares,A,,False,2026-10-04 09:08:42
ESBA,"Empire State Realty OP, L.P. Series ES Operating Partnership Units Representing Limited Partnership Interests",P,,False,2026-10-04 09:08:42
ESP,Espey Mfg. & Electronics Corp. Common Stock,A,,False,2026-10-04 09:08:42
ET,Energy Transfer LP Common Units,N,,False,2026-10-04 09:08:42
EVI,"EVI Industries, Inc.  Common Stock",A,,False,2026-10-04 09:08:42
EVV,Eaton Vance Limited Duration Income Fund Common Shares of Beneficial Interest,A,,False,2026-10-04 09:08:42
EXOD,"Exodus Movement, Inc. Class A Common Stock",A,,False,2026-10-04 09:08:42
FCO,"abrdn Global Income Fund, Inc. Common Stock",A,,False,2026-10-04 09:08:42
FCRX,"Crescent Capital BDC, Inc. 5.00% Notes due 2026",N,,False,2026-10-04 09:08:42
FFC,Flaherty & Crumrine Preferred and Income Securities Fund Incorporated,N,,False,2026-10-04 09:08:42
FGN,"F&G Annuities & Life, Inc. 7.950% Senior Notes due 2053",N,,False,2026-10-04 09:08:42
FGSN,"F&G Annuities & Life, Inc. 7.300% Junior Subordinated Notes due 2065",N,,False,2026-10-04 09:08:42
FJET,"Starfighters Space, Inc. Common Stock",A,,False,2026-10-04 09:08:42
FPF,First Trust Intermediate Duration Preferred & Income Fund Common Shares of Beneficial Interest,N,,False,2026-10-04 09:08:42
FSI,Flexible Solutions International Inc. Common Stock (CDA),A,,False,2026-10-04 09:08:42
FSP,Franklin Street Properties Corp. Common Stock,A,,False,2026-10-04 09:08:42
FTF,Franklin Limited Duration Income Trust Common Shares of Beneficial Interest,A,,False,2026-10-04 09:08:42
FURY,Fury Gold Mines Limited Common Shares,A,,False,2026-10-04 09:08:42
GAU,Galiano Gold Inc.,A,,False,2026-10-04 09:08:42
GBR,"New Concept Energy, Inc Common Stock",A,,False,2026-10-04 09:08:42
GEL,"Genesis Energy, L.P. Common Units",N,,False,2026-10-04 09:08:42
GENC,"Gencor Industries, Inc. Common Stock",A,,False,2026-10-04 09:08:42
GGN,"GAMCO Global Gold, Natural Resources & Income Trust",A,,False,2026-10-04 09:08:42
GLDG,GoldMining Inc. Common Shares,A,,False,2026-10-04 09:08:42
GLO,Clough Global Opportunities Fund Common Stock,A,,False,2026-10-04 09:08:42
GLP,Global Partners LP Common Units representing Limited Partner Interests,N,,False,2026-10-04 09:08:42
GLQ,Clough Global Equity Fund Clough Global Equity Fund Common Shares of Beneficial Interest,A,,False,2026-10-04 09:08:42
GLU,Gabelli Global Utility Common Shares of Beneficial Ownership,A,,False,2026-10-04 09:08:42
GNS,Genius Group Limited Ordinary Shares,A,,False,2026-10-04 09:08:42
GORO,Gold Resource Corporation Common Stock,A,,False,2026-10-04 09:08:42
GPJA,"Georgia Power Company Series 2017A 5.00% Junior Subordinated Notes due October 1, 2077",N,,False,2026-10-04 09:08:42
GPUS,"Hyperscale Data, Inc. Common Stock",A,,False,2026-10-04 09:08:42
GRAF,Graf Global Corp. Class A ordinary shares,A,,False,2026-10-04 09:08:42
GRF,"Eagle Capital Growth Fund, Inc. Common Stock",A,,False,2026-10-04 09:08:42
GRN,iPath Series B Carbon Exchange,P,,False,2026-10-04 09:08:42
GRO,Brazil Potash Corp. Common Shares,A,,False,2026-10-04 09:08:42
GROY,Gold Royalty Corp. Common Shares,A,,False,2026-10-04 09:08:42
GTE,Gran Tierra Energy Inc. Common Stock,A,,False,2026-10-04 09:08:42
HCWC,Healthy Choice Wellness Corp. Class A Common Stock,A,,False,2026-10-04 09:08:42
HCXY,"Hercules Capital, Inc. 6.25% Notes due 2033",N,,False,2026-10-04 09:08:42
HPI,John Hancock Preferred Income Fund Common Shares of Beneficial Interest,N,,False,2026-10-04 09:08:42
HPS,John Hancock Preferred Income Fund III Preferred Income Fund III,N,,False,2026-10-04 09:08:42
HSLV,Highlander Silver Corp. Common Shares,A,,False,2026-10-04 09:08:42
HTFC,Horizon Technology Finance Corporation 6.25% Notes due 2027,N,,False,2026-10-04 09:08:42
HYLN,Hyliion Holdings Corp. Class A Common Stock,A,,False,2026-10-04 09:08:42
IAF,"abrdn Australia Equity Fund, Inc. Common Stock",A,,False,2026-10-04 09:08:42
IAUX,i,A,,False,2026-10-04 09:08:42
IBO,"Impact BioMedical, Inc. Common Stock",A,,False,2026-10-04 09:08:42
IDR,"Idaho Strategic Resources, Inc. Common Stock",A,,False,2026-10-04 09:08:42
IE,Ivanhoe Electric Inc. Common Stock,A,,False,2026-10-04 09:08:42
IGC,"IGC Pharma, Inc. Common Stock",A,,False,2026-10-04 09:08:42
IHT,InnSuites Hospitality Trust Shares of Beneficial Interest,A,,False,2026-10-04 09:08:42
IMO,Imperial Oil Limited Common Stock,A,,False,2026-10-04 09:08:42
INDO,Indonesia Energy Corporation Limited Ordinary Shares,A,,False,2026-10-04 09:08:42
INFU,"InfuSystems Holdings, Inc. Common Stock",A,,False,2026-10-04 09:08:42
INLX,"Intellinetics, Inc. Common Stock",A,,False,2026-10-04 09:08:42
INTT,inTest Corporation Common Stock,A,,False,2026-10-04 09:08:42
INUV,"Inuvo, Inc.",A,,False,2026-10-04 09:08:42
IOR,"Income Opportunity Realty Investors, Inc. Common Stock",A,,False,2026-10-04 09:08:42
ISD,"PGIM High Yield Bond Fund, Inc.",N,,False,2026-10-04 09:08:42
ISOU,IsoEnergy Ltd. Common Shares,A,,False,2026-10-04 09:08:42
ITP,"IT Tech Packaging, Inc. Common Stock",A,,False,2026-10-04 09:08:42
ITRG,Integra Resources Corp. Common Shares,A,,False,2026-10-04 09:08:42
ITUB,Itau Unibanco Banco Holding SA American Depositary Shares (Each repstg 500 Preferred shares),N,,False,2026-10-04 09:08:42
JAGU,Jaguar Uranium Corp. Class A Common Shares,A,,False,2026-10-04 09:08:42
JMG,JM Group Limited Ordinary Shares,A,,False,2026-10-04 09:08:42
JPC,Nuveen Preferred & Income Opportunities Fund,N,,False,2026-10-04 09:08:42
KKRS,KKR Group Finance Co. IX LLC 4.625% Subordinated Notes due 2061,N,,False,2026-10-04 09:08:42
KKRT,KKR & Co. Inc. 6.875% Subordinated Notes due 2065,N,,False,2026-10-04 09:08:42
KNOP,KNOT Offshore Partners LP Common Units representing Limited Partner Interests,N,,False,2026-10-04 09:08:42
KNRX,KNOREX LTD. Class A Ordinary Shares,A,,False,2026-10-04 09:08:42
KOF,"Coca Cola Femsa S.A.B. de C.V.  American Depositary Shares, each representing 10 Units (each Unit consists of 3 Series B Shares and 5 Series L Shares)",N,,False,2026-10-04 09:08:42
KRP,Kimbell Royalty Partners Common Units Representing Limited Partner Interests,N,,False,2026-10-04 09:08:42
KULR,"KULR Technology Group, Inc. Common Stock",A,,False,2026-10-04 09:08:42
LDP,"Cohen & Steers Limited Duration Preferred and Income Fund, Inc.",N,,False,2026-10-04 09:08:42
LEGO,Legato Merger Corp. IV Ordinary Shares,A,,False,2026-10-04 09:08:42
LEGT,Legato Merger Corp. III Ordinary Shares,A,,False,2026-10-04 09:08:42
LGCY,Legacy Education Inc. Common Stock,A,,False,2026-10-04 09:08:42
LGL,"LGL Group, Inc. (The) Common Stock",A,,False,2026-10-04 09:08:42
LGPS,LogProstyle Inc. Common Shares,A,,False,2026-10-04 09:08:42
LODE,Comstock Inc. Common Stock,A,,False,2026-10-04 09:08:42
LPA,Logistic Properties of the Americas Ordinary Shares,A,,False,2026-10-04 09:08:42
LSF,"Laird Superfood, Inc. Common Stock",A,,False,2026-10-04 09:08:42
MAIA,"MAIA Biotechnology, Inc. Common Stock",A,,False,2026-10-04 09:08:42
MANU,Manchester United Ltd. Class A Ordinary Shares,N,,False,2026-10-04 09:08:42
MFAN,"MFA Financial, Inc. 8.875% Senior Notes due 2029",N,,False,2026-10-04 09:08:42
MFAO,"MFA Financial, Inc. 9.000% Senior Notes due 2029",N,,False,2026-10-04 09:08:42
MGLD,"The Marygold Companies, Inc. Common Stock",A,,False,2026-10-04 09:08:42
MGRB,"Affiliated Managers Group, Inc. 4.750% Junior Subordinated Notes due 2060",N,,False,2026-10-04 09:08:42
MGRD,"Affiliated Managers Group, Inc. 4.200% Junior Subordinated Notes due 2061",N,,False,2026-10-04 09:08:42
MGRE,"Affiliated Managers Group, Inc. 6.750% Junior Subordinated Notes due 2064",N,,False,2026-10-04 09:08:42
MINE,Mayfair Gold Corp. Common Shares,A,,False,2026-10-04 09:08:42
MITN,"TPG Mortgage Investment Trust, Inc. 9.500% Senior Notes due 2029",N,,False,2026-10-04 09:08:42
MITP,"TPG Mortgage Investment Trust, Inc. 9.500% Senior Notes due 2029",N,,False,2026-10-04 09:08:42
MITQ,"Moving iMage Technologies, Inc. Common Stock",A,,False,2026-10-04 09:08:42
MLPB,"ETRACS Alerian MLP Infrastructure Index ETN Series B due April 2, 2040",P,,False,2026-10-04 09:08:42
MLSS,"Milestone Scientific, Inc. Common Stock",A,,False,2026-10-04 09:08:42
MMA,Mixed Martial Arts Group Limited Ordinary Shares,A,,False,2026-10-04 09:08:42
MNR,Mach Natural Resources LP Common Units representing Limited Partner Interests,N,,False,2026-10-04 09:08:42
MPLX,MPLX LP Common Units Representing Limited Partner Interests,N,,False,2026-10-04 09:08:42
MPTI,M,A,,False,2026-10-04 09:08:42
MRT,"Marti Technologies, Inc. Class A Ordinary Shares",A,,False,2026-10-04 09:08:42
MSN,Emerson Radio Corporation Common Stock,A,,False,2026-10-04 09:08:42
MTA,Metalla Royalty & Streaming Ltd. Common Shares,A,,False,2026-10-04 09:08:42
MTNB,"Matinas Biopharma Holdings, Inc. Common Stock",A,,False,2026-10-04 09:08:42
MVO,MV Oil Trust Units of Beneficial Interests,N,,False,2026-10-04 09:08:42
MWG,Multi Ways Holdings Limited Class A Ordinary Shares,A,,False,2026-10-04 09:08:42
MXC,Mexco Energy Corporation Common Stock,A,,False,2026-10-04 09:08:42
MYND,"Mynd.ai, Inc. American Depositary Shares",A,,False,2026-10-04 09:08:42
MYO,Myomo Inc. Common Stock,A,,False,2026-10-04 09:08:42
NAK,"Northern Dynasty Minerals, Ltd. Common Stock",A,,False,2026-10-04 09:08:42
NBH,Neuberger Municipal Fund Inc. Common Stock,A,,False,2026-10-04 09:08:42
NE-A,Noble Corporation plc Tranche 2 Warrants,N,,False,2026-10-04 09:08:42
NEN,New England Realty Associates Limited Partnership Class A Depositary Receipts Evidencing Units of Limited Partnership,A,,False,2026-10-04 09:08:42
NEWP,New Pacific Metals Corp. Common Shares,A,,False,2026-10-04 09:08:42
NFGC,New Found Gold Corp Common Shares,A,,False,2026-10-04 09:08:42
NG,Novagold Resources Inc.,A,,False,2026-10-04 09:08:42
NGL,NGL ENERGY PARTNERS LP Common Units representing Limited Partner Interests,N,,False,2026-10-04 09:08:42
NHC,National HealthCare Corporation Common Stock,A,,False,2026-10-04 09:08:42
NHS,Neuberger High Yield Strategies Fund Inc. Common Stock,A,,False,2026-10-04 09:08:42
NINE,"Nine Energy Service, Inc. Common Stock",A,,False,2026-10-04 09:08:42
NML,Neuberger Energy Infrastructure and Income Fund Inc. Common Stock,A,,False,2026-10-04 09:08:42
NMM,Navios Maritime Partners LP Common Units Representing Limited Partner Interests,N,,False,2026-10-04 09:08:42
NNVC,"NanoViricides, Inc. Common Stock",A,,False,2026-10-04 09:08:42
NPFD,Nuveen Variable Rate Preferred & Income Fund Common Shares,N,,False,2026-10-04 09:08:42
NRUC,National Rural Utilities Cooperative Finance Corporation 5.500% Subordinated Notes due 2064 (Subordinated Deferrable Interest Notes),N,,False,2026-10-04 09:08:42
NRXS,"Neuraxis, Inc. Common Stock",A,,False,2026-10-04 09:08:42
NSRX,Nasus Pharma Ltd. Ordinary Shares,A,,False,2026-10-04 09:08:42
NTIP,Network,A,,False,2026-10-04 09:08:42
OBE,Obsidian Energy Ltd. Common Shares,A,,False,2026-10-04 09:08:42
OGEN,Oragenics Inc. Common Stock,A,,False,2026-10-04 09:08:42
OPHC,"OptimumBank Holdings, Inc. Common Stock",A,,False,2026-10-04 09:08:42
OPTT,"Ocean Power Technologies, Inc. Common Stock",A,,False,2026-10-04 09:08:42
ORLA,Orla Mining Ltd. Common Shares,A,,False,2026-10-04 09:08:42
OSTX,OS Therapies Incorporated Common Stock,A,,False,2026-10-04 09:08:42
OZ,"Belpointe PREP, LLC Class A Units",A,,False,2026-10-04 09:08:42
PAPL,Pineapple Financial Inc. Common Stock,A,,False,2026-10-04 09:08:42
PBR-A,Petroleo Brasileiro S.A. Petrobras American Depositary Shares representing Preferred Shares,N,,False,2026-10-04 09:08:42
PDPA,Pearl Diver Credit Company Inc. 8.00% Series A Preferred Stock Due 2029,N,,False,2026-10-04 09:08:42
PED,Pedevco Corp. Common Stock,A,,False,2026-10-04 09:08:42
PFD,Flaherty & Crumrine Preferred and Income Fund Incorporated,N,,False,2026-10-04 09:08:42
PFFL,"ETRACS 2xMonthly Pay Leveraged Preferred Stock Index ETN due September 25, 2048",P,,False,2026-10-04 09:08:42
PFH,"Prudential Financial, Inc. 4.125% Junior Subordinated Notes due 2060",N,,False,2026-10-04 09:08:42
PFO,Flaherty & Crumrine Preferred and Income Opportunity Fund Incorporated,N,,False,2026-10-04 09:08:42
PHGE,BiomX Inc. COmmon Stock,A,,False,2026-10-04 09:08:42
PLAG,Planet Green Holdings Corp. Common Stock,A,,False,2026-10-04 09:08:42
PLG,Platinum Group Metals Ltd. Ordinary Shares (Canada),A,,False,2026-10-04 09:08:42
PLX,"Protalix BioTherapeutics, Inc. (DE) Common Stock",A,,False,2026-10-04 09:08:42
PMNT,Perfect Moment Ltd. Common Stock,A,,False,2026-10-04 09:08:42
PMTV,PennyMac Mortgage Investment Trust 9.00% Senior Notes due 2030,N,,False,2026-10-04 09:08:42
PMTW,PennyMac Mortgage Investment Trust 9.00% Senior Notes due 2030,N,,False,2026-10-04 09:08:42
POAS,Phaos Technology Holdings (Cayman) Limited Class A Ordinary Shares,A,,False,2026-10-04 09:08:42
PPLC,PPL Corporation Corporate Units,N,,False,2026-10-04 09:08:42
PRK,Park National Corporation Common Stock,A,,False,2026-10-04 09:08:42
PRS,"Prudential Financial, Inc. 5.625% Junior Subordinated Notes due 2058",N,,False,2026-10-04 09:08:42
PRT,PermRock Royalty Trust Units of Beneficial Interest,N,,False,2026-10-04 09:08:42
PSF,"Cohen & Steers Select Preferred and Income Fund, Inc. Common Stock",N,,False,2026-10-04 09:08:42
PTHS,Pelthos Therapeutics Inc. Common Stock,A,,False,2026-10-04 09:08:42
PVL,Permianville Royalty Trust Units of Beneficial Interest,N,,False,2026-10-04 09:08:42
PW,Power REIT (MD) Common Stock,A,,False,2026-10-04 09:08:42
PZG,Paramount Gold Nevada Corp. Common Stock,A,,False,2026-10-04 09:08:42
QNC,Quantum eMotion Corp. Common Shares,A,,False,2026-10-04 09:08:42
QVCC,"QVC, Inc. 6.250% Senior Secured Notes due 2068",N,,False,2026-10-04 09:08:42
QVCD,"QVC, Inc. 6.375% Senior Secured Notes due 2067",N,,False,2026-10-04 09:08:42
RCB,Ready Capital Corporation 6.20% Senior Notes due 2026,N,,False,2026-10-04 09:08:42
RCD,Ready Capital Corporation 9.00% Senior Notes due 2029,N,,False,2026-10-04 09:08:42
RCG,"RENN Fund, Inc Common Stock",A,,False,2026-10-04 09:08:42
REED,"Reed's, Inc. Common Stock",A,,False,2026-10-04 09:08:42
REI,"Ring Energy, Inc. Common Stock",A,,False,2026-10-04 09:08:42
REPX,"Riley Exploration Permian, Inc. Common Stock",A,,False,2026-10-04 09:08:42
RGNT,Regentis Biomaterials Ltd. Ordinary Shares,A,,False,2026-10-04 09:08:42
RLGT,"Radiant Logistics, Inc. Common Stock",A,,False,2026-10-04 09:08:42
RLX,"RLX Technology Inc. American Depositary Shares, each representing the right to receive one (1) Class A ordinary share",N,,False,2026-10-04 09:08:42
RNP,"Cohen & Steers REIT and Preferred and Income Fund, Inc. Common Shares",N,,False,2026-10-04 09:08:42
ROLR,"High Roller Technologies, Inc. Common Stock",A,,False,2026-10-04 09:08:42
RVP,"Retractable Technologies, Inc. Common Stock",A,,False,2026-10-04 09:08:42
RWTN,"Redwood Trust, Inc. 9.125% Senior Notes Due 2029",N,,False,2026-10-04 09:08:42
RWTO,"Redwood Trust, Inc. 9.00% Senior Notes Due 2029",N,,False,2026-10-04 09:08:42
RWTP,"Redwood Trust, Inc. 9.125% Senior Notes Due 2030",N,,False,2026-10-04 09:08:42
SACH,Sachem Capital Corp. Common Shares,A,,False,2026-10-04 09:08:42
SAJ,Saratoga Investment Corp 8.00% Notes due 2027,N,,False,2026-10-04 09:08:42
SAT,Saratoga Investment Corp 6.00% Notes due 2027,N,,False,2026-10-04 09:08:42
SAV,Saratoga Investment Corp 7.50% Notes due 2031,N,,False,2026-10-04 09:08:42
SAY,Saratoga Investment Corp 8.125% Notes due 2027,N,,False,2026-10-04 09:08:42
SAZ,Saratoga Investment Corp 8.50% Notes due 2028,N,,False,2026-10-04 09:08:42
SBEV,"Splash Beverage Group, Inc. (NV) Common Stock",A,,False,2026-10-04 09:08:42
SCCD,Sachem Capital Corp. 6.00% Notes due 2026,A,,False,2026-10-04 09:08:42
SCCF,Sachem Capital Corp. 7.125% Notes due 2027,A,,False,2026-10-04 09:08:42
SCCG,Sachem Capital Corp. 8.00% Notes due 2027,A,,False,2026-10-04 09:08:42
SEB,Seaboard Corporation Common Stock,A,,False,2026-10-04 09:08:42
SER,"Serina Therapeutics, Inc. Common Stock",A,,False,2026-10-04 09:08:42
SFB,Stifel Financial Corporation 5.20% Senior Notes due 2047,N,,False,2026-10-04 09:08:42
SIF,"SIFCO Industries, Inc. Common Stock",A,,False,2026-10-04 09:08:42
SIM,"Grupo Simec, S.A.B. de C.V. American Depositary Shares",A,,False,2026-10-04 09:08:42
SLI,Standard Lithium Ltd. Common Shares,A,,False,2026-10-04 09:08:42
SLND,"Southland Holdings, Inc. Common Stock",A,,False,2026-10-04 09:08:42
SLSR,Solaris Resources Inc. Common Shares,A,,False,2026-10-04 09:08:42
SMJF,SMJ International Holdings Inc. Class A Ordinary Shares,A,,False,2026-10-04 09:08:42
SOAR,"Volato Group, Inc. Class A Common Stock",A,,False,2026-10-04 09:08:42
SOJC,"Southern Company (The) Series 2017B 5.25% Junior Subordinated Notes due December 1, 2077",N,,False,2026-10-04 09:08:42
SOJF,"Southern Company (The) Series 2025A 6.50% Junior Subordinated Notes due March 15, 2085",N,,False,2026-10-04 09:08:42
SOMN,Southern Company (The) 2025 Series A Corporate Units,N,,False,2026-10-04 09:08:42
SPMA,"Sound Point Meridian Capital, Inc. 8.00% Series A Preferred Shares Due 2029",N,,False,2026-10-04 09:08:42
SPME,"Sound Point Meridian Capital, Inc. 7.875% Series B Preferred Shares due 2030",N,,False,2026-10-04 09:08:42
SRJN,Spire Inc. 6.375% Junior Subordinated Notes due 2086,N,,False,2026-10-04 09:08:42
STRW,"Strawberry Fields REIT, Inc. Common Stock",A,,False,2026-10-04 09:08:42
STXS,"Stereotaxis, Inc. Common Stock",A,,False,2026-10-04 09:08:42
SVM,Silvercorp Metals Inc. Common Shares,A,,False,2026-10-04 09:08:42
SYNX,Silynxcom Ltd. Ordinary Shares,A,,False,2026-10-04 09:08:42
TBB,AT&T Inc. 5.350% Global Notes due 2066,N,,False,2026-10-04 09:08:42
TCPA,TransCanada PipeLines Limited 6.250% Junior Subordinated Notes due 2085,N,,False,2026-10-04 09:08:42
TGB,"Taseko Mines, Ltd. Common Stock",A,,False,2026-10-04 09:08:42
THM,"International Tower Hill Mines, Ltd. Ordinary Shares (Canada)",A,,False,2026-10-04 09:08:42
TII,Titan Mining Corporation Common Shares,A,,False,2026-10-04 09:08:42
TMDE,TMD Energy Limited Ordinary Shares,A,,False,2026-10-04 09:08:42
TMP,Tompkins Financial Corporation Common Stock,A,,False,2026-10-04 09:08:42
TMQ,Trilogy Metals Inc. Common Stock,A,,False,2026-10-04 09:08:42
TOON,"Kartoon Studios, Inc. Common Stock",A,,False,2026-10-04 09:08:42
TOPP,Toppoint Holdings Inc. Common Stock,A,,False,2026-10-04 09:08:42
TOVX,"Theriva Biologics, Inc. Common Stock",A,,False,2026-10-04 09:08:42
TPET,Trio Petroleum Corp. Common Stock,A,,False,2026-10-04 09:08:42
TRT,Trio,A,,False,2026-10-04 09:08:42
TRX,TRX Gold Corporation Common Stock,A,,False,2026-10-04 09:08:42
TWOD,Two Harbors Investments Corp 9.375% Senior Notes due 2030,N,,False,2026-10-04 09:08:42
UAC,United Acquisition Corp. I Class A Ordinary Shares,A,,False,2026-10-04 09:08:42
UAN,"CVR Partners, LP Common Units representing Limited Partner Interests",N,,False,2026-10-04 09:08:42
UAVS,"AgEagle Aerial Systems, Inc. Common Stock",A,,False,2026-10-04 09:08:42
UCIB,"ETRACS UBS Bloomberg Constant Maturity Commodity Index (CMCI) Total Return ETN Series B due April 5, 2038",P,,False,2026-10-04 09:08:42
UEC,Uranium Energy Corp. Common Stock,A,,False,2026-10-04 09:08:42
UMAC,"Unusual Machines, Inc. Common Stock",A,,False,2026-10-04 09:08:42
UNMA,Unum Group 6.250% Junior Subordinated Notes due 2058,N,,False,2026-10-04 09:08:42
URG,Ur Energy Inc Common Shares (Canada),A,,False,2026-10-04 09:08:42
USAC,"USA Compression Partners, LP Common Units Representing Limited Partner Interests",N,,False,2026-10-04 09:08:42
USAS,"Americas Gold and Silver Corporation Common Shares, no par value",A,,False,2026-10-04 09:08:42
USBC,"USBC, Inc. Common Stock",A,,False,2026-10-04 09:08:42
UTG,Reaves Utility Income Fund Common Shares of Beneficial Interest,A,,False,2026-10-04 09:08:42
UUU,"Universal Safety Products, Inc. Common Stock",A,,False,2026-10-04 09:08:42
UUUU,Energy Fuels Inc Ordinary Shares (Canada),A,,False,2026-10-04 09:08:42
UZD,"Array Digital Infrastructure, Inc. 6.250% Senior Notes due 2069",N,,False,2026-10-04 09:08:42
UZE,"Array Digital Infrastructure, Inc. 5.500% Senior Notes due 2070",N,,False,2026-10-04 09:08:42
UZF,"Array Digital Infrastructure, Inc. 5.500% Senior Notes due 2070",N,,False,2026-10-04 09:08:42
VBF,Invesco Bond Fund Common Stock,N,,False,2026-10-04 09:08:42
VENU,Venu Holding Corporation Common Stock,A,,False,2026-10-04 09:08:42
VFL,abrdn National Municipal Income Fund Common Stock,A,,False,2026-10-04 09:08:42
VGZ,Vista Gold Corp Common Stock,A,,False,2026-10-04 09:08:42
VKI,Invesco Advantage Municipal Income Trust II Common Shares of Beneficial Interest (DE),A,,False,2026-10-04 09:08:42
VNRX,VolitionRX Limited Common Stock,A,,False,2026-10-04 09:08:42
VNTG,Vantage Corp Class A Ordinary Shares,A,,False,2026-10-04 09:08:42
VOC,VOC Energy Trust Units of Beneficial Interest,N,,False,2026-10-04 09:08:42
VTAK,"Catheter Precision, Inc. Common Stock",A,,False,2026-10-04 09:08:42
VZLA,Vizsla Silver Corp. Common Shares,A,,False,2026-10-04 09:08:42
WDH,Waterdrop Inc. American Depositary Shares (each representing the right to receive 10 Class A Ordinary Shares),N,,False,2026-10-04 09:08:42
WES,"Western Midstream Partners, LP Common Units Representing Limited Partner Interests",N,,False,2026-10-04 09:08:42
WLKP,Westlake Chemical Partners LP Common Units representing limited partner interests,N,,False,2026-10-04 09:08:42
WWR,"Westwater Resources, Inc. Common Stock",A,,False,2026-10-04 09:08:42
WYY,WidePoint Corporation Common Stock,A,,False,2026-10-04 09:08:42
XPL,Solitario Resources Corp. Common Stock,A,,False,2026-10-04 09:08:42
XTNT,"Xtant Medical Holdings, Inc. Common Stock",A,,False,2026-10-04 09:08:42
YCBD,"cbdMD, Inc. Common Stock",A,,False,2026-10-04 09:08:42
ZDGE,"Zedge, Inc. Class B Common Stock",A,,False,2026-10-04 09:08:42
ZONE,CleanCore Solutions Inc. Class B Common Stock,A,,False,2026-10-04 09:08:42
